month,SWML_in_gross,WML_in_gross,WML_all_gross,WML_all_turnover,SWML_in_net,WML_in_net,WML_all_net,SWML_in_net_strict,WML_in_net_strict,WML_all_net_strict
2007-01,-0.000542,0.002449,0.012372,2.000000,-0.004542,-0.001551,0.010372,-0.008542,-0.005551,0.008372
2007-02,-0.012008,-0.004727,0.002159,1.270833,-0.016008,-0.008727,0.000888,-0.020008,-0.012727,-0.000383
2007-03,0.008308,0.011757,0.022499,1.340206,0.004308,0.007757,0.021159,0.000308,0.003757,0.019819
2007-04,-0.010128,-0.008720,-0.019336,1.257732,-0.014128,-0.012720,-0.020594,-0.018128,-0.016720,-0.021852
2007-05,-0.045982,-0.026612,0.016982,1.237113,-0.049982,-0.030612,0.015745,-0.053982,-0.034612,0.014508
2007-06,0.006817,0.009467,0.044245,1.278351,0.002817,0.005467,0.042966,-0.001183,0.001467,0.041688
2007-07,0.046007,-0.006873,0.071132,1.237113,0.042007,-0.010873,0.069895,0.038007,-0.014873,0.068658
2007-08,0.057909,0.068791,0.031502,1.463918,0.053909,0.064791,0.030038,0.049909,0.060791,0.028574
2007-09,0.059219,0.043604,0.079055,1.319588,0.055219,0.039604,0.077736,0.051219,0.035604,0.076416
2007-10,-0.011674,0.011898,0.073459,1.278351,-0.015674,0.007898,0.072181,-0.019674,0.003898,0.070903
2007-11,0.082589,0.069324,0.037527,0.845361,0.078589,0.065324,0.036682,0.074589,0.061324,0.035836
2007-12,0.013534,0.012546,0.066208,0.989691,0.009534,0.008546,0.065218,0.005534,0.004546,0.064228
2008-01,-0.097471,-0.068922,-0.151447,0.824742,-0.101471,-0.072922,-0.152272,-0.105471,-0.076922,-0.153097
2008-02,0.006363,0.007885,0.143161,1.010309,0.002363,0.003885,0.142151,-0.001637,-0.000115,0.141140
2008-03,-0.075543,-0.075125,0.069450,1.204082,-0.079543,-0.079125,0.068246,-0.083543,-0.083125,0.067042
2008-04,-0.033107,-0.027095,0.048791,1.040816,-0.037107,-0.031095,0.047750,-0.041107,-0.035095,0.046709
2008-05,0.062411,0.052341,0.090328,0.959184,0.058411,0.048341,0.089369,0.054411,0.044341,0.088410
2008-06,0.091194,0.086119,0.220603,0.816327,0.087194,0.082119,0.219786,0.083194,0.078119,0.218970
2008-07,-0.038765,-0.032434,-0.130158,0.938776,-0.042765,-0.036434,-0.131097,-0.046765,-0.040434,-0.132036
2008-08,0.120482,0.118236,-0.110569,0.994640,0.116482,0.114236,-0.111563,0.112482,0.110236,-0.112558
2008-09,0.024778,0.023323,-0.068803,1.070707,0.020778,0.019323,-0.069873,0.016778,0.015323,-0.070944
2008-10,0.059930,0.068087,0.033783,0.989899,0.055930,0.064087,0.032794,0.051930,0.060087,0.031804
2008-11,0.064034,0.081986,0.056921,1.555556,0.060034,0.077986,0.055365,0.056034,0.073986,0.053810
2008-12,0.026234,0.025269,-0.144320,1.595960,0.022234,0.021269,-0.145916,0.018234,0.017269,-0.147512
2009-01,0.013169,0.009238,0.032125,1.373737,0.009169,0.005238,0.030751,0.005169,0.001238,0.029378
2009-02,0.132046,0.135402,0.107771,1.212121,0.128046,0.131402,0.106559,0.124046,0.127402,0.105347
2009-03,-0.077525,-0.082859,-0.089025,1.489796,-0.081525,-0.086859,-0.090515,-0.085525,-0.090859,-0.092005
2009-04,-0.132843,-0.075631,-0.434305,1.285714,-0.136843,-0.079631,-0.435590,-0.140843,-0.083631,-0.436876
2009-05,,-0.017206,-0.152896,1.272727,,-0.021206,-0.154168,,-0.025206,-0.155441
2009-06,0.073360,0.077898,0.073931,1.494949,0.069360,0.073898,0.072436,0.065360,0.069898,0.070941
2009-07,-0.106967,-0.077464,-0.075508,1.171717,-0.110967,-0.081464,-0.076680,-0.114967,-0.085464,-0.077852
2009-08,-0.045885,-0.042017,-0.116599,1.010101,-0.049885,-0.046017,-0.117609,-0.053885,-0.050017,-0.118619
2009-09,0.029763,0.029833,-0.065149,1.090909,0.025763,0.025833,-0.066240,0.021763,0.021833,-0.067331
2009-10,0.016669,0.016064,0.010699,1.515152,0.012669,0.012064,0.009184,0.008669,0.008064,0.007669
2009-11,,-0.013754,0.025298,2.202020,,-0.017754,0.023096,,-0.021754,0.020894
2009-12,0.029777,0.024840,0.046593,1.797980,0.025777,0.020840,0.044795,0.021777,0.016840,0.042997
2010-01,,-0.042637,-0.065439,1.474747,,-0.046637,-0.066913,,-0.050637,-0.068388
2010-02,,0.016563,0.051572,1.515152,,0.012563,0.050057,,0.008563,0.048541
2010-03,,0.001339,0.055638,1.494949,,-0.002661,0.054143,,-0.006661,0.052648
2010-04,,0.036618,0.015630,1.191919,,0.032618,0.014438,,0.028618,0.013246
2010-05,,-0.040063,-0.007700,1.434343,,-0.044063,-0.009135,,-0.048063,-0.010569
2010-06,,-0.034930,-0.063773,1.656566,,-0.038930,-0.065429,,-0.042930,-0.067086
2010-07,0.090848,0.058963,0.045806,1.111111,0.086848,0.054963,0.044695,0.082848,0.050963,0.043584
2010-08,-0.017195,-0.014257,-0.005705,1.272727,-0.021195,-0.018257,-0.006978,-0.025195,-0.022257,-0.008250
2010-09,0.006970,-0.003844,-0.011283,1.333333,0.002970,-0.007844,-0.012616,-0.001030,-0.011844,-0.013950
2010-10,0.013135,0.007059,0.025723,1.353535,0.009135,0.003059,0.024370,0.005135,-0.000941,0.023016
2010-11,0.032070,0.030215,0.048709,1.252525,0.028070,0.026215,0.047457,0.024070,0.022215,0.046204
2010-12,-0.012694,-0.011236,-0.046870,1.408163,-0.016694,-0.015236,-0.048278,-0.020694,-0.019236,-0.049686
2011-01,-0.032448,-0.029963,-0.025483,1.116265,-0.036448,-0.033963,-0.026599,-0.040448,-0.037963,-0.027715
2011-02,-0.013509,-0.015365,0.029228,1.156875,-0.017509,-0.019365,0.028071,-0.021509,-0.023365,0.026914
2011-03,0.025583,0.021084,0.038519,1.183673,0.021583,0.017084,0.037336,0.017583,0.013084,0.036152
2011-04,0.031964,0.029581,0.012186,1.387755,0.027964,0.025581,0.010798,0.023964,0.021581,0.009411
2011-05,0.057412,0.029395,-0.013926,1.148117,0.053412,0.025395,-0.015074,0.049412,0.021395,-0.016223
2011-06,,0.036952,0.043523,1.148538,,0.032952,0.042374,,0.028952,0.041225
2011-07,,0.013367,0.030001,1.154639,,0.009367,0.028846,,0.005367,0.027692
2011-08,-0.013742,-0.016964,0.006000,1.092784,-0.017742,-0.020964,0.004908,-0.021742,-0.024964,0.003815
2011-09,-0.036466,-0.033472,-0.034097,1.163265,-0.040466,-0.037472,-0.035260,-0.044466,-0.041472,-0.036424
2011-10,-0.020275,-0.025248,0.022435,1.244898,-0.024275,-0.029248,0.021190,-0.028275,-0.033248,0.019945
2011-11,0.021106,0.021762,-0.023025,1.219130,0.017106,0.017762,-0.024244,0.013106,0.013762,-0.025463
2011-12,-0.004602,0.000567,0.009202,1.258503,-0.008602,-0.003433,0.007944,-0.012602,-0.007433,0.006685
2012-01,-0.051611,-0.048031,-0.055306,1.081633,-0.055611,-0.052031,-0.056388,-0.059611,-0.056031,-0.057469
2012-02,-0.025285,-0.017542,-0.007056,1.224490,-0.029285,-0.021542,-0.008281,-0.033285,-0.025542,-0.009505
2012-03,0.032413,0.034027,0.046663,1.061224,0.028413,0.030027,0.045602,0.024413,0.026027,0.044541
2012-04,-0.002890,-0.005191,0.042780,1.122449,-0.006890,-0.009191,0.041658,-0.010890,-0.013191,0.040535
2012-05,0.007199,0.006625,0.076065,1.081633,0.003199,0.002625,0.074983,-0.000801,-0.001375,0.073902
2012-06,0.021504,0.024412,-0.027521,1.081633,0.017504,0.020412,-0.028603,0.013504,0.016412,-0.029684
2012-07,0.024127,0.020980,0.049565,1.081633,0.020127,0.016980,0.048483,0.016127,0.012980,0.047402
2012-08,0.012875,0.018394,0.009538,1.151515,0.008875,0.014394,0.008387,0.004875,0.010394,0.007235
2012-09,0.040420,0.044065,-0.030706,1.212121,0.036420,0.040065,-0.031918,0.032420,0.036065,-0.033130
2012-10,-0.002442,0.001986,0.030291,1.306122,-0.006442,-0.002014,0.028985,-0.010442,-0.006014,0.027679
2012-11,0.022688,0.026555,0.037047,1.122449,0.018688,0.022555,0.035924,0.014688,0.018555,0.034802
2012-12,0.021226,0.019655,-0.031200,1.244898,0.017226,0.015655,-0.032445,0.013226,0.011655,-0.033690
2013-01,-0.000557,0.005116,-0.001765,1.265306,-0.004557,0.001116,-0.003030,-0.008557,-0.002884,-0.004295
2013-02,0.005204,0.006707,0.046771,0.897959,0.001204,0.002707,0.045873,-0.002796,-0.001293,0.044975
2013-03,0.009797,0.009439,0.012672,1.102041,0.005797,0.005439,0.011570,0.001797,0.001439,0.010468
2013-04,0.018069,0.018044,0.019404,1.061224,0.014069,0.014044,0.018343,0.010069,0.010044,0.017281
2013-05,-0.030042,-0.006549,-0.006533,1.142857,-0.034042,-0.010549,-0.007676,-0.038042,-0.014549,-0.008819
2013-06,0.021589,-0.004572,0.014238,1.163265,0.017589,-0.008572,0.013075,0.013589,-0.012572,0.011912
2013-07,-0.026162,-0.013754,0.021790,1.122449,-0.030162,-0.017754,0.020668,-0.034162,-0.021754,0.019545
2013-08,0.000636,0.008930,0.006899,1.204082,-0.003364,0.004930,0.005695,-0.007364,0.000930,0.004491
2013-09,0.019503,0.023261,0.090276,1.000000,0.015503,0.019261,0.089276,0.011503,0.015261,0.088276
2013-10,-0.039880,-0.017354,0.017699,0.816327,-0.043880,-0.021354,0.016883,-0.047880,-0.025354,0.016066
2013-11,0.059501,0.010988,0.036328,1.040816,0.055501,0.006988,0.035288,0.051501,0.002988,0.034247
2013-12,0.006846,-0.000094,0.013821,0.959184,0.002846,-0.004094,0.012862,-0.001154,-0.008094,0.011903
2014-01,-0.041784,-0.034458,0.009265,0.918367,-0.045784,-0.038458,0.008347,-0.049784,-0.042458,0.007429
2014-02,0.024351,0.021598,0.010594,0.938776,0.020351,0.017598,0.009655,0.016351,0.013598,0.008717
2014-03,-0.019644,-0.017865,-0.039938,1.000000,-0.023644,-0.021865,-0.040938,-0.027644,-0.025865,-0.041938
2014-04,0.033081,0.024517,-0.112447,1.061224,0.029081,0.020517,-0.113508,0.025081,0.016517,-0.114570
2014-05,0.025164,0.017950,0.017733,1.061224,0.021164,0.013950,0.016672,0.017164,0.009950,0.015611
2014-06,-0.000228,-0.008181,0.016584,1.285714,-0.004228,-0.012181,0.015298,-0.008228,-0.016181,0.014013
2014-07,0.012547,0.003556,-0.027560,0.959184,0.008547,-0.000444,-0.028519,0.004547,-0.004444,-0.029478
2014-08,0.005474,0.005507,0.044252,1.265306,0.001474,0.001507,0.042986,-0.002526,-0.002493,0.041721
2014-09,0.015855,0.012677,0.025508,1.163265,0.011855,0.008677,0.024345,0.007855,0.004677,0.023182
2014-10,0.025041,0.018080,-0.021368,0.989691,0.021041,0.014080,-0.022357,0.017041,0.010080,-0.023347
2014-11,0.003506,-0.004285,0.033197,1.045866,-0.000494,-0.008285,0.032151,-0.004494,-0.012285,0.031105
2014-12,-0.001941,-0.016979,0.025658,1.163265,-0.005941,-0.020979,0.024494,-0.009941,-0.024979,0.023331
2015-01,0.009336,0.001299,0.076643,1.061224,0.005336,-0.002701,0.075582,0.001336,-0.006701,0.074520
2015-02,0.011364,0.012744,-0.027614,1.265306,0.007364,0.008744,-0.028879,0.003364,0.004744,-0.030145
2015-03,-0.044631,-0.043819,0.062760,1.081633,-0.048631,-0.047819,0.061679,-0.052631,-0.051819,0.060597
2015-04,0.032115,0.024208,-0.138727,1.142857,0.028115,0.020208,-0.139870,0.024115,0.016208,-0.141013
2015-05,0.025910,0.028407,0.147703,0.795918,0.021910,0.024407,0.146907,0.017910,0.020407,0.146111
2015-06,0.025349,0.022281,0.050310,0.857143,0.021349,0.018281,0.049453,0.017349,0.014281,0.048596
2015-07,0.050220,0.040007,0.175260,0.897959,0.046220,0.036007,0.174362,0.042220,0.032007,0.173464
2015-08,0.012200,0.018911,-0.048333,0.836735,0.008200,0.014911,-0.049169,0.004200,0.010911,-0.050006
2015-09,0.063483,0.052306,0.051657,0.964864,0.059483,0.048306,0.050692,0.055483,0.044306,0.049727
2015-10,0.034707,0.035450,-0.080639,1.040816,0.030707,0.031450,-0.081680,0.026707,0.027450,-0.082720
2015-11,0.033505,0.045034,0.058292,0.979592,0.029505,0.041034,0.057313,0.025505,0.037034,0.056333
2015-12,-0.048542,-0.048291,0.030330,1.367347,-0.052542,-0.052291,0.028962,-0.056542,-0.056291,0.027595
2016-01,0.007693,0.001679,0.002381,1.163265,0.003693,-0.002321,0.001218,-0.000307,-0.006321,0.000055
2016-02,-0.010081,-0.003465,-0.032926,1.122449,-0.014081,-0.007465,-0.034049,-0.018081,-0.011465,-0.035171
2016-03,0.010391,0.003679,-0.065355,1.503608,0.006391,-0.000321,-0.066859,0.002391,-0.004321,-0.068362
2016-04,-0.063613,-0.056073,-0.127415,1.421563,-0.067613,-0.060073,-0.128836,-0.071613,-0.064073,-0.130258
2016-05,-0.025061,-0.015512,0.040413,1.076685,-0.029061,-0.019512,0.039337,-0.033061,-0.023512,0.038260
2016-06,0.004965,0.004783,0.064887,1.292929,0.000965,0.000783,0.063594,-0.003035,-0.003217,0.062301
2016-07,-0.009639,-0.013236,-0.024869,1.111111,-0.013639,-0.017236,-0.025980,-0.017639,-0.021236,-0.027091
2016-08,-0.016165,-0.016668,-0.064522,1.292929,-0.020165,-0.020668,-0.065815,-0.024165,-0.024668,-0.067108
2016-09,0.005218,0.004847,-0.027104,1.151515,0.001218,0.000847,-0.028256,-0.002782,-0.003153,-0.029407
2016-10,0.001082,0.000754,0.018194,1.373737,-0.002918,-0.003246,0.016820,-0.006918,-0.007246,0.015447
2016-11,0.024557,0.019013,-0.009325,1.171717,0.020557,0.015013,-0.010496,0.016557,0.011013,-0.011668
2016-12,0.010970,0.007911,0.001919,1.191919,0.006970,0.003911,0.000727,0.002970,-0.000089,-0.000465
2017-01,0.025273,0.023045,0.009466,1.454545,0.021273,0.019045,0.008011,0.017273,0.015045,0.006557
2017-02,-0.018979,-0.013882,-0.011468,1.212121,-0.022979,-0.017882,-0.012680,-0.026979,-0.021882,-0.013892
2017-03,-0.016234,-0.009664,-0.003740,1.272727,-0.020234,-0.013664,-0.005012,-0.024234,-0.017664,-0.006285
2017-04,0.025760,0.013123,-0.016451,1.097712,0.021760,0.009123,-0.017548,0.017760,0.005123,-0.018646
2017-05,0.007486,-0.003943,0.057257,1.265306,0.003486,-0.007943,0.055992,-0.000514,-0.011943,0.054727
2017-06,0.000515,0.017000,-0.012455,0.938776,-0.003485,0.013000,-0.013394,-0.007485,0.009000,-0.014333
2017-07,-0.001014,-0.003549,0.035171,1.204082,-0.005014,-0.007549,0.033967,-0.009014,-0.011549,0.032763
2017-08,-0.001198,-0.001230,0.058696,0.959184,-0.005198,-0.005230,0.057737,-0.009198,-0.009230,0.056778
2017-09,-0.015234,-0.014697,-0.010266,1.122449,-0.019234,-0.018697,-0.011389,-0.023234,-0.022697,-0.012511
2017-10,0.032743,0.029684,0.065857,1.224490,0.028743,0.025684,0.064633,0.024743,0.021684,0.063408
2017-11,0.014989,0.011763,-0.054422,1.142857,0.010989,0.007763,-0.055564,0.006989,0.003763,-0.056707
2017-12,-0.028039,-0.022106,-0.052831,1.040816,-0.032039,-0.026106,-0.053871,-0.036039,-0.030106,-0.054912
2018-01,0.019725,0.031118,0.097771,1.081633,0.015725,0.027118,0.096689,0.011725,0.023118,0.095608
2018-02,0.006843,0.005028,0.017352,0.959184,0.002843,0.001028,0.016393,-0.001157,-0.002972,0.015434
2018-03,-0.002766,-0.006338,-0.007969,1.183673,-0.006766,-0.010338,-0.009152,-0.010766,-0.014338,-0.010336
2018-04,0.002386,-0.001323,-0.012876,1.081633,-0.001614,-0.005323,-0.013957,-0.005614,-0.009323,-0.015039
2018-05,0.016390,0.016075,0.055827,0.959184,0.012390,0.012075,0.054868,0.008390,0.008075,0.053909
2018-06,-0.045534,-0.032709,-0.045815,1.285714,-0.049534,-0.036709,-0.047101,-0.053534,-0.040709,-0.048386
2018-07,0.010054,0.009199,-0.011719,1.102041,0.006054,0.005199,-0.012821,0.002054,0.001199,-0.013923
2018-08,0.043399,0.037168,0.100130,1.051546,0.039399,0.033168,0.099078,0.035399,0.029168,0.098027
2018-09,-0.022452,-0.020913,0.002463,0.948454,-0.026452,-0.024913,0.001514,-0.030452,-0.028913,0.000566
2018-10,-0.002567,-0.002540,-0.036709,1.134021,-0.006567,-0.006540,-0.037843,-0.010567,-0.010540,-0.038977
2018-11,-0.039259,-0.037544,-0.056637,1.010309,-0.043259,-0.041544,-0.057647,-0.047259,-0.045544,-0.058657
2018-12,-0.029869,-0.036034,0.026383,1.134021,-0.033869,-0.040034,0.025249,-0.037869,-0.044034,0.024115
2019-01,0.001826,-0.002126,-0.048522,1.319588,-0.002174,-0.006126,-0.049842,-0.006174,-0.010126,-0.051161
2019-02,-0.010134,-0.018710,-0.004815,1.051546,-0.014134,-0.022710,-0.005866,-0.018134,-0.026710,-0.006918
2019-03,0.033324,0.027111,0.016982,1.066064,0.029324,0.023111,0.015916,0.025324,0.019111,0.014850
2019-04,-0.007226,-0.004976,-0.015988,1.107301,-0.011226,-0.008976,-0.017095,-0.015226,-0.012976,-0.018203
2019-05,0.052533,0.049052,0.144328,1.030928,0.048533,0.045052,0.143297,0.044533,0.041052,0.142266
2019-06,-0.020245,-0.019197,-0.028056,1.340206,-0.024245,-0.023197,-0.029396,-0.028245,-0.027197,-0.030736
2019-07,-0.010880,-0.010919,0.068617,1.134021,-0.014880,-0.014919,0.067483,-0.018880,-0.018919,0.066349
2019-08,0.019286,0.013147,0.110902,0.989691,0.015286,0.009147,0.109913,0.011286,0.005147,0.108923
2019-09,0.067532,0.065469,-0.152928,1.154639,0.063532,0.061469,-0.154082,0.059532,0.057469,-0.155237
2019-10,-0.057295,-0.044502,0.020563,1.175258,-0.061295,-0.048502,0.019388,-0.065295,-0.052502,0.018213
2019-11,0.013985,0.009214,0.013911,1.231643,0.009985,0.005214,0.012680,0.005985,0.001214,0.011448
2019-12,-0.016733,-0.015619,-0.060655,1.046707,-0.020733,-0.019619,-0.061702,-0.024733,-0.023619,-0.062749
2020-01,0.065191,0.060668,0.108514,1.278351,0.061191,0.056668,0.107236,0.057191,0.052668,0.105957
2020-02,0.000900,0.002302,0.062590,1.216495,-0.003100,-0.001698,0.061374,-0.007100,-0.005698,0.060157
2020-03,-0.003492,-0.021841,0.180507,1.175258,-0.007492,-0.025841,0.179332,-0.011492,-0.029841,0.178157
2020-04,-0.040841,-0.038837,-0.109950,1.134021,-0.044841,-0.042837,-0.111084,-0.048841,-0.046837,-0.112218
2020-05,-0.102182,-0.108275,0.088784,1.587629,-0.106182,-0.112275,0.087197,-0.110182,-0.116275,0.085609
2020-06,0.135686,0.137470,-0.018184,1.195876,0.131686,0.133470,-0.019380,0.127686,0.129470,-0.020576
2020-07,0.013716,0.020876,0.149568,0.886598,0.009716,0.016876,0.148681,0.005716,0.012876,0.147794
2020-08,-0.001474,-0.005265,-0.064381,0.948454,-0.005474,-0.009265,-0.065330,-0.009474,-0.013265,-0.066278
2020-09,0.101145,0.097073,0.119035,1.298969,0.097145,0.093073,0.117736,0.093145,0.089073,0.116437
2020-10,-0.061840,-0.061720,-0.046125,1.062500,-0.065840,-0.065720,-0.047187,-0.069840,-0.069720,-0.048250
2020-11,-0.015996,-0.022870,-0.094621,0.979167,-0.019996,-0.026870,-0.095600,-0.023996,-0.030870,-0.096580
2020-12,0.090267,0.089438,-0.008119,0.916667,0.086267,0.085438,-0.009035,0.082267,0.081438,-0.009952
2021-01,0.084140,0.078864,0.214424,0.854167,0.080140,0.074864,0.213570,0.076140,0.070864,0.212716
2021-02,-0.120430,-0.147804,-0.109502,1.115789,-0.124430,-0.151804,-0.110618,-0.128430,-0.155804,-0.111734
2021-03,,-0.075675,-0.086767,1.170213,,-0.079675,-0.087938,,-0.083675,-0.089108
2021-04,,0.056882,-0.061146,1.942119,,0.052882,-0.063088,,0.048882,-0.065030
2021-05,,0.023487,-0.048638,1.021277,,0.019487,-0.049660,,0.015487,-0.050681
2021-06,,0.050367,0.110209,1.094737,,0.046367,0.109114,,0.042367,0.108019
2021-07,0.045657,0.065030,-0.056212,1.136842,0.041657,0.061030,-0.057349,0.037657,0.057030,-0.058486
2021-08,,0.059338,0.024916,1.148936,,0.055338,0.023767,,0.051338,0.022618
2021-09,,0.027826,0.001729,1.297872,,0.023826,0.000431,,0.019826,-0.000867
2021-10,0.027658,0.019901,0.054021,1.148936,0.023658,0.015901,0.052872,0.019658,0.011901,0.051723
2021-11,0.069416,0.015923,0.035947,1.191489,0.065416,0.011923,0.034756,0.061416,0.007923,0.033564
2021-12,0.035852,0.046531,-0.052740,1.282315,0.031852,0.042531,-0.054022,0.027852,0.038531,-0.055305
2022-01,0.014355,0.000497,0.029226,1.311828,0.010355,-0.003503,0.027914,0.006355,-0.007503,0.026602
2022-02,0.068433,0.059634,0.060943,1.382979,0.064433,0.055634,0.059560,0.060433,0.051634,0.058177
2022-03,-0.006130,-0.007007,0.052128,1.221053,-0.010130,-0.011007,0.050907,-0.014130,-0.015007,0.049685
2022-04,0.011766,0.009087,0.126333,1.223797,0.007766,0.005087,0.125109,0.003766,0.001087,0.123885
2022-05,0.051514,0.050304,0.097017,1.030928,0.047514,0.046304,0.095986,0.043514,0.042304,0.094955
2022-06,-0.173935,-0.171651,-0.015300,1.010309,-0.177935,-0.175651,-0.016311,-0.181935,-0.179651,-0.017321
2022-07,0.021315,0.017329,-0.050955,1.030928,0.017315,0.013329,-0.051986,0.013315,0.009329,-0.053017
2022-08,0.132006,0.119336,0.070436,0.877551,0.128006,0.115336,0.069559,0.124006,0.111336,0.068681
2022-09,0.004008,0.000920,0.008547,0.775510,0.000008,-0.003080,0.007771,-0.003992,-0.007080,0.006996
2022-10,-0.022149,-0.009255,0.050429,0.934653,-0.026149,-0.013255,0.049494,-0.030149,-0.017255,0.048559
2022-11,0.091057,0.077083,-0.018408,1.010101,0.087057,0.073083,-0.019418,0.083057,0.069083,-0.020428
2022-12,0.068467,0.076223,0.054903,1.050505,0.064467,0.072223,0.053852,0.060467,0.068223,0.052802
2023-01,-0.031743,-0.026948,-0.181588,0.828283,-0.035743,-0.030948,-0.182416,-0.039743,-0.034948,-0.183245
2023-02,-0.007390,-0.014598,0.021496,1.050505,-0.011390,-0.018598,0.020445,-0.015390,-0.022598,0.019395
2023-03,0.039184,0.041110,0.024584,1.191919,0.035184,0.037110,0.023392,0.031184,0.033110,0.022200
2023-04,0.056456,0.053144,0.064907,1.333333,0.052456,0.049144,0.063574,0.048456,0.045144,0.062241
2023-05,-0.054779,-0.050222,0.028665,1.535354,-0.058779,-0.054222,0.027130,-0.062779,-0.058222,0.025594
2023-06,0.031252,0.028580,-0.041332,1.252525,0.027252,0.024580,-0.042584,0.023252,0.020580,-0.043837
2023-07,-0.062730,-0.069408,-0.097057,1.414141,-0.066730,-0.073408,-0.098471,-0.070730,-0.077408,-0.099885
2023-08,0.028193,0.027845,0.030633,1.151515,0.024193,0.023845,0.029481,0.020193,0.019845,0.028330
2023-09,0.002888,-0.001747,0.000640,1.292929,-0.001112,-0.005747,-0.000653,-0.005112,-0.009747,-0.001946
2023-10,0.002511,0.007684,-0.001235,1.272727,-0.001489,0.003684,-0.002508,-0.005489,-0.000316,-0.003780
2023-11,0.016047,0.018431,0.045982,1.090909,0.012047,0.014431,0.044892,0.008047,0.010431,0.043801
2023-12,0.008740,0.012283,-0.068514,1.252525,0.004740,0.008283,-0.069767,0.000740,0.004283,-0.071019
2024-01,0.011475,0.004520,0.067963,1.373737,0.007475,0.000520,0.066589,0.003475,-0.003480,0.065215
2024-02,0.010175,-0.007754,0.134605,1.010101,0.006175,-0.011754,0.133595,0.002175,-0.015754,0.132585
2024-03,0.022284,0.023250,0.001904,1.070707,0.018284,0.019250,0.000833,0.014284,0.015250,-0.000237
2024-04,-0.024947,-0.021588,-0.022715,1.333333,-0.028947,-0.025588,-0.024049,-0.032947,-0.029588,-0.025382
2024-05,0.047213,0.035733,-0.006189,0.989899,0.043213,0.031733,-0.007179,0.039213,0.027733,-0.008169
2024-06,0.013937,0.009375,0.009859,1.474747,0.009937,0.005375,0.008385,0.005937,0.001375,0.006910
2024-07,0.009975,0.014670,-0.002596,1.474747,0.005975,0.010670,-0.004071,0.001975,0.006670,-0.005546
2024-08,0.004185,0.002734,0.075001,1.272727,0.000185,-0.001266,0.073728,-0.003815,-0.005266,0.072456
2024-09,0.070461,0.065636,0.036289,1.198103,0.066461,0.061636,0.035091,0.062461,0.057636,0.033893
2024-10,0.004779,0.001539,0.018346,1.176665,0.000779,-0.002461,0.017170,-0.003221,-0.006461,0.015993
2024-11,-0.011356,0.003940,0.076369,1.116471,-0.015356,-0.000060,0.075253,-0.019356,-0.004060,0.074136
2024-12,-0.003283,0.002930,-0.028283,1.061224,-0.007283,-0.001070,-0.029345,-0.011283,-0.005070,-0.030406
2025-01,-0.033938,-0.028418,0.038695,1.102041,-0.037938,-0.032418,0.037593,-0.041938,-0.036418,0.036491
2025-02,-0.103547,-0.114524,-0.066198,1.040816,-0.107547,-0.118524,-0.067239,-0.111547,-0.122524,-0.068280
2025-03,0.055262,0.035363,-0.033273,1.081633,0.051262,0.031363,-0.034354,0.047262,0.027363,-0.035436
2025-04,0.019119,0.008936,0.090614,1.204082,0.015119,0.004936,0.089410,0.011119,0.000936,0.088206
2025-05,0.038586,0.044926,0.067251,1.061224,0.034586,0.040926,0.066190,0.030586,0.036926,0.065129
2025-06,0.021038,0.022725,0.040130,1.265306,0.017038,0.018725,0.038864,0.013038,0.014725,0.037599
2025-07,-0.048076,-0.047219,0.007181,1.122449,-0.052076,-0.051219,0.006059,-0.056076,-0.055219,0.004936
2025-08,-0.003741,-0.008035,-0.037231,1.142857,-0.007741,-0.012035,-0.038374,-0.011741,-0.016035,-0.039517
2025-09,0.066965,0.051767,0.152127,1.122449,0.062965,0.047767,0.151005,0.058965,0.043767,0.149882
2025-10,-0.012994,-0.009789,0.127571,1.081633,-0.016994,-0.013789,0.126489,-0.020994,-0.017789,0.125407
2025-11,-0.001103,0.001735,-0.107970,1.061224,-0.005103,-0.002265,-0.109032,-0.009103,-0.006265,-0.110093
2025-12,0.068692,0.065634,-0.054422,1.285714,0.064692,0.061634,-0.055708,0.060692,0.057634,-0.056993
2026-01,0.050595,0.050828,0.100852,1.183673,0.046595,0.046828,0.099669,0.042595,0.042828,0.098485
2026-02,0.053930,0.061218,0.066780,0.918367,0.049930,0.057218,0.065861,0.045930,0.053218,0.064943
2026-03,0.005618,-0.004652,-0.006100,1.338899,0.001618,-0.008652,-0.007439,-0.002382,-0.012652,-0.008778
2026-04,0.022608,0.025800,0.194496,1.070707,0.018608,0.021800,0.193425,0.014608,0.017800,0.192355
2026-05,0.020065,0.018791,0.064867,0.787879,0.016065,0.014791,0.064079,0.012065,0.010791,0.063291
2026-06,0.033391,0.030535,0.053519,0.974438,0.029391,0.026535,0.052544,0.025391,0.022535,0.051570
2026-07,-0.107867,-0.110785,-0.301962,0.918367,-0.111867,-0.114785,-0.302880,-0.115867,-0.118785,-0.303798
2026-08,-0.078566,-0.082983,-0.128659,1.020408,-0.082566,-0.086983,-0.129679,-0.086566,-0.090983,-0.130700
2026-09,0.074632,0.071709,0.167656,1.065643,0.070632,0.067709,0.166590,0.066632,0.063709,0.165525
