window,k,did_SL_RL_bp_day,t_SL_RL,did_WML_bp_day,t_WML,N
"[L-5, L-0]",0,-0.9791,-0.2952,-3.6710,-0.7223,208
"[L-6, L-1]",1,-3.0395,-0.7664,0.3280,0.0595,208
"[L-7, L-2]",2,-1.8601,-0.4227,3.8688,0.6378,208
"[L-8, L-3]",3,3.1932,0.7943,8.9741,1.4826,208
"[L-9, L-4]",4,1.1154,0.2782,8.2613,1.3138,208
"[L-10, L-5]",5,4.7718,1.1838,5.3133,0.8644,208
"[L-11, L-6]",6,1.4122,0.3966,7.2460,1.0269,208
"[L-12, L-7]",7,1.3502,0.3636,3.8545,0.5758,208
"[L-13, L-8]",8,5.1780,1.3394,6.7683,1.1160,208
"[L-14, L-9]",9,1.0580,0.2739,5.1767,0.8238,208
"[L-15, L-10]",10,0.7202,0.1830,1.3117,0.2092,208
"[L-16, L-11]",11,-2.7424,-0.5892,8.6677,1.3708,208
"[L-17, L-12]",12,-2.0767,-0.5107,3.6456,0.6022,208
