video_id,ceo,ticker,query,title,channel,channel_id,duration_s,view_count,ceo_id
iJCpYYFdwvY,Alex Karp,PLTR,Alex Karp CNBC,Alex Karp just LOST IT.. (He's Not Wrong),The Creative Investor,UCihD_QAWn40w32e89Gf_oPw,1186,4532,karp
9ldE_5F13eg,Alex Karp,PLTR,Alex Karp Fox Business,Palantir CEO Alex Karp on Software’s Role in Government Efficiency | Fox Business,Palantir,UCwed6_f0WcDIioXvMQfcP2Q,618,111850,karp
5e6K2ea_e7k,Alex Karp,PLTR,Alex Karp Fox Business,REACTION: Alex Karp DID NOT Back Down! New Fox Interview,Palantir Vision,UCMClgRAPUBAtuZgUaKW4-8w,658,17774,karp
DuAappSS0cE,Alex Karp,PLTR,Alex Karp Fox Business,Alex Karp confirms Palantir working with SpaceX / Elon Musk on Fox Business,Ondrej Slunecko,UCzRJvE9xPmMCAEQ6os4zjHA,839,180,karp
qOCIOTUAwHc,Alex Karp,PLTR,Alex Karp Fox Business,Palantir & Elon Are Working Together | PLTR Stock,Palantir Research,UCbmt1blLla2pNaSD1icaKpg,319,1899,karp
Y2W0q_enWKE,Alex Karp,PLTR,Alex Karp Fox Business,ALEX KARP HIT FOX BUSINESS WITH BAD NEWS? ,Journey2Wealth,UCo3xafMIVv6yrftNW2zzEGQ,649,3634,karp
WDxusYSQ8-o,Alex Karp,PLTR,Alex Karp Fox Business,Alex Karp Stuns FOX News Host,David Carbutt ,UC__d7jgOunIVFz6TU_t1QOQ,748,29573,karp
SUViVjibLjc,Alex Karp,PLTR,Alex Karp Fox Business,Alex Karp Leaves Host Speechless on ELON MUSK!,David Carbutt ,UC__d7jgOunIVFz6TU_t1QOQ,712,119278,karp
KohFI5Rd8qM,Alex Karp,PLTR,Alex Karp Fox Business,ALEX KARP IS LOSING HIS MIND! | Palantir Stock Q4 Review,Future Investing,UCvWx0-NX-9qVLCSW9yjdX-g,382,1152,karp
gecLOnwYcuA,Alex Karp,PLTR,Alex Karp Fox Business,PLTR Stock is About to RALLY! CEO Alex Karp Confirms!,Future Investing,UCvWx0-NX-9qVLCSW9yjdX-g,608,1719,karp
cuAeaBWgEdw,Alex Karp,PLTR,Alex Karp Fox Business,I PAID €1 TO LET YOU INTO THE WORLD OF PALANTIR'S ALEX KARP,Amit Kukreja,UCjZnbgPb08NFg7MHyPQRZ3Q,856,3610,karp
9awXIDDwC48,Alex Karp,PLTR,Alex Karp Fox Business,Will This Increase Palantir’s Revenue? | PLTR Stock,Palantir Research,UCbmt1blLla2pNaSD1icaKpg,335,1704,karp
G4q1wnfnn1c,Alex Karp,PLTR,Alex Karp Fox Business,BREAKING! ALEX KARP CONFIRMS ELON IS USING PALANTIR! ( sort of ),PALANTIR 3030,UCMB2M7T6BYaZw3idqhU42pg,614,2624,karp
B_WCMUdDALE,Alex Karp,PLTR,Alex Karp Bloomberg,"Trump’s Crypto Impact, Palantir’s Karp Calls for AI-Driven Reform | Bloomberg Technology",Bloomberg Podcasts,UChF5O40UBqAc82I7-i5ig6A,2505,904,karp
XoOr3Th9238,Alex Karp,PLTR,Alex Karp Bloomberg,Alex Karp Calls Out Elites: Full Supercut!,Palantir Vision,UCMClgRAPUBAtuZgUaKW4-8w,1126,5821,karp
1xxpT79rcgs,Alex Karp,PLTR,Alex Karp Bloomberg,"Apollo's Intel Offer, Alex Karp and Wall Street | Bloomberg Technology",Bloomberg Tech,UCrM7B7SL_g1edFOnmj-SDKg,2657,12443,karp
LUlnrN54k2Y,Alex Karp,PLTR,Alex Karp Bloomberg,"Apollo's Multibillion Intel Offer, Alex Karp and Wall Street | Bloomberg Technology",Bloomberg Podcasts,UChF5O40UBqAc82I7-i5ig6A,2554,7259,karp
3vQlPMznGdc,Alex Karp,PLTR,Alex Karp Bloomberg,Sensational Palantir Interview on Bloomberg: Replay,Palantir Vision,UCMClgRAPUBAtuZgUaKW4-8w,1341,19315,karp
rQDPblBDblM,Alex Karp,PLTR,Alex Karp Bloomberg,Alex Karp Is The PERFECT CEO For Palantir & Part of The MOAT.,Amit Kukreja,UCjZnbgPb08NFg7MHyPQRZ3Q,913,3093,karp
U6LvhPlb3y0,Alex Karp,PLTR,Alex Karp Bloomberg,"Alex Karp Interview Reaction: Bear Attack, New Competition, and AIP Launch",Palantir Vision,UCMClgRAPUBAtuZgUaKW4-8w,425,1167,karp
wtv337l4HfU,Alex Karp,PLTR,Alex Karp Bloomberg,FULL Alex Karp RANT On Earnings Call!,Palantir Vision,UCMClgRAPUBAtuZgUaKW4-8w,847,47151,karp
WOw2xEPaHZM,Alex Karp,PLTR,Alex Karp Bloomberg,Alex Karp's Important Message to Palantir Retail Investors!,Palantir Vision,UCMClgRAPUBAtuZgUaKW4-8w,548,24676,karp
PtcJyuuYXj8,Alex Karp,PLTR,Alex Karp DealBook,"Alex Karp’s DealBook Meltdown, EU Smacks Musk & Nvidia Sounds China Alarm | Scaling Dynamics",Scaling Dynamics,UCTcr_mCURNscQq40--jgj3Q,709,111,karp
WnCZi0w7LtE,Alex Karp,PLTR,Alex Karp DealBook,Palantir’s Alex Karp Goes Nuclear on NY Times Article | PLTR Stock,Palantir Research,UCbmt1blLla2pNaSD1icaKpg,256,3863,karp
hMxjX_2xjOo,Alex Karp,PLTR,Alex Karp DealBook,"Palantir's Alex Karp Just Called the AI Industry ""Effing Insane""",COAI,UCYARCvtf0eTVd9iGievgNtA,183,195,karp
Httm9Zs-WWA,Alex Karp,PLTR,Alex Karp DealBook,Palantir's CEO Is 54 BUT NEVER Got Married: Analyzing Alex Karp's Life & Beliefs. [PLTR Stock],Amit Kukreja,UCjZnbgPb08NFg7MHyPQRZ3Q,719,3741,karp
LYkm6pPWxYk,Alex Karp,PLTR,Alex Karp Palantir earnings,What If Alex Karp Is Right? 2030 PLTR Price Predictions,Palantir Vision,UCMClgRAPUBAtuZgUaKW4-8w,636,32973,karp
hLg45qG1Lr0,Alex Karp,PLTR,Alex Karp Palantir earnings,Alex Karp Leaves Audience Speechless on Palantir's Q3 Earnings Call,David Carbutt ,UC__d7jgOunIVFz6TU_t1QOQ,1346,65748,karp
6L7YV2kjNDU,Alex Karp,PLTR,Alex Karp Palantir earnings,Alex Karp Leaves Audience Speechless on Palantir's Q4 Earnings Call,David Carbutt ,UC__d7jgOunIVFz6TU_t1QOQ,1362,25479,karp
1Aghjshi3U8,Alex Karp,PLTR,Alex Karp Palantir earnings,Palantir Technologies | Q1 2026 Earnings Webcast,Palantir,UCwed6_f0WcDIioXvMQfcP2Q,2577,19923,karp
yTHNjVWnoWo,Alex Karp,PLTR,Alex Karp Palantir earnings,Palantir Technologies | Q2 2026 Earnings Webcast,Palantir,UCwed6_f0WcDIioXvMQfcP2Q,2631,45873,karp
qQYAHS0oaiY,Alex Karp,PLTR,Alex Karp Palantir earnings,Palantir Technologies | Q4 2025 Earnings Webcast,Palantir,UCwed6_f0WcDIioXvMQfcP2Q,2955,61648,karp
jUnV3LiN0_k,Alex Karp,PLTR,Alex Karp Palantir earnings,Palantir Technologies | Q3 2025 Earnings Webcast,Palantir,UCwed6_f0WcDIioXvMQfcP2Q,2791,65775,karp
BdLAjJWm9RY,Alex Karp,PLTR,Alex Karp Palantir earnings,Alex Karp on Palantir Stock Price,David Carbutt ,UC__d7jgOunIVFz6TU_t1QOQ,690,13684,karp
goGv04N0ORA,Alex Karp,PLTR,Alex Karp Palantir earnings,Alex Karp Drops Bombshell on Profitability for Palantir Stock,Palantir Vision,UCMClgRAPUBAtuZgUaKW4-8w,717,34950,karp
cDmZBXzCU_s,Alex Karp,PLTR,Alex Karp Palantir earnings,Alex Karp: Palantir is for Everyone (Earnings Recap),David Carbutt ,UC__d7jgOunIVFz6TU_t1QOQ,181,2246,karp
T22yeW9Wb8c,Alex Karp,PLTR,Alex Karp Palantir earnings,Alex Karp Leaves Audience Speechless,David Carbutt ,UC__d7jgOunIVFz6TU_t1QOQ,1136,31843,karp
eed5i5HmNnU,Alex Karp,PLTR,Alex Karp Palantir earnings,Alex Karp’s Wildest Lines from Palantir’s Blowout Q2 Call,Watch Quarters,UCGRnrNeBAh-Q3BkntgypJYw,324,92,karp
yDmKPHfpcms,Alex Karp,PLTR,Alex Karp Palantir earnings,Alex Karp PREDICTS 10X From Here! Message to Investors,Palantir Vision,UCMClgRAPUBAtuZgUaKW4-8w,931,23201,karp
HeEyYHUUXF4,Alex Karp,PLTR,Alex Karp Palantir earnings,Alex Karp - Palantir is for Business of all kinds (Earnings Recap),David Carbutt ,UC__d7jgOunIVFz6TU_t1QOQ,181,2378,karp
cq2SCJU7kE4,Alex Karp,PLTR,Alex Karp Palantir earnings,Alex Karp Leaves Audience Speechless on Palantir's Q2 Earnings Call,David Carbutt ,UC__d7jgOunIVFz6TU_t1QOQ,1147,119131,karp
j7l0YzTl9ow,Alex Karp,PLTR,Alex Karp Palantir earnings,Alex Karp Reveals Palantir's SHOCKING Q1!,David Carbutt ,UC__d7jgOunIVFz6TU_t1QOQ,636,1712,karp
OUqSuWEfw8s,Alex Karp,PLTR,Alex Karp Palantir earnings,Alex Karp Leaves Audience Speechless on Palantir's Earnings Call,David Carbutt ,UC__d7jgOunIVFz6TU_t1QOQ,1042,36092,karp
yKNxf00Ci5w,Alex Karp,PLTR,Alex Karp Palantir earnings,Alex Karp Just Rewrote Palantir’s Entire Future,Future Investing,UCvWx0-NX-9qVLCSW9yjdX-g,737,28916,karp
_RD37mHmZ7s,Alex Karp,PLTR,Alex Karp Palantir earnings,Alex Karp - Palantir Technologies Fourth Quarter 2020 Earnings Webcast,Palantirian,UCuepHQJStO7mWYDkSLZgMlA,438,342,karp
dY8YAwd3vhA,Alex Karp,PLTR,Alex Karp Palantir earnings,"Palantir CEO Alex Karp Sells $60 Million in PLTR Stock, What It Means for Investors!",YT Finance,UC3xKgYs1GqtoPu9tyYSjR8w,361,1339,karp
TKyh8ia_p04,Alex Karp,PLTR,Alex Karp Palantir earnings,"Upcoming: Palantir Annual Shareholder Meeting! Voting Agenda, Purpose, Appearance from Alex Karp (?)",Palantir Vision,UCMClgRAPUBAtuZgUaKW4-8w,215,3290,karp
qEsd66W-zxk,Alex Karp,PLTR,Alex Karp Palantir earnings,Alex Karp: Stock Based Compensation (Earnings Recap),David Carbutt ,UC__d7jgOunIVFz6TU_t1QOQ,252,4453,karp
KWIiJ0gyIU8,Alex Karp,PLTR,Alex Karp Palantir earnings,Alex Karp - 80% Growth (Earnings Recap),David Carbutt ,UC__d7jgOunIVFz6TU_t1QOQ,204,3621,karp
qFYz2Yl-8tQ,Alex Karp,PLTR,Alex Karp AIPCon,Palantir CEO Alex Karp Opening Remarks | AIPCon 7,Palantir,UCwed6_f0WcDIioXvMQfcP2Q,628,36749,karp
IyZr5ODfJRY,Alex Karp,PLTR,Alex Karp AIPCon,Alex Karp's Speech at AIPCon,Milezperhour,UCVpvpwK03o9owE6O4X457og,574,1160,karp
AsTpgn1Bd2o,Alex Karp,PLTR,Alex Karp AIPCon,Palantir CEO Alex Karp Opening Remarks | AIPCon 8,Palantir,UCwed6_f0WcDIioXvMQfcP2Q,858,44067,karp
cxWGNq70V2Q,Alex Karp,PLTR,Alex Karp AIPCon,Palantir CEO Alex Karp Opening Remarks | AIPCon 6,Palantir,UCwed6_f0WcDIioXvMQfcP2Q,468,20234,karp
5EK9163Ok84,Alex Karp,PLTR,Alex Karp AIPCon,Alex Karp Funniest Moments Compilation!,Palantir Vision,UCMClgRAPUBAtuZgUaKW4-8w,239,29277,karp
hkeohWt6rGA,Alex Karp,PLTR,Alex Karp AIPCon,Operational AI for Critical Institutions | Palantir CEO Alex Karp at CERAWeek,Palantir,UCwed6_f0WcDIioXvMQfcP2Q,2042,31895,karp
cHyf9XpYKxA,Alex Karp,PLTR,Alex Karp AIPCon,Palantir CEO Alex Karp Opening Remarks | AIPCon 4,Palantir,UCwed6_f0WcDIioXvMQfcP2Q,476,9209,karp
I_SeV3KpbB4,Alex Karp,PLTR,Alex Karp AIPCon,Palantir CEO Alex Karp Opening Remarks | AIPCon 5,Palantir,UCwed6_f0WcDIioXvMQfcP2Q,473,26395,karp
KngJ_6X2zWY,Alex Karp,PLTR,Alex Karp AIPCon,From Insight to Action with the Ontology | Palantir CEO Alex Karp and Eran Witkon,Palantir,UCwed6_f0WcDIioXvMQfcP2Q,731,32502,karp
1W5DxYNbHR8,Alex Karp,PLTR,Alex Karp AIPCon,Palantir CEO Alex Karp Opening Remarks | AIPCon 3,Palantir,UCwed6_f0WcDIioXvMQfcP2Q,546,23037,karp
W5_rSPG3A84,Alex Karp,PLTR,Alex Karp AIPCon,Palantir CEO Alex Karp Discusses S&P 500 Inclusion and AIPCon on CNBC,Palantir,UCwed6_f0WcDIioXvMQfcP2Q,619,75777,karp
hX883fsGuNY,Alex Karp,PLTR,Alex Karp AIPCon,"PALANTIR CLOSES ABOVE 37, AIPCON RECAP, ALEX KARP SELLING | PALANTIR WEEKLY #151",Amit Kukreja,UCjZnbgPb08NFg7MHyPQRZ3Q,6786,6546,karp
bGkkk3NXmK0,Alex Karp,PLTR,Alex Karp AIPCon,Best Moments from Alex Karp's Presentation: Palantir AIPCon 2,Palantir Vision,UCMClgRAPUBAtuZgUaKW4-8w,867,6363,karp
ElUmp0ysrD0,Alex Karp,PLTR,Alex Karp AIPCon,Alex Karp Stuns at Palantir Conference,Palantir Insights,UCaPJhqIlc3HzO-kfD0G6K8w,552,26,karp
L1PnaB15XBI,Alex Karp,PLTR,Palantir CEO Karp interview,Alex Karp's (CEO Palantir Technologies) vision on AI in the military domain | REAIM 2023,REAIMSummit,UC6QQeH_-t6LcBCuKwJijqnw,1999,85996,karp
49f4xBh0hzg,Alex Karp,PLTR,Palantir CEO Karp interview,Chamath Said the UNTHINKABLE About Alex Karp,David Carbutt ,UC__d7jgOunIVFz6TU_t1QOQ,836,45225,karp
fVC-z4ptOlk,Alex Karp,PLTR,Alex Karp Squawk Box,Alex Karp: AI Is Oversold,Kiraa,UCSFUFfVEFHQxUaGS768rB9w,298,16004,karp
8IiWbVYYPM8,Alex Karp,PLTR,Alex Karp 2021 interview,Palantir CEO ALEX KARP Full INTERVIEW on Washington Post,Palantir to the Moon,UCiUN0ruy4SSiji81Lro7CcA,1687,3123,karp
2zQwontey6Q,Alex Karp,PLTR,Alex Karp 2021 interview,"Palantir CEO Alex Karp RNDF Cybersecurity Talk, Part 2 of Interview with Sachin Sharma",DOMinating Your Investments,UCPl_u2b7-27jRg_1OS-vfhQ,1882,1167,karp
wG_l0zGnDko,Alex Karp,PLTR,Alex Karp 2021 interview,Alex Karp Explains Why PLTR Will Be The Best Software Company Ever,Tom Nash,UCJwKCyEIFHwUOPQQ-4kC1Zw,452,73299,karp
WqNZJLHpezw,Alex Karp,PLTR,Alex Karp 2021 interview,Palantir BOMBSHELL Courtesy of Alex Karp | PLTR's Impending Contracts (Big Companies Using Foundry?),Palantir Vision,UCMClgRAPUBAtuZgUaKW4-8w,250,9223,karp
aZYTwVgeBc8,Alex Karp,PLTR,Alex Karp 2022 interview,Palantir CEO Alex Karp interview at the World Economic Forum - Davos 2022,Independent Investor,UCHyNNtrhUL-BeifKqbgMS9A,265,212,karp
CffDIv8Rn20,Alex Karp,PLTR,Alex Karp 2022 interview,PALANTIR CEO ALEX KARP |  OLDSCHOOL 2009 INTERVIEW | NEVER SEEN BEFORE!,PALANTIR 3030,UCMB2M7T6BYaZw3idqhU42pg,1403,1362,karp
_KuQY1WDs4s,Alex Karp,PLTR,Alex Karp 2022 interview,Palantir CEO Alex Karp on Building Software for Uncertainty,Palantir,UCwed6_f0WcDIioXvMQfcP2Q,480,15848,karp
JBwj7Pft8PM,Alex Karp,PLTR,Alex Karp 2022 interview,PALANTIR CEO GREATEST INTERVIEW | PALANTIR CNBC INTERVIEW | ALEX KARP CNBC INTERVIEW WITH HERTZ CEO,PALANTIR 3030,UCMB2M7T6BYaZw3idqhU42pg,1311,875,karp
9cuPx2Akbug,Alex Karp,PLTR,Alex Karp 2022 interview,Alex Karp Thinks You Are An Idiot If You Ask This Question About Palantir,Amit Kukreja,UCjZnbgPb08NFg7MHyPQRZ3Q,776,2654,karp
7HXPhzp2fZc,Alex Karp,PLTR,Alex Karp 2022 interview,Palantir CEO Alex Karp: Our TAM Is North of $900 Billion Dollars | New CNBC Interview,Amit Kukreja,UCjZnbgPb08NFg7MHyPQRZ3Q,1020,10547,karp
BgQ3S-DAtMA,Alex Karp,PLTR,Alex Karp 2022 interview,How the CNBC Alex Karp interview changes everything for Palantir!,Vince is Bullish,UCqsiN822jcifMWQL4LQfNdQ,734,1084,karp
sMf6zfgcYhI,Alex Karp,PLTR,Alex Karp 2022 interview,Alex Karp Interview Reaction,Codestrap,UCxIpOyRi1YFXCR09Ro_yoXQ,235,3207,karp
jPuH_oHwPrs,Alex Karp,PLTR,Alex Karp 2022 interview,PALANTIR CEO ALEX KARP INTERVIEW! PLTR STOCK SAVING the WORLD!,PALANTIR 3030,UCMB2M7T6BYaZw3idqhU42pg,1336,1117,karp
hlmOVHTMRbw,Alex Karp,PLTR,Alex Karp 2022 interview,Alex Karp interview that reveals Palantirs secretive past!,Vince is Bullish,UCqsiN822jcifMWQL4LQfNdQ,1587,1347,karp
B-xBFPFS9qs,Alex Karp,PLTR,Alex Karp 2022 interview,Palantir CEO Alex Karp Important New Interview…,Jeremy Lefebvre Makes Money,UC12lnsYNt8_VthTNOuOGTmQ,1439,21208,karp
ynw602SQ1zc,Alex Karp,PLTR,Alex Karp 2022 interview,We have to talk about Alex Karp Shocking CNBC Interview,Tom Nash,UCJwKCyEIFHwUOPQQ-4kC1Zw,1367,87742,karp
rsgXhptwalk,Alex Karp,PLTR,Alex Karp 2022 interview,palantir's Alex Karp gave a new interview and had some words...,Amit Kukreja,UCjZnbgPb08NFg7MHyPQRZ3Q,554,3991,karp
5M_K9T9v-Vo,Alex Karp,PLTR,Alex Karp 2024 interview,Alex Karp on the University Protests - Hill & Valley Forum on AI Security 2024,Devin,UCP-HImMm1q77pRvetWIvldA,206,494,karp
gTnbzjSZj5c,Alex Karp,PLTR,Alex Karp 2024 interview,Palantir CEO Alex Karp on AI for Security and Stability | FII Priority 2024,Palantir,UCwed6_f0WcDIioXvMQfcP2Q,1173,29212,karp
IJcrrxI_vhk,Alex Karp,PLTR,Alex Karp 2024 interview,Alex Karp's Bet of His LIFETIME Just Paid Off!,David Carbutt ,UC__d7jgOunIVFz6TU_t1QOQ,999,42306,karp
vcYWtkb4lG4,Alex Karp,PLTR,Alex Karp 2024 interview,KEY Points from Alex Karp’s Latest Interview,David Carbutt ,UC__d7jgOunIVFz6TU_t1QOQ,767,4497,karp
MqXQFfCIOiA,Alex Karp,PLTR,Alex Karp 2024 interview,Palantir CEO Alex Karp and Jacob Helberg | Hill & Valley Forum 2024,The Hill & Valley Forum,UCwsBUQ-LgBxqO229wGvkkwQ,1653,1316,karp
TOKxGT2womY,Alex Karp,PLTR,Alex Karp 2024 interview,Palantir CEO Alex Karp: The most important issue of our time is war and peace,CNBC Television,UCrp_UI8XtuYfpiqluWLD7Lw,418,61918,karp
7_wwnJ1eRJ4,Alex Karp,PLTR,Alex Karp 2024 interview,Palantir's Alex Karp discusses the need for U.S. leadership amidst the Israel-Hamas war | CNBC 2024,Palantir,UCwed6_f0WcDIioXvMQfcP2Q,1188,12203,karp
NgAGvX_siGU,Alex Karp,PLTR,Alex Karp 2024 interview,The Besieged West: Mathias Döpfner and Palantir CEO Alexander Karp Discuss the Threat to Democracy,WELT Documentary,UCBAeFXaLV1ZqKqc-Uf3pKaA,2394,9242,karp
PRi22OS98NY,Alex Karp,PLTR,Alex Karp 2025 interview,"Palantir CEO Alex Karp on conspiracy theories, short sellers & advice for young people.",TBPN,UC-DRzaGnL_vtBUpCFH5M0tg,1387,25420,karp
pkqNgrecr8k,Alex Karp,PLTR,Alex Karp 2025 interview,'We Are Going to Win' Alex Karp in New CNBC Interview,Palantir Vision,UCMClgRAPUBAtuZgUaKW4-8w,640,6428,karp
EkiL9fAKhtE,Alex Karp,PLTR,Alex Karp 2025 interview,Alex Karp: Secrets to Starting a Successful Business,Joe Lonsdale Clips,UCDsI6JSuLRNjPGzSqEmya-Q,282,10515,karp
dRgPbNJ5RJc,Alex Karp,PLTR,Alex Karp 2026,"Conversation with Alex Karp, CEO and Co-Founder, Palantir Technologies | WEF Annual Meeting 2026",World Economic Forum,UCw-kH-Od73XDAt7qtH9uBYA,2111,47119,karp
uDh17O-B31Q,Alex Karp,PLTR,Alex Karp 2026,Karp Carping: Decoding Palantir's Whole Deal | The Aboard Podcast 2026-07-28,Aboard,UCpJaDULKCBgQhmCMJ0WruRg,1648,2144,karp
H3w4CS8tNYk,Alex Karp,PLTR,Alex Karp 2026,"Alex Karp (CEO di Palantir) a Davos, World Economic Forum 2026 - in diretta",Money.it,UCYZpcYxa-2fXWg-jNJOL8Ww,2181,796,karp
RkBHJZAying,Alex Karp,PLTR,Alex Karp 2026,Jensen on Palantir: Nobody’s Ready for What Karp Is Building,David Carbutt ,UC__d7jgOunIVFz6TU_t1QOQ,1071,67067,karp
sTbIzVOjnOA,Alex Karp,PLTR,Alex Karp 2026,"Alex Karp CEO Palantir  makes “sovereign AI” engines"" argument.  See for yourself.",COAI,UCYARCvtf0eTVd9iGievgNtA,211,218,karp
OjnEASpI2S8,Alex Karp,PLTR,Alex Karp 2026,Dan Ives on Palantir: Nobody's Ready For What Alex Karp Building,David Carbutt ,UC__d7jgOunIVFz6TU_t1QOQ,943,95211,karp
s-8t5I1e5Ac,Alex Karp,PLTR,Alex Karp 2026,🔴 Dr. Alex Karp LIVE on TBPN,John Coogan,UC3_BakzLfadvFrsnClMFWmQ,5216,2303,karp
