market,date,old_iid,new_iid,close,prev_close_old,naive_ret,roll_safe_ret
ES,2010-09-13,26714,3076,1117.000000,1109.750000,0.006533,0.011088
ES,2010-12-13,3076,70248,1235.500000,1239.750000,-0.003428,0.000405
ES,2011-03-14,70248,75884,1291.500000,1303.750000,-0.009396,-0.005965
ES,2011-06-13,75884,49278,1266.250000,1269.750000,-0.002756,0.001582
ES,2011-09-12,49278,45580,1155.750000,1153.000000,0.002385,0.007190
ES,2011-12-12,45580,31747,1230.250000,1254.500000,-0.019330,-0.014815
ES,2012-03-13,31747,27069,1390.250000,1371.000000,0.014041,0.018312
ES,2012-06-11,27069,3366,1302.500000,1325.000000,-0.016981,-0.012135
ES,2012-09-17,3366,10113,1454.500000,1466.000000,-0.007844,-0.002913
ES,2012-12-17,10113,23970,1425.500000,1413.750000,0.008311,0.012429
ES,2013-03-12,23970,11561,1546.750000,1555.500000,-0.005625,-0.002097
ES,2013-06-17,11561,17704,1633.000000,1626.000000,0.004305,0.007869
ES,2013-09-16,17704,28112,1690.750000,1688.000000,0.001629,0.005800
ES,2013-12-16,28112,382206,1780.000000,1775.000000,0.002817,0.006218
ES,2014-03-17,382206,8347,1851.000000,1840.750000,0.005568,0.009407
ES,2014-06-16,8347,111473,1929.250000,1943.500000,-0.007332,-0.003615
ES,2014-09-15,111473,28095,1975.750000,1985.500000,-0.004911,-0.000759
ES,2014-12-15,28095,50393,1981.500000,2002.250000,-0.010363,-0.007016
ES,2015-03-16,50393,85974,2073.500000,2052.750000,0.010108,0.013812
ES,2015-06-15,85974,58738,2075.750000,2093.250000,-0.008360,-0.004556
ES,2015-09-14,58738,13950,1942.500000,1960.000000,-0.008929,-0.003846
ES,2015-12-14,13950,49705,2014.000000,2010.750000,0.001616,0.005868
ES,2016-03-14,49705,6505,2009.500000,2021.500000,-0.005936,-0.001243
ES,2016-06-13,6505,2615,2070.000000,2095.250000,-0.012051,-0.007670
ES,2016-09-12,2615,2928,2151.250000,2126.750000,0.011520,0.014501
ES,2016-12-13,2928,35903,2266.500000,2257.000000,0.004209,0.006774
ES,2017-03-13,35903,9006,2371.000000,2373.000000,-0.000843,0.000422
ES,2017-06-12,9006,24842,2426.750000,2430.000000,-0.001337,-0.000412
ES,2017-09-11,24842,23936,2485.500000,2461.000000,0.009955,0.010674
ES,2017-12-11,23936,21168,2663.500000,2651.750000,0.004431,0.003296
ES,2018-03-14,21168,23252,2754.250000,2765.000000,-0.003888,-0.005417
ES,2018-06-13,23252,57287,2779.750000,2787.000000,-0.002601,-0.003942
ES,2018-09-17,57287,16114,2895.000000,2905.750000,-0.003700,-0.005496
ES,2018-12-17,16114,18720,2551.500000,2600.750000,-0.018937,-0.020161
ES,2019-03-11,18720,736,2788.000000,2743.250000,0.016313,0.014556
ES,2019-06-17,736,37699,2894.750000,2888.500000,0.002164,0.000691
ES,2019-09-16,37699,16145,3000.250000,3007.500000,-0.002411,-0.003156
ES,2019-12-16,16145,10571,3196.000000,3169.750000,0.008281,0.007328
ES,2020-03-18,10571,21336,2392.750000,2549.000000,-0.061299,-0.054809
ES,2020-06-17,21336,12181,3102.000000,3126.750000,-0.007916,-0.004413
ES,2020-09-14,12181,19100,3373.000000,3339.750000,0.009956,0.013141
ES,2020-12-14,19100,5482,3638.750000,3662.500000,-0.006485,-0.004446
ES,2021-03-15,5482,3853,3957.500000,3943.000000,0.003677,0.006037
ES,2021-06-14,3853,1030,4247.250000,4245.500000,0.000412,0.002537
ES,2021-09-13,1030,8858,4459.500000,4458.750000,0.000168,0.002304
ES,2021-12-13,8858,5782,4661.000000,4710.750000,-0.010561,-0.009036
ES,2022-03-14,5782,3403,4165.000000,4203.500000,-0.009159,-0.007151
ES,2022-06-15,3403,97042,3795.500000,3738.000000,0.015383,0.014365
ES,2022-09-14,97042,206323,3964.250000,3932.250000,0.008138,0.003290
ES,2022-12-14,206323,206299,4029.250000,4023.000000,0.001554,-0.006656
ES,2023-03-15,206299,95414,3928.750000,3919.000000,0.002488,-0.006072
ES,2023-06-14,95414,3445,4419.500000,4371.000000,0.011096,0.000736
ES,2023-09-13,3445,314863,4518.000000,4464.750000,0.011927,0.000997
ES,2023-12-13,314863,17077,4761.000000,4646.250000,0.024697,0.013410
ES,2024-03-13,17077,5602,5233.000000,5177.250000,0.010768,-0.001622
ES,2024-06-20,5602,118,5545.250000,5492.750000,0.009558,-0.002922
ES,2024-09-18,118,183748,5680.750000,5640.750000,0.007091,-0.003727
ES,2024-12-18,183748,5002,5939.250000,6054.000000,-0.018954,-0.030762
ES,2025-03-19,5002,4916,5730.750000,5620.500000,0.019616,0.010358
ES,2025-06-18,4916,14160,6035.500000,5985.000000,0.008438,-0.000455
ES,2025-09-17,14160,294973,6660.250000,6611.500000,0.007374,-0.001200
ES,2025-12-17,294973,42140878,6777.000000,6800.250000,-0.003419,-0.011415
ES,2026-03-18,42140878,42140864,6677.250000,6720.500000,-0.006436,-0.013955
ES,2026-06-17,42140864,42140870,7492.250000,7519.250000,-0.003591,-0.012619
ES,2026-09-16,42140870,10252,7622.000000,7589.750000,0.004249,-0.004571
ZN,2010-09-02,816003,44395,124.531250,125.781250,-0.009938,-0.002378
ZN,2010-12-02,44395,83568,122.437500,123.718750,-0.010356,-0.002165
ZN,2011-03-02,83568,116177,118.640625,120.500000,-0.015430,-0.004588
ZN,2011-06-02,116177,133520,122.937500,124.921875,-0.015885,-0.004555
ZN,2011-09-02,133520,578198,130.281250,130.609375,-0.002512,0.005305
ZN,2011-12-02,578198,745944,129.765625,130.062500,-0.002283,0.003989
ZN,2012-03-02,745944,328264,131.093750,130.937500,0.001193,0.003949
ZN,2012-06-04,328264,585392,134.109375,135.703125,-0.011744,-0.004870
ZN,2012-09-04,585392,720496,133.453125,134.796875,-0.009969,-0.002220
ZN,2012-12-03,720496,896125,133.500000,134.062500,-0.004196,-0.000585
ZN,2013-03-04,896125,619999,131.656250,132.968750,-0.009871,-0.001185
ZN,2013-06-03,619999,400198,129.437500,130.359375,-0.007072,0.000967
ZN,2013-09-03,400198,780401,123.500000,125.093750,-0.012740,-0.004158
ZN,2013-12-02,780401,381207,124.890625,126.500000,-0.012722,-0.002869
ZN,2014-03-03,381207,617542,125.015625,126.125000,-0.008796,0.003764
ZN,2014-06-02,617542,241710,124.906250,126.156250,-0.009908,-0.003615
ZN,2014-09-02,241710,354456,125.218750,126.312500,-0.008659,-0.004348
ZN,2014-12-01,354456,42281,126.875000,127.765625,-0.006971,-0.002212
ZN,2015-03-02,42281,752340,127.093750,128.437500,-0.010462,-0.005623
ZN,2015-06-01,752340,326771,126.968750,128.109375,-0.008904,-0.004045
ZN,2015-09-02,326771,184597,127.156250,127.953125,-0.006228,-0.001840
ZN,2015-11-30,184597,72174,126.484375,127.078125,-0.004672,-0.000124
ZN,2016-03-02,72174,771901,129.390625,130.031250,-0.004927,-0.001808
ZN,2016-06-02,771901,732065,129.906250,129.640625,0.002049,0.002774
ZN,2016-09-02,732065,120107,130.718750,131.921875,-0.009120,-0.002028
ZN,2016-12-02,120107,208387,124.468750,124.734375,-0.002130,0.004033
ZN,2017-03-02,208387,353160,123.515625,124.312500,-0.006410,-0.001894
ZN,2017-06-02,353160,357060,126.687500,126.437500,0.001977,0.003838
ZN,2017-09-01,357060,793429,126.640625,127.250000,-0.004789,-0.002830
ZN,2017-12-04,793429,525443,124.312500,124.625000,-0.002508,-0.000503
ZN,2018-03-02,525443,615592,120.140625,121.140625,-0.008255,-0.003370
ZN,2018-06-04,615592,799743,119.421875,120.125000,-0.005853,-0.003260
ZN,2018-09-04,799743,480218,119.968750,120.281250,-0.002598,-0.001560
ZN,2018-12-03,480218,98159,119.640625,119.609375,0.000261,0.001046
ZN,2019-03-01,98159,126136,121.562500,121.703125,-0.001155,-0.003203
ZN,2019-06-03,126136,596431,127.312500,126.406250,0.007169,0.004067
ZN,2019-09-03,596431,59121,132.031250,131.109375,0.007031,0.001897
ZN,2019-11-29,59121,771691,129.406250,129.359375,0.000362,-0.000362
ZN,2020-03-02,771691,105872,134.484375,134.812500,-0.002434,-0.001740
ZN,2020-06-01,105872,421732,139.015625,139.343750,-0.002355,-0.000337
ZN,2020-08-31,421732,480372,139.156250,139.218750,-0.000449,0.000562
ZN,2020-11-30,480372,204527,138.109375,138.546875,-0.003158,-0.000565
ZN,2021-03-01,204527,408794,133.328125,134.375000,-0.007791,0.000234
ZN,2021-06-01,408794,703006,131.812500,132.750000,-0.007062,0.000000
ZN,2021-09-01,703006,507886,133.484375,134.031250,-0.004080,0.000468
ZN,2021-12-01,507886,768155,131.078125,131.515625,-0.003327,0.002150
ZN,2022-02-28,768155,146095,127.421875,126.421875,0.007910,0.008533
ZN,2022-05-31,146095,234665,119.390625,120.562500,-0.009720,-0.007147
ZN,2022-08-31,234665,71412,116.625000,117.015625,-0.003338,-0.003870
ZN,2022-11-30,71412,397730,113.796875,112.656250,0.010125,0.007749
ZN,2023-03-01,397730,69078,110.984375,111.218750,-0.002107,-0.006156
ZN,2023-06-01,69078,338574,114.734375,113.609375,0.009902,0.002594
ZN,2023-08-31,338574,12212,111.015625,110.375000,0.005804,0.001551
ZN,2023-11-30,12212,110030,109.890625,109.968750,-0.000710,-0.003824
ZN,2024-02-29,110030,42004501,110.500000,109.859375,0.005831,0.000991
ZN,2024-05-31,42004501,42002321,108.968750,108.265625,0.006494,0.003742
ZN,2024-08-30,42002321,42000697,113.515625,113.328125,0.001654,-0.003019
ZN,2024-11-29,42000697,42002219,111.171875,110.703125,0.004234,0.002536
ZN,2025-02-28,42002219,42004113,111.250000,110.703125,0.004940,0.004515
ZN,2025-05-30,42004113,42066706,110.906250,110.593750,0.002826,0.002542
ZN,2025-08-29,42066706,42002111,112.531250,112.546875,-0.000139,-0.000555
ZN,2025-11-28,42002111,42004475,113.343750,113.656250,-0.002750,-0.002201
ZN,2026-02-27,42004475,42000661,113.750000,113.453125,0.002617,0.003169
ZN,2026-05-29,42000661,42001136,109.890625,110.046875,-0.001420,0.000996
ZN,2026-08-31,42001136,42001080,107.765625,108.093750,-0.003036,-0.000869
