period,strategy,kind,n_days,ann_ret_pct,ann_vol_pct,sharpe,skew,max_dd_pct,t_mean,t_nw5,annual_turnover,cost_drag_pct_pa
(i) 2010-07-02 -> 2023-03-17,combined,gross,3192,5.0422,8.8304,0.5710,6.8031,-12.7529,2.0322,2.1688,41.7418,1.2013
(i) 2010-07-02 -> 2023-03-17,combined,net,3192,3.8409,8.8077,0.4361,6.7653,-13.4727,1.5520,1.6615,41.7418,1.2013
(i) 2010-07-02 -> 2023-03-17,threshold_only,gross,3192,7.2488,13.6090,0.5326,13.0212,-12.5916,1.8957,2.0824,37.2618,1.0787
(i) 2010-07-02 -> 2023-03-17,threshold_only,net,3192,6.1701,13.5724,0.4546,12.9744,-13.7086,1.6180,1.7830,37.2618,1.0787
(i) 2010-07-02 -> 2023-03-17,calendar_only,gross,3192,2.8356,10.2304,0.2772,0.5106,-21.3869,0.9865,0.9853,51.9474,1.4926
(i) 2010-07-02 -> 2023-03-17,calendar_only,net,3192,1.3430,10.2255,0.1313,0.4306,-22.3479,0.4674,0.4681,51.9474,1.4926
(i) excl. Mar 2020,combined,gross,3170,2.4262,6.7665,0.3586,1.0716,-16.4900,1.2717,1.3210,41.7418,1.2013
(i) excl. Mar 2020,combined,net,3170,1.2441,6.7502,0.1843,1.0161,-17.4043,0.6537,0.6809,41.7418,1.2013
(i) excl. Mar 2020,threshold_only,gross,3170,2.9242,7.4916,0.3903,0.0494,-12.5916,1.3844,1.6152,37.2618,1.0787
(i) excl. Mar 2020,threshold_only,net,3170,1.8858,7.4685,0.2525,-0.0287,-13.7086,0.8956,1.0463,37.2618,1.0787
(i) excl. Mar 2020,calendar_only,gross,3170,1.9281,9.8972,0.1948,0.1978,-29.4841,0.6909,0.6462,51.9474,1.4926
(i) excl. Mar 2020,calendar_only,net,3170,0.4331,9.8941,0.0438,0.1112,-30.4229,0.1552,0.1455,51.9474,1.4926
(ii) 2023-03-20 -> 2026-09-30 OOS,combined,gross,887,0.5318,5.3057,0.1002,0.0827,-8.8709,0.1880,0.2025,37.4936,0.7674
(ii) 2023-03-20 -> 2026-09-30 OOS,combined,net,887,-0.2356,5.2918,-0.0445,0.0284,-10.3518,-0.0835,-0.0900,37.4936,0.7674
(ii) 2023-03-20 -> 2026-09-30 OOS,threshold_only,gross,887,-2.0073,6.2794,-0.3197,-3.4687,-11.9256,-0.5997,-0.7230,29.4270,0.6031
(ii) 2023-03-20 -> 2026-09-30 OOS,threshold_only,net,887,-2.6104,6.2732,-0.4161,-3.5534,-12.9340,-0.7807,-0.9394,29.4270,0.6031
(ii) 2023-03-20 -> 2026-09-30 OOS,calendar_only,gross,887,3.0708,7.5293,0.4078,1.1644,-10.0343,0.7652,0.7725,49.1499,1.0056
(ii) 2023-03-20 -> 2026-09-30 OOS,calendar_only,net,887,2.0653,7.5077,0.2751,1.0963,-10.3802,0.5161,0.5216,49.1499,1.0056
full 2010-07-02 -> 2026-09-30,combined,gross,4079,4.0614,8.1942,0.4956,6.6791,-12.7529,1.9941,2.1281,40.8180,1.1069
full 2010-07-02 -> 2026-09-30,combined,net,4079,2.9545,8.1730,0.3615,6.6381,-13.4727,1.4544,1.5567,40.8180,1.1069
full 2010-07-02 -> 2026-09-30,threshold_only,gross,4079,5.2360,12.3914,0.4226,13.4205,-12.5916,1.7000,1.8733,35.5581,0.9752
full 2010-07-02 -> 2026-09-30,threshold_only,net,4079,4.2608,12.3590,0.3447,13.3649,-13.7086,1.3870,1.5331,35.5581,0.9752
full 2010-07-02 -> 2026-09-30,calendar_only,gross,4079,2.8868,9.7064,0.2974,0.5853,-21.3869,1.1966,1.1967,51.3391,1.3867
full 2010-07-02 -> 2026-09-30,calendar_only,net,4079,1.5001,9.6987,0.1547,0.5039,-22.3479,0.6223,0.6238,51.3391,1.3867
