date,bucket,contract,O,C,par_accepted_bn,near_same_contract_auction,near_auction_dates,pre_a,pre_b,post_a,post_b,n_pre_bars,n_post_bars,pre_bp,post_bp,y_bp,long_end,abnormal_bp,gross_usd,net_usd,net_bp
2024-05-29,1Mo to 2Y,ZT,01:40 PM,02:00 PM,2.0,True,2024-05-28,2024-05-28 16:00,2024-05-29 13:00,2024-05-29 15:00,2024-05-30 16:00,20,24,-7.702,7.707,-15.41,False,,,,
2024-06-05,20Y to 30Y,UB,01:40 PM,02:00 PM,2.0,False,,2024-06-04 16:00,2024-06-05 13:00,2024-06-05 15:00,2024-06-06 16:00,20,24,52.058,7.393,44.665,True,45.147,562.5,431.5,34.185
2024-06-20,5Y to 7Y,ZN,01:40 PM,02:00 PM,1.864,False,,2024-06-18 16:00,2024-06-20 13:00,2024-06-20 15:00,2024-06-21 16:00,39,24,-31.03,-2.827,-28.203,False,,,,
2024-06-26,2Y to 3Y,ZT,01:40 PM,02:00 PM,2.0,True,2024-06-25,2024-06-25 16:00,2024-06-26 13:00,2024-06-26 15:00,2024-06-27 16:00,20,24,-11.851,6.124,-17.975,False,,,,
2024-07-02,10Y to 20Y,ZB,01:40 PM,02:00 PM,2.0,False,,2024-07-01 16:00,2024-07-02 13:00,2024-07-02 15:00,2024-07-03 16:00,20,24,24.233,91.055,-66.823,True,-66.761,-781.25,-912.25,-77.924
2024-07-17,3Y to 5Y,ZF,01:40 PM,02:00 PM,,False,,2024-07-16 16:00,2024-07-17 13:00,2024-07-17 15:00,2024-07-18 16:00,20,24,-3.629,-17.414,13.785,False,,,,
2024-07-18,3Y to 5Y,ZF,01:40 PM,02:00 PM,0.809,False,,2024-07-17 16:00,2024-07-18 13:00,2024-07-18 15:00,2024-07-19 16:00,20,24,-6.532,-23.249,16.717,False,,,,
2024-07-24,7Y to 10Y,ZN,01:40 PM,02:00 PM,0.0,True,2024-07-25,2024-07-23 16:00,2024-07-24 13:00,2024-07-24 15:00,2024-07-25 16:00,20,24,18.333,14.118,4.215,False,,,,
2024-08-07,1Mo to 2Y,ZT,01:40 PM,02:00 PM,4.0,True,2024-08-06,2024-08-06 16:00,2024-08-07 13:00,2024-08-07 15:00,2024-08-08 16:00,20,24,-5.67,-7.94,2.27,False,,,,
2024-08-15,20Y to 30Y,UB,01:40 PM,02:00 PM,2.0,False,,2024-08-14 16:00,2024-08-15 13:00,2024-08-15 15:00,2024-08-16 16:00,20,24,-124.53,38.005,-162.535,True,-162.052,-2156.25,-2287.25,-173.015
2024-08-28,10Y to 20Y,ZB,01:40 PM,02:00 PM,2.0,False,,2024-08-27 16:00,2024-08-28 13:00,2024-08-28 15:00,2024-08-29 16:00,20,24,-15.098,-30.25,15.151,True,15.213,187.5,56.5,4.05
2024-09-04,2Y to 3Y,ZT,01:40 PM,02:00 PM,2.295,False,,2024-09-03 16:00,2024-09-04 13:00,2024-09-04 15:00,2024-09-05 16:00,20,24,15.794,3.002,12.792,False,,,,
2024-09-10,7Y to 10Y,ZN,01:40 PM,02:00 PM,0.449,True,2024-09-11,2024-09-09 16:00,2024-09-10 13:00,2024-09-10 15:00,2024-09-11 16:00,20,24,25.805,-10.827,36.632,False,,,,
2024-09-24,20Y to 30Y,UB,01:40 PM,02:00 PM,2.0,False,,2024-09-23 16:00,2024-09-24 13:00,2024-09-24 15:00,2024-09-25 16:00,20,24,-9.328,-88.557,79.229,True,79.712,1062.5,931.5,68.749
2024-10-10,5Y to 7Y,ZN,01:40 PM,02:00 PM,2.469,True,2024-10-09,2024-10-09 16:00,2024-10-10 13:00,2024-10-10 15:00,2024-10-11 16:00,20,24,-23.67,9.759,-33.429,False,,,,
2024-10-16,3Y to 5Y,ZF,01:40 PM,02:00 PM,4.0,False,,2024-10-15 16:00,2024-10-16 13:00,2024-10-16 15:00,2024-10-17 16:00,20,24,7.197,-21.58,28.777,False,,,,
2024-10-31,10Y to 20Y,ZB,01:40 PM,02:00 PM,2.0,False,,2024-10-30 16:00,2024-10-31 13:00,2024-10-31 15:00,2024-11-01 16:00,20,24,5.305,-108.638,113.943,True,114.005,1343.75,1212.75,102.841
2024-11-13,1Mo to 2Y,ZT,01:40 PM,02:00 PM,4.0,False,,2024-11-12 16:00,2024-11-13 13:00,2024-11-13 15:00,2024-11-14 16:00,20,24,9.519,-11.792,21.311,False,,,,
2024-11-20,20Y to 30Y,UB,01:40 PM,02:00 PM,2.0,False,,2024-11-19 16:00,2024-11-20 13:00,2024-11-20 15:00,2024-11-21 16:00,20,24,-2.539,-25.452,22.913,True,23.396,281.25,150.25,12.433
2024-11-25,10Y to 20Y,ZB,01:40 PM,02:00 PM,2.0,False,,2024-11-22 16:00,2024-11-25 13:00,2024-11-25 15:00,2024-11-26 16:00,20,24,139.86,-26.42,166.28,True,166.342,1937.5,1806.5,155.179
2024-12-05,2Y to 3Y,ZT,01:40 PM,02:00 PM,2.267,False,,2024-12-04 16:00,2024-12-05 13:00,2024-12-05 15:00,2024-12-06 16:00,20,24,-6.438,9.471,-15.909,False,,,,
2024-12-09,7Y to 10Y,ZN,01:40 PM,02:00 PM,0.195,False,,2024-12-06 16:00,2024-12-09 13:00,2024-12-09 15:00,2024-12-10 16:00,20,24,-28.035,-19.677,-8.358,False,,,,
2025-01-07,20Y to 30Y,UB,01:40 PM,02:00 PM,2.0,True,2025-01-08,2025-01-06 16:00,2025-01-07 13:00,2025-01-07 15:00,2025-01-08 16:00,20,24,-108.753,-0.0,-108.753,True,-108.271,-1281.25,-1412.25,-119.233
2025-01-15,5Y to 7Y,ZN,01:40 PM,02:00 PM,2.19,False,,2025-01-14 16:00,2025-01-15 13:00,2025-01-15 15:00,2025-01-16 16:00,20,24,82.957,24.52,58.437,False,,,,
2025-01-22,3Y to 5Y,ZF,01:40 PM,02:00 PM,4.0,False,,2025-01-21 16:00,2025-01-22 13:00,2025-01-22 15:00,2025-01-23 16:00,20,24,-19.847,-5.154,-14.693,False,,,,
2025-02-06,10Y to 20Y,ZB,01:40 PM,02:00 PM,2.0,False,,2025-02-05 16:00,2025-02-06 13:00,2025-02-06 15:00,2025-02-07 16:00,20,24,-10.767,-48.439,37.672,True,37.734,437.5,306.5,26.57
2025-02-12,1Mo to 2Y,ZT,01:40 PM,02:00 PM,4.0,True,2025-02-11,2025-02-11 16:00,2025-02-12 13:00,2025-02-12 15:00,2025-02-13 16:00,20,24,-14.454,10.665,-25.119,False,,,,
2025-02-26,20Y to 30Y,UB,01:40 PM,02:00 PM,2.0,False,,2025-02-25 16:00,2025-02-26 13:00,2025-02-26 15:00,2025-02-27 16:00,20,24,25.265,-77.831,103.096,True,103.579,1281.25,1150.25,92.616
2025-03-05,10Y to 20Y,ZB,01:40 PM,02:00 PM,2.0,False,,2025-03-04 16:00,2025-03-05 13:00,2025-03-05 15:00,2025-03-06 16:00,20,24,-74.035,-39.883,-34.152,True,-34.09,-406.25,-537.25,-45.254
2025-03-11,2Y to 3Y,ZT,01:40 PM,02:00 PM,4.0,True,2025-03-11,2025-03-10 16:00,2025-03-11 13:00,2025-03-11 15:00,2025-03-12 16:00,20,24,-0.377,-10.56,10.183,False,,,,
2025-03-18,7Y to 10Y,ZN,01:40 PM,02:00 PM,0.985,False,,2025-03-17 16:00,2025-03-18 13:00,2025-03-18 15:00,2025-03-19 16:00,20,24,9.888,19.743,-9.855,False,,,,
2025-04-02,20Y to 30Y,UB,01:40 PM,02:00 PM,2.0,False,,2025-04-01 16:00,2025-04-02 13:00,2025-04-02 15:00,2025-04-03 16:00,20,24,-60.514,96.154,-156.668,True,-156.185,-1937.5,-2068.5,-167.148
2025-04-15,5Y to 7Y,ZN,01:40 PM,02:00 PM,0.443,False,,2025-04-14 16:00,2025-04-15 13:00,2025-04-15 15:00,2025-04-16 16:00,20,24,38.114,30.951,7.163,False,,,,
2025-04-22,3Y to 5Y,ZF,01:40 PM,02:00 PM,4.0,True,2025-04-23,2025-04-21 16:00,2025-04-22 13:00,2025-04-22 15:00,2025-04-23 16:00,20,24,-5.05,-14.432,9.382,False,,,,
2025-05-06,10Y to 20Y,ZB,01:40 PM,02:00 PM,2.0,False,,2025-05-05 16:00,2025-05-06 13:00,2025-05-06 15:00,2025-05-07 16:00,20,24,-30.005,46.284,-76.289,True,-76.227,-875.0,-1006.0,-87.391
2025-05-15,1Mo to 2Y,ZT,01:40 PM,02:00 PM,4.0,False,,2025-05-14 16:00,2025-05-15 13:00,2025-05-15 15:00,2025-05-16 16:00,20,24,14.761,-4.535,19.296,False,,,,
2025-05-29,20Y to 30Y,UB,01:40 PM,02:00 PM,2.0,False,,2025-05-28 16:00,2025-05-29 13:00,2025-05-29 15:00,2025-05-30 16:00,20,24,73.131,8.059,65.072,True,65.555,749.941,618.941,54.592
2025-06-04,10Y to 20Y,ZB,01:40 PM,02:00 PM,2.0,False,,2025-06-03 16:00,2025-06-04 13:00,2025-06-04 15:00,2025-06-05 16:00,20,24,153.417,-8.258,161.675,True,161.736,1812.5,1681.5,150.573
2025-06-12,2Y to 3Y,ZT,01:40 PM,02:00 PM,1.546,False,,2025-06-11 16:00,2025-06-12 13:00,2025-06-12 15:00,2025-06-13 16:00,20,24,7.161,-9.416,16.577,False,,,,
2025-06-17,7Y to 10Y,ZN,01:40 PM,02:00 PM,1.066,False,,2025-06-16 16:00,2025-06-17 13:00,2025-06-17 15:00,2025-06-18 16:00,20,24,26.878,4.229,22.649,False,,,,
2025-07-02,20Y to 30Y,UB,01:40 PM,02:00 PM,2.0,False,,2025-07-01 16:00,2025-07-02 13:00,2025-07-02 15:00,2025-07-03 16:00,20,24,-107.442,-50.198,-57.244,True,-56.761,-687.5,-818.5,-67.724
2025-07-10,5Y to 7Y,ZN,01:40 PM,02:00 PM,1.25,True,2025-07-09,2025-07-09 16:00,2025-07-10 13:00,2025-07-10 15:00,2025-07-11 16:00,20,24,-18.253,-39.342,21.089,False,,,,
2025-07-23,3Y to 5Y,ZF,01:40 PM,02:00 PM,4.0,False,,2025-07-22 16:00,2025-07-23 13:00,2025-07-23 15:00,2025-07-24 16:00,20,24,-19.433,-13.705,-5.728,False,,,,
2025-07-31,10Y to 20Y,ZB,01:40 PM,02:00 PM,2.0,False,,2025-07-30 16:00,2025-07-31 13:00,2025-07-31 15:00,2025-08-01 16:00,20,24,38.377,131.363,-92.986,True,-92.924,-1062.5,-1193.5,-104.087
2025-08-19,1Mo to 2Y,ZT,01:40 PM,02:00 PM,4.0,False,,2025-08-18 16:00,2025-08-19 13:00,2025-08-19 15:00,2025-08-20 16:00,20,24,3.011,1.505,1.506,False,,,,
2025-08-21,20Y to 30Y,UB,01:40 PM,02:00 PM,2.0,False,,2025-08-20 16:00,2025-08-21 13:00,2025-08-21 15:00,2025-08-22 16:00,20,24,-77.23,69.63,-146.861,True,-146.378,-1718.75,-1849.75,-157.341
2025-08-26,5Y to 7Y,ZN,01:40 PM,02:00 PM,1.399,False,,2025-08-25 16:00,2025-08-26 13:00,2025-08-26 15:00,2025-08-27 16:00,20,24,19.542,16.708,2.834,False,,,,
2025-09-03,10Y to 20Y,ZB,01:40 PM,02:00 PM,2.0,False,,2025-09-02 16:00,2025-09-03 13:00,2025-09-03 15:00,2025-09-04 16:00,20,24,96.366,46.385,49.981,True,50.043,562.5,431.5,38.879
2025-09-10,20Y to 30Y,UB,01:40 PM,02:00 PM,2.0,True,2025-09-11,2025-09-09 16:00,2025-09-10 13:00,2025-09-10 15:00,2025-09-11 16:00,20,24,44.133,43.826,0.307,True,0.79,0.0,-131.0,-10.173
2025-09-18,10Y to 20Y,ZB,01:40 PM,02:00 PM,2.0,False,,2025-09-17 16:00,2025-09-18 13:00,2025-09-18 15:00,2025-09-19 16:00,20,24,-53.149,-32.086,-21.064,True,-21.002,-250.0,-381.0,-32.165
2025-10-01,3Y to 5Y,ZF,01:40 PM,02:00 PM,2.898,False,,2025-09-30 16:00,2025-10-01 13:00,2025-10-01 15:00,2025-10-02 16:00,20,24,18.605,-0.0,18.605,False,,,,
2025-10-02,20Y to 30Y,UB,01:40 PM,02:00 PM,2.0,False,,2025-10-01 16:00,2025-10-02 13:00,2025-10-02 15:00,2025-10-03 16:00,20,24,44.133,-23.298,67.431,True,67.914,812.5,681.5,56.951
2025-10-07,10Y to 20Y,ZB,01:40 PM,02:00 PM,2.0,False,,2025-10-06 16:00,2025-10-07 13:00,2025-10-07 15:00,2025-10-08 16:00,20,24,53.778,0.0,53.778,True,53.84,625.0,494.0,42.676
2025-10-16,7Y to 10Y,ZN,01:40 PM,02:00 PM,0.192,False,,2025-10-15 16:00,2025-10-16 13:00,2025-10-16 15:00,2025-10-17 16:00,20,24,31.724,-21.978,53.702,False,,,,
2025-10-22,2Y to 3Y,ZT,01:40 PM,02:00 PM,1.902,False,,2025-10-21 16:00,2025-10-22 13:00,2025-10-22 15:00,2025-10-23 16:00,20,24,-0.374,-8.6,8.226,False,,,,
2025-10-28,20Y to 30Y,UB,01:40 PM,02:00 PM,2.0,False,,2025-10-27 16:00,2025-10-28 13:00,2025-10-28 15:00,2025-10-29 16:00,20,24,25.323,-98.535,123.857,True,124.34,1531.25,1400.25,113.377
2025-11-05,10Y to 20Y,ZB,01:40 PM,02:00 PM,2.0,False,,2025-11-04 16:00,2025-11-05 13:00,2025-11-05 15:00,2025-11-06 16:00,20,24,-85.152,69.761,-154.913,True,-154.851,-1812.5,-1943.5,-166.015
2025-11-18,5Y to 7Y,ZN,01:40 PM,02:00 PM,3.387,False,,2025-11-17 16:00,2025-11-18 13:00,2025-11-18 15:00,2025-11-19 16:00,20,24,4.161,-5.542,9.703,False,,,,
2025-11-20,20Y to 30Y,UB,01:40 PM,02:00 PM,0.785,False,,2025-11-19 16:00,2025-11-20 13:00,2025-11-20 15:00,2025-11-21 16:00,20,24,36.525,28.609,7.916,True,8.399,93.75,-37.25,-2.564
2025-12-04,10Y to 20Y,ZB,01:40 PM,02:00 PM,2.0,False,,2025-12-03 16:00,2025-12-04 13:00,2025-12-04 15:00,2025-12-05 16:00,20,24,-37.513,-40.388,2.874,True,2.936,31.25,-99.75,-8.227
2025-12-17,3Y to 5Y,ZF,01:40 PM,02:00 PM,3.714,False,,2025-12-16 16:00,2025-12-17 13:00,2025-12-17 15:00,2025-12-18 16:00,20,24,-6.43,13.575,-20.005,False,,,,
2025-12-18,20Y to 30Y,UB,01:40 PM,02:00 PM,2.0,False,,2025-12-17 16:00,2025-12-18 13:00,2025-12-18 15:00,2025-12-19 16:00,20,24,34.41,-44.843,79.253,True,79.736,937.5,806.5,68.773
2026-01-08,10Y to 20Y,ZB,01:40 PM,02:00 PM,2.0,False,,2026-01-07 16:00,2026-01-08 13:00,2026-01-08 15:00,2026-01-09 16:00,20,24,-32.371,37.92,-70.291,True,-70.229,-812.5,-943.5,-81.393
2026-01-14,20Y to 30Y,UB,01:40 PM,02:00 PM,2.0,True,2026-01-13,2026-01-13 16:00,2026-01-14 13:00,2026-01-14 15:00,2026-01-15 16:00,20,24,63.526,-0.0,63.526,True,64.008,750.0,619.0,53.046
2026-01-16,7Y to 10Y,ZN,10:40 AM,11:00 AM,0.21,False,,2026-01-15 16:00,2026-01-16 10:00,2026-01-16 12:00,2026-01-20 16:00,17,46,-9.751,-44.674,34.923,False,,,,
2026-01-21,2Y to 3Y,ZT,01:40 PM,02:00 PM,2.786,False,,2026-01-20 16:00,2026-01-21 13:00,2026-01-21 15:00,2026-01-22 16:00,20,24,0.75,-3.001,3.752,False,,,,
2026-01-22,10Y to 20Y,ZB,01:40 PM,02:00 PM,2.0,True,2026-01-21,2026-01-21 16:00,2026-01-22 13:00,2026-01-22 15:00,2026-01-23 16:00,20,24,32.635,24.423,8.212,True,8.274,93.75,-37.25,-2.89
2026-02-04,1Mo to 2Y,ZT,01:40 PM,02:00 PM,4.0,False,,2026-02-03 16:00,2026-02-04 13:00,2026-02-04 15:00,2026-02-05 16:00,20,24,1.5,16.872,-15.372,False,,,,
2026-02-05,20Y to 30Y,UB,01:40 PM,02:00 PM,2.0,False,,2026-02-04 16:00,2026-02-05 13:00,2026-02-05 15:00,2026-02-06 16:00,20,24,88.401,18.597,69.804,True,70.286,812.5,681.5,59.324
2026-02-10,10Y to 20Y,ZB,01:40 PM,02:00 PM,2.0,False,,2026-02-09 16:00,2026-02-10 13:00,2026-02-10 15:00,2026-02-11 16:00,20,24,78.442,-32.197,110.639,True,110.701,1281.25,1150.25,99.538
2026-02-19,5Y to 7Y,ZN,01:40 PM,02:00 PM,1.56,False,,2026-02-18 16:00,2026-02-19 13:00,2026-02-19 15:00,2026-02-20 16:00,20,24,-0.0,-4.149,4.149,False,,,,
2026-02-24,20Y to 30Y,UB,01:40 PM,02:00 PM,2.0,False,,2026-02-23 16:00,2026-02-24 13:00,2026-02-24 15:00,2026-02-25 16:00,20,24,20.725,0.0,20.725,True,21.208,250.0,119.0,10.245
2026-03-02,1Mo to 2Y,ZT,01:40 PM,02:00 PM,0.03,False,,2026-02-27 16:00,2026-03-02 13:00,2026-03-02 15:00,2026-03-03 16:00,20,24,-20.536,-3.741,-16.795,False,,,,
2026-03-04,3Y to 5Y,ZF,01:40 PM,02:00 PM,2.463,False,,2026-03-03 16:00,2026-03-04 13:00,2026-03-04 15:00,2026-03-05 16:00,20,24,-9.27,-21.426,12.155,False,,,,
2026-03-05,10Y to 20Y,ZB,01:40 PM,02:00 PM,2.0,False,,2026-03-04 16:00,2026-03-05 13:00,2026-03-05 15:00,2026-03-06 16:00,20,24,-50.789,-18.822,-31.966,True,-31.904,-375.0,-506.0,-43.068
2026-03-12,7Y to 10Y,ZN,01:40 PM,02:00 PM,0.055,True,2026-03-11,2026-03-11 16:00,2026-03-12 13:00,2026-03-12 15:00,2026-03-13 16:00,20,24,-26.529,-0.0,-26.529,False,,,,
2026-03-19,20Y to 30Y,UB,01:40 PM,02:00 PM,0.205,False,,2026-03-18 16:00,2026-03-19 13:00,2026-03-19 15:00,2026-03-20 16:00,20,24,74.886,-167.687,242.573,True,243.056,2843.75,2712.75,232.093
2026-03-26,10Y to 20Y,ZB,01:40 PM,02:00 PM,2.0,False,,2026-03-25 16:00,2026-03-26 13:00,2026-03-26 15:00,2026-03-27 16:00,20,24,-85.235,-41.586,-43.649,True,-43.587,-500.0,-631.0,-54.751
2026-04-09,20Y to 30Y,UB,01:40 PM,02:00 PM,2.0,True,2026-04-09,2026-04-08 16:00,2026-04-09 13:00,2026-04-09 15:00,2026-04-10 16:00,20,24,16.038,-18.767,34.805,True,35.288,406.25,275.25,24.325
2026-04-15,10Y to 20Y,ZB,01:40 PM,02:00 PM,2.0,False,,2026-04-14 16:00,2026-04-15 13:00,2026-04-15 15:00,2026-04-16 16:00,20,24,-35.422,-54.66,19.237,True,19.299,218.75,87.75,8.136
2026-04-23,2Y to 3Y,ZT,01:40 PM,02:05 PM,0.358,False,,2026-04-22 16:00,2026-04-23 13:00,2026-04-23 16:00,2026-04-24 16:00,20,23,-0.377,8.666,-9.043,False,,,,
2026-04-28,20Y to 30Y,UB,01:40 PM,02:00 PM,2.0,False,,2026-04-27 16:00,2026-04-28 13:00,2026-04-28 15:00,2026-04-29 16:00,20,24,-10.787,-70.138,59.35,True,59.833,687.5,556.5,48.87
2026-05-06,10Y to 20Y,ZB,01:40 PM,02:00 PM,2.0,False,,2026-05-05 16:00,2026-05-06 13:00,2026-05-06 15:00,2026-05-07 16:00,20,24,72.082,-44.017,116.099,True,116.16,1312.5,1181.5,104.997
2026-05-07,1Mo to 2Y,ZT,01:40 PM,02:00 PM,4.0,False,,2026-05-06 16:00,2026-05-07 13:00,2026-05-07 15:00,2026-05-08 16:00,20,24,-4.902,4.529,-9.431,False,,,,
2026-05-19,3Y to 5Y,ZF,01:40 PM,02:00 PM,1.674,False,,2026-05-18 16:00,2026-05-19 13:00,2026-05-19 15:00,2026-05-20 16:00,20,24,-24.868,39.601,-64.469,False,,,,
2026-05-21,5Y to 7Y,ZN,01:40 PM,02:00 PM,0.3,False,,2026-05-20 16:00,2026-05-21 13:00,2026-05-21 15:00,2026-05-22 16:00,20,24,-22.854,17.162,-40.016,False,,,,
2026-06-03,20Y to 30Y,UB,01:40 PM,02:00 PM,2.0,False,,2026-06-02 16:00,2026-06-03 13:00,2026-06-03 15:00,2026-06-04 16:00,20,24,-51.673,21.846,-73.519,True,-73.036,-843.75,-974.75,-83.999
2026-06-09,10Y to 20Y,ZB,01:40 PM,02:00 PM,2.0,False,,2026-06-08 16:00,2026-06-09 13:00,2026-06-09 15:00,2026-06-10 16:00,20,24,36.537,-22.365,58.902,True,58.964,656.25,525.25,47.801
2026-06-16,7Y to 10Y,ZN,01:40 PM,02:00 PM,0.57,False,,2026-06-15 16:00,2026-06-16 13:00,2026-06-16 15:00,2026-06-17 16:00,20,24,27.073,-62.536,89.609,False,,,,
2026-06-25,20Y to 30Y,UB,01:40 PM,02:00 PM,2.0,False,,2026-06-24 16:00,2026-06-25 13:00,2026-06-25 15:00,2026-06-26 16:00,20,24,2.67,-10.684,13.353,True,13.836,156.25,25.25,2.873
2026-07-01,10Y to 20Y,ZB,01:40 PM,02:00 PM,2.0,False,,2026-06-30 16:00,2026-07-01 13:00,2026-07-01 15:00,2026-07-02 16:00,20,24,-41.448,-8.322,-33.126,True,-33.064,-375.0,-506.0,-44.228
2026-07-09,2Y to 3Y,ZT,01:40 PM,02:00 PM,2.295,False,,2026-07-08 16:00,2026-07-09 13:00,2026-07-09 15:00,2026-07-10 16:00,20,24,6.45,-7.204,13.654,False,,,,
2026-07-16,20Y to 30Y,UB,01:40 PM,02:00 PM,2.0,False,,2026-07-15 16:00,2026-07-16 13:00,2026-07-16 15:00,2026-07-17 16:00,20,24,-16.602,47.104,-63.707,True,-63.224,-718.75,-849.75,-74.187
2026-07-23,10Y to 20Y,ZB,01:40 PM,02:00 PM,2.0,True,2026-07-22,2026-07-22 16:00,2026-07-23 13:00,2026-07-23 15:00,2026-07-24 16:00,20,24,-36.942,17.123,-54.066,True,-54.004,-593.75,-724.75,-65.167
2026-07-28,20Y to 30Y,UB,01:40 PM,02:00 PM,2.0,False,,2026-07-27 16:00,2026-07-28 13:00,2026-07-28 15:00,2026-07-29 16:00,20,24,58.463,-163.435,221.898,True,222.381,2500.0,2369.0,211.418
2026-08-06,1Mo to 2Y,ZT,01:40 PM,02:00 PM,4.0,False,,2026-08-05 16:00,2026-08-06 13:00,2026-08-06 15:00,2026-08-07 16:00,20,24,-11.375,9.111,-20.486,False,,,,
2026-08-11,10Y to 20Y,ZB,01:40 PM,02:00 PM,2.0,False,,2026-08-10 16:00,2026-08-11 13:00,2026-08-11 15:00,2026-08-12 16:00,20,24,28.719,-8.591,37.31,True,37.372,406.25,275.25,26.208
2026-08-18,20Y to 30Y,UB,01:40 PM,02:00 PM,2.0,False,,2026-08-17 16:00,2026-08-18 13:00,2026-08-18 15:00,2026-08-19 16:00,20,24,31.492,165.431,-133.939,True,-133.456,-1468.75,-1599.75,-144.419
2026-08-20,3Y to 5Y,ZF,01:40 PM,02:00 PM,1.86,False,,2026-08-19 16:00,2026-08-20 13:00,2026-08-20 15:00,2026-08-21 16:00,20,24,-18.332,-13.957,-4.375,False,,,,
2026-08-25,5Y to 7Y,ZN,01:40 PM,02:00 PM,1.191,False,,2026-08-24 16:00,2026-08-25 13:00,2026-08-25 15:00,2026-08-26 16:00,20,24,36.018,-12.916,48.934,False,,,,
2026-09-10,10Y to 20Y,ZB,01:40 PM,02:00 PM,5.187,False,,2026-09-09 16:00,2026-09-10 13:00,2026-09-10 15:00,2026-09-11 16:00,20,24,-75.123,-8.772,-66.351,True,-66.289,-718.75,-849.75,-77.453
2026-09-17,7Y to 10Y,ZN,01:40 PM,02:00 PM,2.385,False,,2026-09-16 16:00,2026-09-17 13:00,2026-09-17 15:00,2026-09-18 16:00,20,24,38.422,-38.258,76.68,False,,,,
2026-09-24,20Y to 30Y,UB,01:40 PM,02:00 PM,4.078,False,,2026-09-23 16:00,2026-09-24 13:00,2026-09-24 15:00,2026-09-25 16:00,20,24,-63.916,-49.897,-14.019,True,-13.536,-156.25,-287.25,-24.499
