month,anchor,regime,es_W5_3,es_W4_2,es_W3_1,y_W5_3,y_W4_2,y_W3_1,excluded_gap,es_d_T1vsT2,es_d_T2vsT3,y_d_T1vsT2,y_d_T2vsT3
2010-07,2010-07-30,T+3,187.359,37.100,-117.413,-262.324,-22.926,159.563,False,-154.513,-150.259,182.488,239.399
2010-08,2010-08-31,T+3,-180.914,124.581,-54.524,-220.799,221.024,-68.837,False,-179.105,305.495,-289.862,441.823
2010-09,2010-09-30,T+3,75.348,201.166,-34.817,-39.069,-146.321,109.636,False,-235.983,125.818,255.957,-107.252
2010-10,2010-10-29,T+3,48.814,-4.165,-21.121,-114.344,-99.945,-16.849,False,-16.956,-52.979,83.097,14.399
2010-11,2010-11-30,T+3,-8.229,-108.514,67.325,-12.596,66.415,-113.102,False,175.839,-100.285,-179.517,79.011
2010-12,2010-12-31,T+3,2.015,27.925,8.000,-91.721,26.493,-4.479,False,-19.925,25.910,-30.972,118.214
2011-01,2011-01-31,T+3,99.348,67.854,-111.510,-93.945,-39.071,136.268,False,-179.364,-31.494,175.339,54.874
2011-02,2011-02-28,T+3,-239.689,-273.544,38.730,310.740,348.478,-26.974,False,312.274,-33.855,-375.451,37.738
2011-03,2011-03-31,T+3,100.582,72.829,116.386,109.685,-126.548,-117.600,False,43.557,-27.753,8.948,-236.233
2011-04,2011-04-29,T+3,124.086,140.278,186.670,53.854,90.807,126.664,False,46.392,16.192,35.856,36.953
2011-05,2011-05-31,T+3,-95.482,70.231,117.462,-120.903,8.052,56.609,False,47.232,165.712,48.557,128.955
2011-06,2011-06-30,T+3,-55.546,105.114,313.421,-116.200,171.516,473.216,False,208.307,160.661,301.699,287.716
2011-07,2011-07-29,T+3,-87.831,-298.545,-273.300,-123.134,-292.338,-302.292,False,25.246,-210.715,-9.954,-169.204
2011-08,2011-08-31,T+3,131.661,281.062,452.732,131.291,253.100,421.273,False,171.669,149.401,168.173,121.810
2011-09,2011-09-30,T+3,416.078,155.552,-11.851,554.419,235.736,36.125,False,-167.404,-260.525,-199.612,-318.683
2011-10,2011-10-31,T+3,35.527,257.260,449.375,-35.133,-332.228,-543.442,False,192.115,221.733,-211.215,-297.095
2011-11,2011-11-30,T+3,-313.163,54.001,294.228,-318.127,65.797,351.436,False,240.228,367.164,285.640,383.924
2011-12,2011-12-30,T+3,186.920,-26.932,-16.652,219.828,302.317,252.723,False,10.280,-213.852,-49.595,82.489
2012-01,2012-01-31,T+3,21.456,19.578,-94.849,86.391,102.424,182.997,False,-114.427,-1.878,80.573,16.033
2012-02,2012-02-29,T+3,31.379,80.960,67.782,12.862,-40.446,-30.869,False,-13.178,49.581,9.576,-53.308
2012-03,2012-03-30,T+3,146.033,61.978,-97.734,-73.313,-28.036,164.253,False,-159.711,-84.056,192.289,45.277
2012-04,2012-04-30,T+3,91.887,244.074,225.201,95.419,239.294,194.372,False,-18.873,152.188,-44.922,143.875
2012-05,2012-05-31,T+3,5.763,110.258,-51.400,-22.350,106.705,-141.456,False,-161.658,104.494,-248.161,129.055
2012-06,2012-06-29,T+3,-38.078,-22.551,114.701,44.062,62.516,-93.627,False,137.252,15.527,-156.143,18.454
2012-07,2012-07-31,T+3,75.759,353.142,355.017,82.667,427.185,453.499,False,1.875,277.384,26.313,344.519
2012-08,2012-08-31,T+3,50.014,-1.771,-74.543,-31.302,23.998,100.231,False,-72.772,-51.785,76.233,55.300
2012-09,2012-09-28,T+3,-124.034,-174.608,-64.568,184.077,240.387,103.334,False,110.040,-50.574,-137.053,56.310
2012-10,2012-10-31,T+3,-164.917,-141.681,-7.026,128.256,222.220,-17.840,False,134.654,23.236,-240.059,93.964
2012-11,2012-11-30,T+3,63.625,23.529,75.029,39.036,-17.429,37.624,False,51.500,-40.096,55.053,-56.465
2012-12,2012-12-31,T+3,-165.872,-86.175,-162.635,198.975,115.667,213.323,False,-76.459,79.697,97.656,-83.308
2013-01,2013-01-31,T+3,45.358,85.437,-6.502,-125.810,-162.413,-8.946,False,-91.939,40.078,153.467,-36.603
2013-02,2013-02-28,T+3,-152.828,-24.223,7.792,-245.285,-88.268,-46.759,False,32.015,128.605,41.509,157.017
2013-03,2013-03-28,T+3,-42.859,120.119,40.573,69.037,-99.920,11.654,False,-79.546,162.978,111.575,-168.957
2013-04,2013-04-30,T+3,153.633,27.079,92.026,66.221,-1.248,-66.204,False,64.947,-126.554,-64.956,-67.468
2013-05,2013-05-31,T+3,27.408,-11.726,32.276,-105.955,-45.149,-86.771,False,44.002,-39.134,-41.622,60.806
2013-06,2013-06-28,T+3,7.733,67.761,257.998,125.982,62.689,143.213,False,190.237,60.028,80.524,-63.292
2013-07,2013-07-31,T+3,-5.802,1.583,-23.700,-23.631,7.081,10.125,False,-25.283,7.385,3.045,30.712
2013-08,2013-08-30,T+3,-161.568,-162.508,-111.095,-276.763,-197.672,-131.215,False,51.413,-0.940,66.457,79.090
2013-09,2013-09-30,T+3,-94.246,-17.606,-38.331,172.625,57.435,65.646,False,-20.725,76.640,8.212,-115.191
2013-10,2013-10-31,T+3,93.058,118.370,23.066,-95.484,-92.624,-32.835,False,-95.304,25.313,59.789,2.860
2013-11,2013-11-29,T+3,124.731,47.417,18.039,-93.833,1.973,-9.357,False,-29.378,-77.314,-11.330,95.806
2013-12,2013-12-31,T+3,127.684,73.948,34.188,-188.402,-111.944,-16.395,False,-39.760,-53.736,95.548,76.458
2014-01,2014-01-31,T+3,-203.778,-87.874,74.234,-228.900,-121.664,24.179,False,162.108,115.904,145.842,107.236
2014-02,2014-02-28,T+3,35.525,50.495,44.768,-13.103,-9.459,19.848,False,-5.726,14.969,29.307,3.643
2014-03,2014-03-31,T+3,-68.375,-45.634,-49.477,93.712,77.291,59.705,False,-3.843,22.741,-17.585,-16.421
2014-04,2014-04-30,T+3,-82.712,-29.062,-4.857,-113.011,-26.554,-14.960,False,24.204,53.650,11.594,86.457
2014-05,2014-05-30,T+3,126.794,91.107,105.153,15.692,31.835,-64.151,False,14.046,-35.688,-95.986,16.143
2014-06,2014-06-30,T+3,-20.186,-21.478,59.178,55.365,84.232,-21.606,False,80.656,-1.292,-105.838,28.867
2014-07,2014-07-31,T+3,-42.885,-84.705,-36.734,51.822,142.264,132.962,False,47.971,-41.820,-9.303,90.442
2014-08,2014-08-29,T+3,44.042,54.120,-2.500,-45.275,-26.832,34.722,False,-56.619,10.077,61.554,18.443
2014-09,2014-09-30,T+3,,,,,,,True,,,,
2014-10,2014-10-31,T+3,174.337,88.362,170.742,182.926,88.917,49.410,False,82.380,-85.975,-39.507,-94.009
2014-11,2014-11-28,T+3,99.843,76.675,43.615,-61.559,-32.288,3.181,False,-33.059,-23.168,35.469,29.271
2014-12,2014-12-30,T+3,,,,,,,True,,,,
2015-01,2015-01-30,T+3,-165.586,-243.124,-169.912,-207.978,-296.158,-217.066,False,73.212,-77.538,79.092,-88.180
2015-02,2015-02-27,T+3,86.958,16.643,9.547,-2.605,84.797,0.524,False,-7.096,-70.315,-84.273,87.402
2015-03,2015-03-31,T+3,-232.726,-152.379,123.097,-186.702,-106.467,133.917,False,275.476,80.347,240.384,80.235
2015-04,2015-04-30,T+3,7.275,10.822,-53.203,36.390,-32.509,-23.009,False,-64.025,3.547,9.501,-68.899
2015-05,2015-05-29,T+3,-101.146,-35.427,-23.723,160.107,244.247,259.449,False,11.704,65.719,15.202,84.140
2015-06,2015-06-30,T+3,-104.220,-107.753,-245.921,83.144,74.175,289.909,False,-138.168,-3.534,215.734,-8.970
2015-07,2015-07-31,T+3,-41.557,134.097,193.159,170.710,137.696,236.280,False,59.063,175.653,98.584,-33.013
2015-08,2015-08-31,T+3,-136.565,523.929,636.653,-67.365,616.202,687.766,False,112.724,660.494,71.564,683.567
2015-09,2015-09-30,T+3,-53.155,-292.735,-253.634,40.975,334.319,264.705,False,39.100,-239.580,-69.614,293.344
2015-10,2015-10-30,T+3,67.683,69.352,91.135,-72.373,-82.549,-171.346,False,21.783,1.669,-88.797,-10.177
2015-11,2015-11-30,T+3,40.906,0.021,32.372,72.197,17.761,7.739,False,32.351,-40.885,-10.022,-54.436
2015-12,2015-12-31,T+3,83.003,67.306,24.045,81.747,99.464,212.166,False,-43.261,-15.697,112.702,17.717
2016-01,2016-01-29,T+3,190.410,-124.565,80.170,185.497,-165.912,47.402,False,204.735,-314.976,213.314,-351.408
2016-02,2016-02-29,T+3,61.754,41.434,143.233,52.192,-1.533,156.252,False,101.799,-20.320,157.785,-53.725
2016-03,2016-03-31,T+3,-66.134,94.935,145.055,107.401,-34.500,-77.368,False,50.120,161.069,-42.868,-141.901
2016-04,2016-04-29,T+3,1.234,16.815,-54.940,-39.858,3.824,109.318,False,-71.755,15.582,105.494,43.682
2016-05,2016-05-31,T+3,183.653,203.086,114.230,59.404,103.042,-114.162,False,-88.856,19.433,-217.204,43.638
2016-06,2016-06-30,T+3,-411.005,-367.494,173.457,-557.315,-560.153,146.053,False,540.951,43.512,706.206,-2.838
2016-07,2016-07-29,T+3,24.425,-31.144,4.635,-38.593,64.267,40.302,False,35.779,-55.569,-23.965,102.860
2016-08,2016-08-31,T+3,-77.964,23.126,15.122,20.002,-45.445,-25.633,False,-8.004,101.090,19.812,-65.446
2016-09,2016-09-30,T+3,-74.511,30.780,22.946,2.946,-1.418,12.241,False,-7.834,105.291,13.659,-4.364
2016-10,2016-10-31,T+3,-10.381,-78.308,-77.381,84.959,35.120,-31.731,False,0.927,-67.927,-66.851,-49.839
2016-11,2016-11-30,T+3,72.733,1.374,9.328,-105.052,-6.220,21.857,False,7.954,-71.359,28.077,98.832
2016-12,2016-12-30,T+3,13.304,-51.823,-61.798,-24.694,79.746,104.863,False,-9.975,-65.127,25.117,104.440
2017-01,2017-01-31,T+3,136.687,60.605,-84.049,-6.665,-80.630,106.745,False,-144.654,-76.082,187.375,-73.966
2017-02,2017-02-28,T+3,58.572,11.649,34.912,-29.770,59.637,-9.749,False,23.263,-46.924,-69.386,89.407
2017-03,2017-03-31,T+3,51.367,67.310,114.084,56.340,52.174,140.355,False,46.774,15.943,88.181,-4.166
2017-04,2017-04-28,T+3,138.020,162.549,61.160,-10.790,57.435,-75.971,False,-101.388,24.529,-133.406,68.225
2017-05,2017-05-31,T+3,89.627,67.681,38.540,1.388,-39.136,-15.018,False,-29.141,-21.946,24.119,-40.524
2017-06,2017-06-30,T+3,-60.518,10.932,-78.284,-23.548,50.369,104.942,False,-89.216,71.450,54.573,73.916
2017-07,2017-07-31,T+3,20.250,14.195,-22.237,-48.582,-42.555,53.359,False,-36.432,-6.055,95.914,6.027
2017-08,2017-08-31,T+3,2.091,31.769,58.286,-0.399,-10.105,41.025,False,26.517,29.678,51.130,-9.706
2017-09,2017-09-29,T+2,-16.001,22.075,52.063,44.611,-44.366,-94.227,False,29.988,38.076,-49.861,-88.977
2017-10,2017-10-31,T+2,-24.268,44.194,56.044,-25.830,-42.885,-14.628,False,11.850,68.462,28.257,-17.054
2017-11,2017-11-30,T+2,9.650,119.254,91.378,21.690,-124.234,-112.610,False,-27.876,109.604,11.624,-145.924
2017-12,2017-12-29,T+2,15.853,-13.022,-7.433,-4.466,53.481,32.758,False,5.590,-28.875,-20.723,57.947
2018-01,2018-01-31,T+2,114.448,49.235,-55.926,-145.047,-85.003,-11.851,False,-105.161,-65.213,73.152,60.043
2018-02,2018-02-28,T+2,119.558,290.362,150.620,101.335,238.438,144.044,False,-139.742,170.803,-94.395,137.104
2018-03,2018-03-29,T+2,-194.183,-114.847,71.878,362.743,-149.921,53.625,False,186.725,79.336,203.546,-512.665
2018-04,2018-04-30,T+2,-119.604,-11.644,133.514,82.951,10.376,-115.142,False,145.158,107.960,-125.518,-72.575
2018-05,2018-05-31,T+2,-17.356,-161.621,-10.365,109.109,307.736,439.136,False,151.256,-144.265,131.401,198.626
2018-06,2018-06-29,T+2,-98.476,-203.808,1.553,150.215,50.762,-21.916,False,205.361,-105.332,-72.678,-99.453
2018-07,2018-07-31,T+2,105.980,-3.728,-155.322,-122.981,-5.407,147.487,False,-151.594,-109.708,152.894,117.573
2018-08,2018-08-31,T+2,143.786,135.154,13.172,-181.400,-179.263,-22.229,False,-121.982,-8.632,157.034,2.137
2018-09,2018-09-28,T+2,-54.562,-76.858,-16.167,40.074,87.430,33.324,False,60.691,-22.297,-54.106,47.356
2018-10,2018-10-31,T+2,-303.999,-52.137,-84.214,-367.461,-64.082,-104.071,False,-32.077,251.863,-39.989,303.379
2018-11,2018-11-30,T+2,121.874,436.005,242.902,121.861,441.233,216.695,False,-193.102,314.131,-224.538,319.373
2018-12,2018-12-31,T+2,29.899,327.869,611.046,41.316,312.145,590.228,False,283.177,297.969,278.083,270.829
2019-01,2019-01-31,T+2,13.891,-9.770,65.162,-8.688,14.961,-13.770,False,74.932,-23.661,-28.731,23.648
2019-02,2019-02-28,T+2,37.891,66.643,1.808,-50.626,-33.316,-14.554,False,-64.835,28.752,18.762,17.310
2019-03,2019-03-29,T+2,-130.702,14.606,59.103,303.266,-18.086,45.278,False,44.497,145.309,63.364,-321.352
2019-04,2019-04-30,T+2,56.913,17.149,50.330,-18.782,24.718,-56.617,False,33.181,-39.765,-81.335,43.500
2019-05,2019-05-31,T+2,-197.601,-142.033,-137.274,-275.292,-172.051,-197.206,False,4.759,55.568,-25.155,103.242
2019-06,2019-06-28,T+2,-123.638,-122.931,-77.703,137.157,126.733,71.700,False,45.228,0.708,-55.033,-10.425
2019-07,2019-07-31,T+2,64.250,0.355,26.832,-74.045,-12.595,-20.694,False,26.477,-63.896,-8.099,61.450
2019-08,2019-08-30,T+2,-186.720,142.161,157.043,-259.804,117.087,137.889,False,14.883,328.881,20.802,376.892
2019-09,2019-09-30,T+2,-18.712,-45.491,-19.864,26.189,51.755,-9.914,False,25.627,-26.779,-61.669,25.566
2019-10,2019-10-31,T+2,113.641,90.410,79.332,-161.845,-134.986,-67.179,False,-11.079,-23.231,67.807,26.860
2019-11,2019-11-29,T+2,80.435,118.077,139.313,-104.502,-103.599,-148.930,False,21.236,37.642,-45.331,0.902
2019-12,2019-12-31,T+2,57.343,47.280,-12.110,-40.279,-8.309,29.152,False,-59.390,-10.063,37.460,31.971
2020-01,2020-01-31,T+2,-146.896,-65.105,127.850,37.991,-131.146,109.858,False,192.955,81.790,241.004,-169.137
2020-02,2020-02-28,T+2,-740.982,-673.954,-797.102,209.794,39.467,-844.137,False,-123.148,67.028,-883.603,-170.327
2020-03,2020-03-31,T+2,1690.915,420.255,605.392,1743.900,329.362,516.774,False,185.137,-1270.659,187.413,-1414.538
2020-04,2020-04-30,T+2,285.749,243.156,357.912,-317.190,-246.407,-361.162,False,114.756,-42.594,-114.756,70.783
2020-05,2020-05-29,T+2,73.327,293.932,257.032,-67.693,-289.425,-267.131,False,-36.900,220.605,22.294,-221.732
2020-06,2020-06-30,T+2,-104.482,-385.529,15.144,116.877,420.427,288.946,False,400.674,-281.047,-131.481,303.550
2020-07,2020-07-31,T+2,-52.150,131.989,25.681,58.886,-114.068,15.721,False,-106.308,184.139,129.790,-172.955
2020-08,2020-08-31,T+2,237.676,156.145,187.205,-260.072,-189.784,-192.775,False,31.060,-81.531,-2.992,70.289
2020-09,2020-09-30,T+2,-45.224,356.666,275.732,-53.061,347.709,262.302,False,-80.934,401.890,-85.407,400.771
2020-10,2020-10-30,T+2,-186.302,-561.827,-276.467,230.322,594.554,521.302,False,285.360,-375.525,-73.252,364.232
2020-11,2020-11-30,T+2,152.855,206.876,171.845,-159.619,-223.805,-158.279,False,-35.031,54.021,65.526,-64.185
2020-12,2020-12-31,T+2,134.177,109.264,87.421,-137.565,-100.195,-82.889,False,-21.843,-24.913,17.306,37.369
2021-01,2021-01-29,T+2,-9.596,-217.828,-176.900,43.820,249.742,164.403,False,40.929,-208.232,-85.339,205.922
2021-02,2021-02-26,T+2,-84.436,44.334,-121.139,52.234,-62.784,-14.026,False,-165.473,128.769,48.758,-115.018
2021-03,2021-03-31,T+2,164.361,212.502,131.820,-190.390,-269.361,-193.471,False,-80.681,48.141,75.890,-78.971
2021-04,2021-04-30,T+2,125.184,17.395,56.249,-171.197,-40.966,-84.569,False,38.855,-107.790,-43.603,130.232
2021-05,2021-05-28,T+2,73.064,99.396,1.232,35.350,68.732,-8.239,False,-98.163,26.332,-76.970,33.382
2021-06,2021-06-30,T+2,81.929,114.206,62.158,-117.364,-108.263,-51.487,False,-52.048,32.277,56.776,9.101
2021-07,2021-07-30,T+2,81.162,-24.881,-6.039,152.138,53.998,15.427,False,18.842,-106.043,-38.571,-98.140
2021-08,2021-08-31,T+2,-22.157,49.530,74.399,-26.792,-52.958,-30.000,False,24.869,71.688,22.957,-26.165
2021-09,2021-09-30,T+2,111.924,-210.847,-213.900,219.018,-144.577,-179.582,False,-3.053,-322.771,-35.005,-363.596
2021-10,2021-10-29,T+2,52.315,17.318,60.692,-18.737,31.748,-49.828,False,43.374,-34.997,-81.576,50.485
2021-11,2021-11-30,T+2,10.198,-214.844,-74.188,-81.868,308.722,513.937,False,140.656,-225.042,205.215,390.590
2021-12,2021-12-31,T+2,199.290,147.355,-21.939,-210.040,-177.261,13.639,False,-169.294,-51.935,190.900,32.779
2022-01,2022-01-31,T+2,-103.414,-198.576,169.528,-32.710,-152.385,185.163,False,368.105,-95.162,337.548,-119.675
2022-02,2022-02-28,T+2,-351.200,-136.323,189.436,-332.734,-122.843,210.326,False,325.759,214.877,333.169,209.891
2022-03,2022-03-31,T+2,272.706,250.101,137.018,-390.761,-286.587,-51.187,False,-113.083,-22.605,235.400,104.174
2022-04,2022-04-29,T+2,-507.828,-207.950,-10.560,-625.737,-273.752,-9.526,False,197.390,299.878,264.226,351.985
2022-05,2022-05-31,T+2,207.467,210.539,531.349,161.660,121.779,514.461,False,320.810,3.072,392.682,-39.881
2022-06,2022-06-30,T+2,383.148,76.624,-252.345,401.586,137.789,-275.241,False,-328.969,-306.523,-413.030,-263.797
2022-07,2022-07-29,T+2,-200.101,150.416,261.459,264.732,-154.249,-153.339,False,111.043,350.517,0.911,-418.981
2022-08,2022-08-31,T+2,-168.848,-266.231,-520.875,167.700,253.117,457.097,False,-254.644,-97.383,203.980,85.417
2022-09,2022-09-30,T+2,-294.732,69.612,-40.914,-116.758,62.844,-132.223,False,-110.526,364.344,-195.067,179.602
2022-10,2022-10-31,T+2,208.016,29.200,107.952,-88.679,150.658,-69.542,False,78.752,-178.816,-220.200,239.337
2022-11,2022-11-30,T+2,191.857,-102.502,-181.868,-116.846,139.977,152.836,False,-79.366,-294.359,12.860,256.822
2022-12,2022-12-30,T+2,-129.475,-111.927,4.941,-26.006,4.127,65.608,False,116.868,17.548,61.481,30.133
2023-01,2023-01-31,T+2,97.346,132.437,3.209,-83.606,-171.821,-80.723,False,-129.228,35.091,91.097,-88.215
2023-02,2023-02-28,T+2,-169.304,-75.728,-29.311,115.244,64.624,26.674,False,46.417,93.576,-37.950,-50.620
2023-03,2023-03-31,T+2,64.203,140.625,175.466,188.199,278.292,208.112,False,34.841,76.422,-70.181,90.093
2023-04,2023-04-28,T+2,-144.192,-196.015,-11.739,249.013,267.414,502.778,False,184.276,-51.823,235.365,18.400
2023-05,2023-05-31,T+2,-108.119,134.021,212.738,317.603,61.686,75.725,False,78.716,242.141,14.039,-255.917
2023-06,2023-06-30,T+2,-12.057,69.896,148.801,23.251,-54.579,-241.142,False,78.905,81.952,-186.563,-77.830
2023-07,2023-07-31,T+2,71.091,-45.082,25.696,-84.924,-31.521,-54.631,False,70.779,-116.173,-23.110,53.403
2023-08,2023-08-31,T+2,-12.633,273.654,245.186,10.047,200.981,162.522,False,-28.468,286.287,-38.459,190.933
2023-09,2023-09-29,T+2,-134.588,-105.972,-93.361,-111.692,-9.471,-76.134,False,12.612,28.616,-66.663,102.221
2023-10,2023-10-31,T+2,-197.384,-314.417,-56.180,-194.862,-317.773,-102.104,False,258.236,-117.033,215.669,-122.911
2023-11,2023-11-30,T+2,20.380,-7.649,-18.056,-14.443,65.183,155.715,False,-10.407,-28.029,90.532,79.626
2023-12,2023-12-29,T+2,157.749,82.162,57.689,-181.294,-28.048,-35.244,False,-24.474,-75.587,-7.196,153.246
2024-01,2024-01-31,T+2,45.500,114.102,51.458,-55.230,-52.158,-23.307,False,-62.644,68.602,28.851,3.072
2024-02,2024-02-29,T+2,169.360,-17.581,-35.752,-162.165,17.662,31.553,False,-18.170,-186.941,13.891,179.826
2024-03,2024-03-28,T+2,-20.250,-69.462,34.840,31.666,97.849,-22.093,False,104.302,-49.213,-119.942,66.183
2024-04,2024-04-30,T+2,68.395,43.011,82.509,114.735,84.919,73.681,False,39.498,-25.384,-11.238,-29.816
2024-05,2024-05-31,T+1,-6.485,2.847,-132.393,-66.685,-83.485,88.017,False,-135.240,9.332,171.502,-16.800
2024-06,2024-06-28,T+1,-17.902,20.440,60.649,26.383,-61.393,-88.808,False,40.209,38.341,-27.415,-87.775
2024-07,2024-07-31,T+1,-175.984,57.671,58.442,-214.074,-8.570,-4.882,False,0.771,233.655,3.688,205.504
2024-08,2024-08-30,T+1,86.842,-70.386,-47.840,-67.466,51.146,27.195,False,22.546,-157.228,-23.951,118.612
2024-09,2024-09-30,T+1,28.686,46.355,-3.322,-53.155,-72.212,-7.471,False,-49.677,17.669,64.741,-19.057
2024-10,2024-10-31,T+1,43.655,38.877,12.928,-73.177,-79.643,-50.960,False,-25.949,-4.778,28.683,-6.465
2024-11,2024-11-29,T+1,111.151,111.829,49.828,-28.455,-38.970,51.320,False,-62.000,0.678,90.290,-10.515
2024-12,2024-12-31,T+1,153.628,-12.550,-232.613,8.700,2.494,274.436,False,-220.063,-166.179,271.942,-6.206
2025-01,2025-01-31,T+1,-92.503,-104.304,87.013,164.528,150.453,-82.699,False,191.316,-11.801,-233.152,-14.075
2025-02,2025-02-28,T+1,-273.675,-96.817,-208.623,38.306,-203.389,-286.798,False,-111.806,176.858,-83.409,-241.695
2025-03,2025-03-31,T+1,78.456,-125.613,-349.187,133.264,-121.400,-393.072,False,-223.575,-204.069,-271.672,-254.664
2025-04,2025-04-30,T+1,434.509,282.301,132.005,359.847,175.422,43.756,False,-150.296,-152.208,-131.665,-184.425
2025-05,2025-05-30,T+1,132.456,75.616,183.308,-54.229,-49.982,-140.708,False,107.692,-56.840,-90.725,4.247
2025-06,2025-06-30,T+1,216.082,195.661,128.979,-11.153,-128.419,-114.918,False,-66.682,-20.421,13.500,-117.266
2025-07,2025-07-31,T+1,37.508,6.743,-44.016,-52.968,42.626,48.415,False,-50.759,-30.765,5.789,95.594
2025-08,2025-08-29,T+1,145.422,17.156,96.532,-89.402,7.955,-42.188,False,79.376,-128.266,-50.143,97.357
2025-09,2025-09-30,T+1,-135.755,-28.761,33.484,108.062,-25.296,-44.536,False,62.245,106.994,-19.240,-133.358
2025-10,2025-10-31,T+1,221.096,147.212,-77.505,-66.110,-202.276,12.740,False,-224.717,-73.884,215.016,-136.166
2025-11,2025-11-28,T+1,87.922,334.071,303.242,29.809,274.708,267.401,False,-30.829,246.149,-7.308,244.899
2025-12,2025-12-31,T+1,72.751,-7.441,-49.835,-53.276,49.136,60.955,False,-42.394,-80.192,11.820,102.412
2026-01,2026-01-30,T+1,90.143,87.652,12.994,-77.539,-91.839,-17.177,False,-74.659,-2.490,74.663,-14.300
2026-02,2026-02-27,T+1,37.291,51.169,98.738,9.588,28.976,91.815,False,47.568,13.879,62.839,19.389
2026-03,2026-03-31,T+1,-163.134,-303.638,-387.046,-98.523,-278.525,-374.813,False,-83.408,-140.504,-96.288,-180.002
2026-04,2026-04-30,T+1,51.838,41.982,-33.972,-68.668,-54.619,-42.050,False,-75.955,-9.855,12.569,14.049
2026-05,2026-05-29,T+1,117.357,99.900,121.444,-77.379,-58.510,-65.840,False,21.545,-17.458,-7.330,18.869
2026-06,2026-06-30,T+1,-148.322,-73.359,93.576,-224.006,-157.475,66.588,False,166.935,74.963,224.062,66.531
2026-07,2026-07-31,T+1,29.537,-130.537,34.110,-33.914,-143.619,35.463,False,164.647,-160.074,179.082,-109.706
2026-08,2026-08-31,T+1,0.404,93.034,41.107,40.049,-81.378,-120.165,False,-51.927,92.630,-38.786,-121.427
2026-09,2026-09-30,T+1,-33.175,-34.703,-42.163,-69.838,-23.168,22.916,False,-7.460,-1.527,46.084,46.670
