month,L,test,proxy_bn_years,trailing_median,big,n_auctions,latest_announcement,window_start,window_end,UB_n_bars,UB_bp,ZB_bp,ZT_bp,flat_bp,UB_giveback_bp,UB_placebo_L10_bp
2010-08,2010-08-31,False,1743.0,,False,9,2010-08-19 11:00,2010-08-26 16:00,2010-08-31 15:00,37,-14.96,20.661,6.412,-72.332,-199.058,307.199
2010-09,2010-09-30,False,1149.0,,False,6,2010-09-23 11:00,2010-09-27 16:00,2010-09-30 15:00,55,24.396,28.123,3.561,-7.464,-48.673,-120.345
2010-10,2010-10-29,False,696.0,,False,3,2010-10-07 11:00,2010-10-26 16:00,2010-10-29 15:00,59,18.579,33.517,13.514,-102.332,-18.544,-290.41
2010-11,2010-11-30,False,1712.0,,False,9,2010-11-18 11:00,2010-11-24 16:00,2010-11-30 15:00,53,296.6,167.943,16.395,149.911,-238.876,-194.291
2010-12,2010-12-30,False,1144.0,,False,6,2010-12-23 11:00,2010-12-27 16:00,2010-12-30 15:00,56,-49.64,-38.61,6.436,-107.229,44.899,-252.374
2011-01,2011-01-31,False,1144.0,,False,6,2011-01-20 11:00,2011-01-26 16:00,2011-01-31 15:00,59,38.207,33.801,12.133,-70.354,-71.048,-50.289
2011-02,2011-02-28,False,1264.0,,False,6,2011-02-17 11:00,2011-02-23 16:00,2011-02-28 15:00,61,144.523,77.499,12.145,35.861,12.497,83.638
2011-03,2011-03-31,False,1144.0,,False,6,2011-03-24 11:00,2011-03-28 16:00,2011-03-31 15:00,60,-5.057,-18.172,2.149,-24.288,30.357,198.777
2011-04,2011-04-29,False,696.0,,False,3,2011-04-07 11:00,2011-04-26 16:00,2011-04-29 15:00,55,-19.822,10.222,6.422,-77.279,39.722,189.258
2011-05,2011-05-31,False,1712.0,,False,9,2011-05-19 11:00,2011-05-25 16:00,2011-05-31 15:00,78,101.547,79.92,13.516,-19.389,131.642,85.47
2011-06,2011-06-30,False,1144.0,,False,6,2011-06-23 11:00,2011-06-27 16:00,2011-06-30 15:00,65,-165.531,-199.154,-11.385,-63.668,-29.703,89.243
2011-07,2011-07-29,False,696.0,,False,3,2011-07-07 11:00,2011-07-26 16:00,2011-07-29 15:00,66,254.916,198.955,10.668,159.467,73.39,-105.314
2011-08,2011-08-31,False,1712.0,,False,9,2011-08-18 11:00,2011-08-26 16:00,2011-08-31 15:00,64,-98.417,-56.574,-0.708,-92.078,157.736,197.282
2011-09,2011-09-30,False,1144.0,,False,6,2011-09-22 11:00,2011-09-27 16:00,2011-09-30 15:00,65,252.525,81.786,-3.546,284.256,299.507,-33.424
2011-10,2011-10-31,False,1144.0,,False,6,2011-10-20 11:00,2011-10-26 16:00,2011-10-31 15:00,67,43.272,18.014,5.678,-7.529,412.392,111.088
2011-11,2011-11-30,False,1264.0,,False,6,2011-11-17 11:00,2011-11-25 16:00,2011-11-30 15:00,65,-227.804,-156.42,4.256,-265.88,-49.811,-63.669
2011-12,2011-12-30,False,696.0,,False,3,2011-12-08 11:00,2011-12-27 16:00,2011-12-30 15:00,63,235.388,160.053,10.637,140.217,-144.221,214.644
2012-01,2012-01-31,False,1592.0,,False,9,2012-01-19 11:00,2012-01-26 16:00,2012-01-31 15:00,65,248.298,179.392,-0.708,254.63,-109.418,124.211
2012-02,2012-02-29,False,1264.0,,False,6,2012-02-16 11:00,2012-02-24 16:00,2012-02-29 15:00,60,28.045,10.929,2.836,2.669,-109.868,213.501
2012-03,2012-03-30,False,696.0,,False,3,2012-03-08 11:00,2012-03-27 16:00,2012-03-30 15:00,63,-71.987,-45.188,-0.0,-71.987,33.147,-231.32
2012-04,2012-04-30,False,1592.0,,False,9,2012-04-19 11:00,2012-04-25 16:00,2012-04-30 15:00,67,75.833,70.485,2.834,50.472,-59.418,143.03
2012-05,2012-05-31,False,1264.0,,False,6,2012-05-17 11:00,2012-05-25 16:00,2012-05-31 15:00,84,286.414,173.362,3.544,254.704,269.28,188.459
2012-06,2012-06-29,False,696.0,,False,3,2012-06-07 11:00,2012-06-26 16:00,2012-06-29 15:00,66,-116.732,-58.786,-1.419,-104.035,121.86,127.556
2012-07,2012-07-31,False,1592.0,,False,9,2012-07-19 11:00,2012-07-26 16:00,2012-07-31 15:00,68,-116.383,-82.068,0.708,-122.721,-9.058,-54.22
2012-08,2012-08-31,True,1264.0,1146.5,True,6,2012-08-23 11:00,2012-08-28 16:00,2012-08-31 15:00,67,124.327,92.205,6.38,67.241,3.573,-171.342
2012-09,2012-09-28,True,696.0,1146.5,False,3,2012-09-06 11:00,2012-09-25 16:00,2012-09-28 15:00,68,43.676,50.463,6.38,-13.41,41.596,-391.04
2012-10,2012-10-31,True,1592.0,1144.0,True,9,2012-10-18 11:00,2012-10-26 16:00,2012-10-31 15:00,63,85.927,73.809,1.419,73.235,-81.409,-255.247
2012-11,2012-11-30,True,1264.0,1204.0,True,6,2012-11-21 11:00,2012-11-27 16:00,2012-11-30 15:00,67,-3.736,28.986,2.835,-29.106,-9.245,35.27
2012-12,2012-12-31,True,1144.0,1204.0,False,6,2012-12-13 11:00,2012-12-26 16:00,2012-12-31 15:00,68,-95.951,-55.038,1.418,-108.638,-106.568,-53.081
2013-01,2013-01-31,True,1144.0,1204.0,False,6,2013-01-24 11:00,2013-01-28 16:00,2013-01-31 15:00,68,-29.851,-17.395,4.965,-74.273,-113.772,29.337
2013-02,2013-02-28,True,1264.0,1204.0,True,6,2013-02-21 11:00,2013-02-25 16:00,2013-02-28 15:00,68,-74.466,-42.836,0.0,-74.466,57.256,-89.874
2013-03,2013-03-29,True,696.0,1204.0,False,3,2013-03-07 11:00,2013-03-26 16:00,2013-03-29 15:00,47,37.826,56.583,1.418,25.141,61.484,-10.099
2013-04,2013-04-30,True,1592.0,1204.0,True,9,2013-04-18 11:00,2013-04-25 16:00,2013-04-30 15:00,68,34.358,31.699,3.542,2.665,112.231,168.998
2013-05,2013-05-31,True,1264.0,1264.0,False,6,2013-05-23 11:00,2013-05-28 16:00,2013-05-31 15:00,67,36.742,31.097,0.709,30.397,63.739,77.029
2013-06,2013-06-28,True,696.0,1264.0,False,3,2013-06-06 11:00,2013-06-25 16:00,2013-06-28 15:00,68,216.826,135.23,13.513,95.924,31.834,32.902
2013-07,2013-07-31,True,1592.0,1264.0,True,9,2013-07-18 11:00,2013-07-26 16:00,2013-07-31 15:00,68,-36.685,-41.763,-0.0,-36.685,-184.102,93.074
2013-08,2013-08-30,True,816.0,1264.0,False,3,2013-07-31 11:00,2013-08-27 16:00,2013-08-30 15:00,67,39.422,0.0,-0.0,39.422,-186.881,-165.966
2013-09,2013-09-30,True,1723.0,1264.0,True,9,2013-09-19 11:00,2013-09-25 16:00,2013-09-30 15:00,68,-52.516,-11.701,4.258,-90.615,-28.597,-29.465
2013-10,2013-10-31,True,1132.0,1264.0,False,6,2013-10-24 11:00,2013-10-28 16:00,2013-10-31 15:00,68,-17.324,-25.439,2.836,-42.703,-104.121,137.168
2013-11,2013-11-29,True,810.0,1264.0,False,3,2013-11-06 11:00,2013-11-25 16:00,2013-11-29 15:00,63,8.927,-16.552,1.417,-3.752,-65.229,98.876
2013-12,2013-12-31,True,1574.0,1264.0,True,9,2013-12-12 11:00,2013-12-26 16:00,2013-12-31 15:00,67,-50.309,-53.502,3.555,-82.12,57.458,-18.174
2014-01,2014-01-31,True,1132.0,1264.0,False,6,2014-01-23 11:00,2014-01-28 16:00,2014-01-31 15:00,68,76.637,70.671,7.101,13.099,145.589,0.0
2014-02,2014-02-28,True,1252.0,1264.0,False,6,2014-02-20 11:00,2014-02-25 16:00,2014-02-28 15:00,68,111.063,65.451,2.128,92.023,45.267,-43.649
2014-03,2014-03-31,True,1132.0,1258.0,False,6,2014-03-20 11:00,2014-03-26 16:00,2014-03-31 15:00,68,-30.205,-32.733,2.847,-55.682,-84.397,70.454
2014-04,2014-04-30,True,1132.0,1258.0,False,6,2014-04-17 11:00,2014-04-25 16:00,2014-04-30 15:00,68,-8.48,6.952,2.132,-27.559,76.384,34.064
2014-05,2014-05-30,True,807.0,1198.0,False,3,2014-04-30 11:00,2014-05-27 16:00,2014-05-30 15:00,68,76.923,59.118,2.838,51.528,-80.974,250.69
2014-06,2014-06-30,True,1562.0,1144.0,True,9,2014-06-19 11:00,2014-06-25 16:00,2014-06-30 15:00,68,77.715,50.366,5.696,26.754,-97.957,106.451
2014-07,2014-07-31,True,1117.0,1198.0,False,6,2014-07-24 11:00,2014-07-28 16:00,2014-07-31 15:00,68,-104.572,-81.227,0.712,-110.944,53.875,125.444
2014-08,2014-08-29,True,801.0,1144.0,False,3,2014-08-06 11:00,2014-08-26 16:00,2014-08-29 15:00,68,125.0,73.415,7.826,54.974,-148.83,242.748
2014-09,2014-09-30,True,1553.0,1138.0,True,9,2014-09-18 11:00,2014-09-25 16:00,2014-09-30 15:00,68,4.099,4.532,-4.995,48.791,182.34,-101.744
2014-10,2014-10-31,True,1117.0,1144.0,False,6,2014-10-23 11:00,2014-10-28 16:00,2014-10-31 15:00,68,7.978,-17.683,-13.503,128.794,-3.986,-15.68
2014-11,2014-11-28,True,798.0,1138.0,False,3,2014-11-05 11:00,2014-11-24 16:00,2014-11-28 15:00,85,187.71,149.483,9.957,98.624,-69.904,-55.534
2014-12,2014-12-31,True,1541.0,1132.0,True,9,2014-12-18 11:00,2014-12-26 16:00,2014-12-31 15:00,68,101.474,74.123,10.018,11.841,115.618,199.196
2015-01,2015-01-30,True,672.0,1132.0,False,3,2015-01-08 11:00,2015-01-27 16:00,2015-01-30 15:00,68,214.247,96.013,13.528,93.208,10.488,156.165
2015-02,2015-02-27,True,1222.0,1132.0,True,6,2015-02-04 11:00,2015-02-24 16:00,2015-02-27 15:00,68,-9.228,44.853,-3.559,22.619,-167.152,-71.376
2015-03,2015-03-31,True,1532.0,1132.0,True,9,2015-03-19 11:00,2015-03-26 16:00,2015-03-31 15:00,68,81.572,84.583,12.135,-27.005,125.046,120.618
2015-04,2015-04-30,True,1102.0,1132.0,False,6,2015-04-23 11:00,2015-04-27 16:00,2015-04-30 15:00,68,-224.657,-195.815,-7.833,-154.576,-121.557,42.459
2015-05,2015-05-29,True,792.0,1132.0,False,3,2015-05-06 11:00,2015-05-26 16:00,2015-05-29 15:00,68,77.897,66.026,9.264,-4.991,-153.408,-25.891
2015-06,2015-06-30,True,1610.0,1132.0,True,9,2015-06-18 11:00,2015-06-25 16:00,2015-06-30 15:00,68,110.769,111.018,9.286,27.687,-168.391,85.227
2015-07,2015-07-31,True,1102.0,1132.0,False,6,2015-07-23 11:00,2015-07-28 16:00,2015-07-31 15:00,68,76.984,82.828,2.854,51.449,129.285,215.783
2015-08,2015-08-31,True,1300.0,1132.0,True,6,2015-08-20 11:00,2015-08-26 16:00,2015-08-31 15:00,68,7.834,14.034,-12.831,122.634,17.613,59.65
2015-09,2015-09-30,True,1180.0,1132.0,True,6,2015-09-17 11:00,2015-09-25 16:00,2015-09-30 15:00,68,144.212,126.659,7.853,73.951,42.843,-213.692
2015-10,2015-10-30,True,672.0,1132.0,False,3,2015-10-01 11:00,2015-10-27 16:00,2015-10-30 15:00,68,-123.695,-128.23,-24.236,93.149,-27.397,62.269
2015-11,2015-11-30,True,1730.0,1132.0,True,9,2015-11-19 11:00,2015-11-24 16:00,2015-11-30 15:00,83,37.65,26.166,-2.154,56.924,149.931,90.872
2015-12,2015-12-31,True,1102.0,1132.0,False,6,2015-12-24 11:00,2015-12-28 16:00,2015-12-31 15:00,67,-134.477,-132.663,-0.719,-128.043,79.02,-198.573
2016-01,2016-01-29,True,672.0,1132.0,False,3,2016-01-07 11:00,2016-01-26 16:00,2016-01-29 15:00,68,73.836,76.231,14.314,-54.24,-11.276,136.692
2016-02,2016-02-29,True,1678.0,1124.5,True,9,2016-02-18 11:00,2016-02-24 16:00,2016-02-29 15:00,68,-29.107,-43.152,-8.571,47.579,-162.379,-9.071
2016-03,2016-03-31,True,1050.0,1124.5,False,6,2016-03-24 11:00,2016-03-28 16:00,2016-03-31 15:00,68,56.456,74.67,28.651,-199.897,32.597,75.702
2016-04,2016-04-29,True,632.0,1117.0,False,3,2016-04-07 11:00,2016-04-26 16:00,2016-04-29 15:00,68,174.3,141.61,16.466,26.971,-109.349,59.502
2016-05,2016-05-31,True,1588.0,1109.5,True,9,2016-05-19 11:00,2016-05-25 16:00,2016-05-31 15:00,86,74.695,68.768,8.599,-2.244,18.083,-39.405
2016-06,2016-06-30,True,1050.0,1117.0,False,6,2016-06-16 11:00,2016-06-27 16:00,2016-06-30 15:00,68,-63.386,-55.957,3.563,-95.266,172.906,94.323
2016-07,2016-07-29,True,632.0,1109.5,False,3,2016-07-07 11:00,2016-07-26 16:00,2016-07-29 15:00,68,183.701,156.477,18.585,17.417,-103.313,-127.547
2016-08,2016-08-31,True,1588.0,1102.0,True,9,2016-08-18 11:00,2016-08-26 16:00,2016-08-31 15:00,68,105.74,78.812,7.872,35.304,4.983,-79.497
2016-09,2016-09-30,True,1050.0,1109.5,False,6,2016-09-22 11:00,2016-09-27 16:00,2016-09-30 15:00,68,-94.213,-73.76,-5.004,-49.441,-16.984,8.684
2016-10,2016-10-31,True,1050.0,1102.0,False,6,2016-10-20 11:00,2016-10-26 16:00,2016-10-31 15:00,68,-77.547,-72.464,1.433,-90.367,8.881,-35.039
2016-11,2016-11-30,True,1170.0,1102.0,True,6,2016-11-17 11:00,2016-11-25 16:00,2016-11-30 15:00,67,-26.933,-22.467,2.877,-52.674,-136.96,-231.257
2016-12,2016-12-30,True,632.0,1102.0,False,3,2016-12-08 11:00,2016-12-27 16:00,2016-12-30 15:00,68,124.802,122.003,15.169,-10.921,43.044,23.828
2017-01,2017-01-31,True,1468.0,1102.0,True,9,2017-01-19 11:00,2017-01-26 16:00,2017-01-31 15:00,68,68.52,62.539,2.163,49.169,-56.387,45.863
2017-02,2017-02-28,True,1170.0,1102.0,True,6,2017-02-16 11:00,2017-02-23 16:00,2017-02-28 15:00,68,81.238,65.817,-3.599,113.441,-166.922,-164.06
2017-03,2017-03-31,True,1050.0,1102.0,False,6,2017-03-23 11:00,2017-03-28 16:00,2017-03-31 15:00,68,11.682,16.598,7.224,-52.952,91.404,130.391
2017-04,2017-04-28,True,632.0,1102.0,False,3,2017-04-06 11:00,2017-04-25 16:00,2017-04-28 15:00,68,67.568,57.518,3.608,35.283,-82.454,90.038
2017-05,2017-05-31,True,1718.0,1076.0,True,9,2017-05-18 11:00,2017-05-25 16:00,2017-05-31 15:00,87,110.308,81.251,2.164,90.95,-22.573,79.751
2017-06,2017-06-30,True,1050.0,1102.0,False,6,2017-06-22 11:00,2017-06-27 16:00,2017-06-30 15:00,68,-148.478,-118.545,-4.336,-109.681,-60.286,145.723
2017-07,2017-07-31,True,1050.0,1076.0,False,6,2017-07-20 11:00,2017-07-26 16:00,2017-07-31 15:00,68,9.504,-2.042,1.445,-3.422,85.454,-18.972
2017-08,2017-08-31,True,1170.0,1050.0,True,6,2017-08-24 11:00,2017-08-28 16:00,2017-08-31 15:00,68,62.881,45.881,2.165,43.508,-80.867,50.411
2017-09,2017-09-29,True,632.0,1050.0,False,3,2017-09-07 11:00,2017-09-26 16:00,2017-09-29 15:00,68,-151.007,-125.202,-4.344,-112.136,-28.393,-0.0
2017-10,2017-10-31,True,1546.0,1050.0,True,9,2017-10-19 11:00,2017-10-26 16:00,2017-10-31 15:00,68,161.943,122.432,4.355,122.98,39.841,83.097
2017-11,2017-11-30,True,1238.0,1050.0,True,6,2017-11-22 11:00,2017-11-27 16:00,2017-11-30 15:00,68,-100.727,-91.167,-9.45,-16.177,119.308,29.957
2017-12,2017-12-29,True,632.0,1050.0,False,3,2017-12-07 11:00,2017-12-26 16:00,2017-12-29 15:00,68,141.831,96.947,3.65,109.169,-111.878,116.279
2018-01,2018-01-31,True,1536.0,1050.0,True,9,2018-01-18 11:00,2018-01-26 16:00,2018-01-31 15:00,68,-44.18,-67.185,-4.394,-4.862,-150.492,30.494
2018-02,2018-02-28,True,1232.0,1050.0,True,6,2018-02-15 11:00,2018-02-23 16:00,2018-02-28 15:00,68,52.104,26.025,-4.4,91.471,67.783,-5.976
2018-03,2018-03-30,True,684.0,1050.0,False,3,2018-03-08 11:00,2018-03-27 16:00,2018-03-30 15:00,47,66.85,40.746,-5.143,112.862,19.531,37.871
2018-04,2018-04-30,True,1570.0,1050.0,True,9,2018-04-19 11:00,2018-04-25 16:00,2018-04-30 15:00,68,192.581,149.912,0.737,185.988,-69.61,-54.762
2018-05,2018-05-31,True,1309.0,1110.0,True,6,2018-05-17 11:00,2018-05-25 16:00,2018-05-31 15:00,88,178.749,149.935,9.57,93.122,-105.366,-191.121
2018-06,2018-06-29,True,736.0,1110.0,False,3,2018-06-07 11:00,2018-06-26 16:00,2018-06-29 15:00,69,63.129,43.309,1.475,49.928,-9.802,81.885
2018-07,2018-07-31,True,1657.0,1110.0,True,9,2018-07-19 11:00,2018-07-26 16:00,2018-07-31 15:00,68,35.971,24.096,2.218,16.125,-77.658,-38.948
2018-08,2018-08-31,True,1376.0,1170.0,True,6,2018-08-23 11:00,2018-08-28 16:00,2018-08-31 15:00,68,33.524,34.602,7.395,-32.638,-90.256,53.497
2018-09,2018-09-28,True,785.0,1170.0,False,3,2018-09-06 11:00,2018-09-25 16:00,2018-09-28 15:00,68,44.761,40.197,1.483,31.49,-72.919,-18.0
2018-10,2018-10-31,True,1757.0,1170.0,True,9,2018-10-18 11:00,2018-10-26 16:00,2018-10-31 15:00,68,-150.671,-96.391,-11.854,-44.604,37.72,-14.502
2018-11,2018-11-30,True,1453.0,1170.0,True,6,2018-11-21 11:00,2018-11-27 16:00,2018-11-30 15:00,68,6.189,42.43,2.223,-13.7,83.953,41.789
2018-12,2018-12-31,True,1343.0,1201.0,True,6,2018-12-20 11:00,2018-12-26 16:00,2018-12-31 15:00,68,84.33,114.669,22.127,-113.65,77.791,-29.732
2019-01,2019-01-31,True,1343.0,1235.0,True,6,2019-01-24 11:00,2019-01-28 16:00,2019-01-31 15:00,68,109.761,118.509,23.972,-104.725,-56.223,-74.074
2019-02,2019-02-28,True,1463.0,1235.0,True,6,2019-02-21 11:00,2019-02-25 16:00,2019-02-28 15:00,66,-109.183,-70.558,-4.421,-69.626,-88.088,-98.323
2019-03,2019-03-29,True,834.0,1273.5,False,3,2019-03-07 11:00,2019-03-26 16:00,2019-03-29 15:00,68,97.671,46.151,-5.863,150.127,-124.628,-34.595
2019-04,2019-04-30,True,2334.0,1273.5,True,9,2019-04-18 11:00,2019-04-25 16:00,2019-04-30 15:00,68,17.133,21.227,11.383,-84.713,47.51,-106.322
2019-05,2019-05-31,True,1545.0,1326.0,True,6,2019-05-23 11:00,2019-05-28 16:00,2019-05-31 15:00,68,217.114,145.88,31.438,-64.171,80.101,-14.917
2019-06,2019-06-28,True,834.25,1326.0,False,4,2019-06-21 11:00,2019-06-25 16:00,2019-06-28 15:00,68,-0.0,-16.042,-7.981,71.41,-31.673,53.648
2019-07,2019-07-31,True,1852.0,1326.0,True,9,2019-07-18 11:00,2019-07-26 16:00,2019-07-31 15:00,68,122.798,78.899,-5.098,168.413,177.567,125.696
2019-08,2019-08-30,True,954.0,1343.0,False,3,2019-07-31 11:00,2019-08-27 16:00,2019-08-30 15:00,68,-39.595,-39.341,-0.362,-36.353,14.294,260.528
2019-09,2019-09-30,True,1852.0,1343.0,True,9,2019-09-19 11:00,2019-09-25 16:00,2019-09-30 15:00,68,108.624,63.929,6.53,50.202,40.703,-158.94
2019-10,2019-10-31,True,1343.0,1359.5,False,6,2019-10-17 11:00,2019-10-28 16:00,2019-10-31 15:00,68,301.848,185.368,19.241,129.696,-47.737,-64.559
2019-11,2019-11-29,True,1220.0,1343.0,False,3,2019-10-30 11:00,2019-11-25 16:00,2019-11-29 15:00,86,9.981,-11.712,-2.185,29.532,-147.988,238.177
2019-12,2019-12-31,True,1852.0,1343.0,True,9,2019-12-19 11:00,2019-12-26 16:00,2019-12-31 15:00,68,-124.361,-71.785,6.532,-182.805,108.677,-155.518
2020-01,2020-01-31,True,1343.0,1359.5,False,6,2020-01-23 11:00,2020-01-28 16:00,2020-01-31 15:00,68,152.384,141.473,22.075,-45.13,32.279,74.652
2020-02,2020-02-28,True,954.0,1343.0,False,3,2020-02-05 11:00,2020-02-25 16:00,2020-02-28 15:00,50,187.539,165.89,43.611,-202.669,-19.18,-80.841
2020-03,2020-03-31,True,1852.0,1343.0,True,9,2020-03-19 11:00,2020-03-26 16:00,2020-03-31 15:00,68,73.864,63.236,2.127,54.829,164.975,-134.307
2020-04,2020-04-30,True,1424.0,1359.5,True,6,2020-04-23 11:00,2020-04-27 16:00,2020-04-30 15:00,68,4.177,34.662,6.029,-49.763,43.139,361.395
2020-05,2020-05-29,True,1106.0,1359.5,False,3,2020-05-06 11:00,2020-05-26 16:00,2020-05-29 15:00,68,38.538,54.082,3.189,10.007,-94.482,293.528
2020-06,2020-06-30,True,2925.0,1359.5,True,11,2020-06-18 11:00,2020-06-25 16:00,2020-06-30 15:00,64,89.029,63.18,6.018,35.187,-86.82,-233.391
2020-07,2020-07-31,True,1987.0,1400.0,True,7,2020-07-23 11:00,2020-07-28 16:00,2020-07-31 15:00,68,44.108,46.488,5.306,-3.367,-52.148,-26.693
2020-08,2020-08-31,True,2488.0,1400.0,True,7,2020-08-20 11:00,2020-08-26 16:00,2020-08-31 15:00,68,-37.147,-34.65,3.539,-68.809,56.577,-100.453
2020-09,2020-09-30,True,2349.0,1438.5,True,7,2020-09-17 11:00,2020-09-25 16:00,2020-09-30 15:00,68,-93.51,-49.391,0.707,-99.838,-1.409,-46.251
2020-10,2020-10-30,True,1196.0,1458.0,False,3,2020-10-01 11:00,2020-10-27 16:00,2020-10-30 15:00,68,-129.069,-95.084,-0.0,-129.069,21.793,-31.308
2020-11,2020-11-30,True,3905.0,1438.5,True,11,2020-11-19 11:00,2020-11-24 16:00,2020-11-30 15:00,84,67.998,50.608,2.831,42.671,-170.57,141.405
2020-12,2020-12-31,True,2572.0,1443.5,True,7,2020-12-24 11:00,2020-12-28 16:00,2020-12-31 15:00,68,26.447,10.85,-0.0,26.447,-11.723,-83.09
2021-01,2021-01-29,True,1274.0,1504.0,False,3,2021-01-07 11:00,2021-01-26 16:00,2021-01-29 15:00,68,-126.64,-75.395,0.707,-132.967,42.755,12.247
2021-02,2021-02-26,True,2733.0,1504.0,True,7,2021-02-03 11:00,2021-02-23 16:00,2021-02-26 15:00,68,-48.932,-86.688,-6.363,8.004,9.368,20.218
2021-03,2021-03-31,True,4012.0,1698.5,True,11,2021-03-18 11:00,2021-03-26 16:00,2021-03-31 15:00,68,-105.676,-74.193,-3.892,-70.855,184.324,-111.13
2021-04,2021-04-30,True,2613.0,1852.0,True,7,2021-04-22 11:00,2021-04-27 16:00,2021-04-30 15:00,68,-8.395,-9.925,3.186,-36.901,18.484,82.311
2021-05,2021-05-28,True,1394.0,1852.0,False,3,2021-05-05 11:00,2021-05-25 16:00,2021-05-28 15:00,68,-54.945,-37.416,1.769,-70.769,-23.527,-15.259
2021-06,2021-06-30,True,4012.0,1852.0,True,11,2021-06-17 11:00,2021-06-25 16:00,2021-06-30 15:00,68,166.557,108.097,3.193,137.992,-1.622,-110.016
2021-07,2021-07-30,True,1274.0,1852.0,False,3,2021-07-08 11:00,2021-07-27 16:00,2021-07-30 15:00,68,-9.384,-17.042,2.833,-34.733,92.361,207.863
2021-08,2021-08-31,True,4132.0,1852.0,True,11,2021-08-19 11:00,2021-08-26 16:00,2021-08-31 15:00,67,17.298,24.757,6.378,-39.764,14.352,186.782
2021-09,2021-09-30,True,2613.0,1852.0,True,7,2021-09-23 11:00,2021-09-27 16:00,2021-09-30 15:00,68,-162.51,-79.829,2.486,-184.751,101.407,37.819
2021-10,2021-10-29,True,1274.0,1919.5,False,3,2021-10-07 11:00,2021-10-26 16:00,2021-10-29 15:00,68,194.584,109.976,-4.63,236.012,-77.939,68.639
2021-11,2021-11-30,True,3931.0,1919.5,True,11,2021-11-18 11:00,2021-11-24 16:00,2021-11-30 15:00,84,319.115,214.467,19.253,146.848,51.636,-351.97
2021-12,2021-12-30,True,2371.5,2168.0,True,8,2021-12-23 11:00,2021-12-27 16:00,2021-12-30 15:00,68,-79.252,-52.488,1.791,-95.279,-225.276,66.614
2022-01,2022-01-31,True,2440.0,2360.25,True,7,2022-01-20 11:00,2022-01-26 16:00,2022-01-31 15:00,68,151.057,103.448,-3.965,186.533,-57.87,-95.222
2022-02,2022-02-28,True,2309.0,2405.75,False,7,2022-02-17 11:00,2022-02-23 16:00,2022-02-28 15:00,68,175.315,177.653,39.628,-179.247,129.26,-15.351
2022-03,2022-03-31,True,2088.0,2405.75,False,7,2022-03-24 11:00,2022-03-28 16:00,2022-03-31 15:00,68,188.578,139.299,18.096,26.667,7.051,-31.836
2022-04,2022-04-29,True,1078.0,2405.75,False,3,2022-04-07 11:00,2022-04-26 16:00,2022-04-29 15:00,68,-200.42,-146.64,-26.244,34.393,-208.414,-165.054
2022-05,2022-05-31,True,3092.0,2405.75,True,11,2022-05-19 11:00,2022-05-25 16:00,2022-05-31 15:00,87,-225.473,-106.445,0.331,-228.436,-26.089,-130.874
2022-06,2022-06-30,True,1919.0,2464.0,False,7,2022-06-23 11:00,2022-06-27 16:00,2022-06-30 15:00,68,343.455,256.647,36.214,19.433,12.148,-367.481
2022-07,2022-07-29,True,1029.0,2405.75,False,3,2022-07-07 11:00,2022-07-26 16:00,2022-07-29 15:00,68,101.695,149.813,27.917,-148.092,116.463,99.715
2022-08,2022-08-31,True,2844.0,2405.75,True,11,2022-08-18 11:00,2022-08-26 16:00,2022-08-31 15:00,68,-97.188,-95.303,-13.472,23.348,-240.334,-79.075
2022-09,2022-09-30,True,1781.0,2405.75,False,7,2022-09-22 11:00,2022-09-27 16:00,2022-09-30 15:00,68,159.907,148.055,22.492,-41.341,132.299,-58.734
2022-10,2022-10-31,True,1764.0,2405.75,False,7,2022-10-20 11:00,2022-10-26 16:00,2022-10-31 15:00,68,-118.501,-84.833,-17.553,38.549,146.843,-218.757
2022-11,2022-11-30,True,1944.0,2405.75,False,7,2022-11-17 11:00,2022-11-25 16:00,2022-11-30 15:00,67,-95.719,-48.96,21.345,-286.703,364.428,424.691
2022-12,2022-12-30,True,980.0,2340.25,False,3,2022-12-08 11:00,2022-12-27 16:00,2022-12-30 15:00,68,-67.364,-49.863,-14.84,65.417,163.704,173.36
2023-01,2023-01-31,True,2548.0,2198.5,True,11,2023-01-19 11:00,2023-01-26 16:00,2023-01-31 15:00,68,-52.62,-35.954,-4.936,-8.456,198.369,42.11
2023-02,2023-02-28,True,1944.0,2340.25,False,7,2023-02-16 11:00,2023-02-23 16:00,2023-02-28 15:00,65,-98.851,-77.423,-14.96,35.001,-53.224,-141.844
2023-03,2023-03-31,True,1764.0,2198.5,False,7,2023-03-23 11:00,2023-03-28 16:00,2023-03-31 15:00,68,116.461,81.652,-5.295,163.838,84.127,313.761
2023-04,2023-04-28,True,980.0,2016.0,False,3,2023-04-06 11:00,2023-04-25 16:00,2023-04-28 15:00,68,-63.694,-63.679,-40.009,294.282,-249.779,-175.17
2023-05,2023-05-31,True,2728.0,1944.0,True,11,2023-05-18 11:00,2023-05-25 16:00,2023-05-31 15:00,87,224.93,201.643,25.382,-2.174,68.583,-238.467
2023-06,2023-06-30,True,1764.0,2016.0,False,7,2023-06-22 11:00,2023-06-27 16:00,2023-06-30 15:00,68,-57.013,-56.304,-26.44,179.554,-9.174,48.176
2023-07,2023-07-31,True,1764.0,1944.0,False,7,2023-07-20 11:00,2023-07-26 16:00,2023-07-31 15:00,68,-144.421,-131.351,-11.914,-37.819,-139.447,63.055
2023-08,2023-08-31,True,2088.0,1944.0,True,7,2023-08-24 11:00,2023-08-28 16:00,2023-08-31 15:00,67,153.732,127.478,28.932,-105.138,-145.107,-202.719
2023-09,2023-09-29,True,1082.0,1944.0,False,3,2023-09-07 11:00,2023-09-26 16:00,2023-09-29 15:00,68,-41.951,-57.33,6.556,-100.613,-150.079,-121.018
2023-10,2023-10-31,True,2836.0,1931.5,True,11,2023-10-19 11:00,2023-10-26 16:00,2023-10-31 15:00,68,-55.218,-36.984,-7.327,10.343,122.154,-140.769
2023-11,2023-11-30,True,2240.0,1944.0,True,7,2023-11-22 11:00,2023-11-27 16:00,2023-11-30 15:00,68,39.216,26.911,21.595,-154.004,177.846,131.051
2023-12,2023-12-29,True,1150.0,1944.0,False,3,2023-12-07 11:00,2023-12-26 16:00,2023-12-29 15:00,68,23.507,37.764,10.255,-68.25,-77.392,458.241
2024-01,2024-01-31,True,3072.0,1931.5,True,11,2024-01-18 11:00,2024-01-26 16:00,2024-01-31 15:00,68,288.629,216.654,23.607,77.405,200.726,-214.355
2024-02,2024-02-29,True,2392.0,1931.5,True,7,2024-02-22 11:00,2024-02-26 16:00,2024-02-29 15:00,65,47.334,26.274,8.054,-24.731,83.137,-126.519
2024-03,2024-03-29,True,1218.0,1931.5,False,3,2024-03-07 11:00,2024-03-26 16:00,2024-03-29 15:00,47,78.374,52.26,-8.4,153.53,-184.69,-190.96
2024-04,2024-04-30,True,3308.0,1850.0,True,11,2024-04-18 11:00,2024-04-25 16:00,2024-04-30 15:00,68,44.643,35.823,-10.783,141.122,73.203,-161.29
2024-05,2024-05-31,True,2460.0,1931.5,True,7,2024-05-23 11:00,2024-05-28 16:00,2024-05-31 15:00,68,5.023,13.454,8.067,-67.152,173.558,185.798
2024-06,2024-06-28,True,1224.0,1931.5,False,3,2024-06-06 11:00,2024-06-25 16:00,2024-06-28 15:00,68,-240.876,-163.721,-7.264,-175.886,-239.342,331.143
2024-07,2024-07-31,True,3336.0,1862.5,True,11,2024-07-18 11:00,2024-07-26 16:00,2024-07-31 15:00,68,148.736,117.801,7.995,77.2,146.556,44.096
2024-08,2024-08-30,True,1344.0,1944.0,False,3,2024-07-31 11:00,2024-08-27 16:00,2024-08-30 15:00,68,-133.707,-100.556,-13.569,-12.301,113.69,-11.823
2024-09,2024-09-30,True,3396.0,1862.5,True,11,2024-09-19 11:00,2024-09-25 16:00,2024-09-30 15:00,68,14.108,-5.031,-18.349,178.286,84.527,47.923
2024-10,2024-10-31,True,2280.0,1944.0,True,7,2024-10-24 11:00,2024-10-28 16:00,2024-10-31 15:00,68,70.175,15.924,-9.096,151.564,-151.817,-7.351
2024-11,2024-11-29,True,1344.0,2016.0,False,3,2024-10-30 11:00,2024-11-25 16:00,2024-11-29 15:00,86,114.291,92.357,14.432,-14.839,36.846,-213.771
2024-12,2024-12-31,True,3396.0,2016.0,True,11,2024-12-19 11:00,2024-12-26 16:00,2024-12-31 15:00,68,-49.725,-5.488,14.459,-179.091,-7.891,-212.394
2025-01,2025-01-31,True,2280.0,2164.0,True,7,2025-01-23 11:00,2025-01-28 16:00,2025-01-31 15:00,68,-55.089,-24.631,-8.731,23.03,79.135,194.7
2025-02,2025-02-28,True,2600.0,2164.0,True,7,2025-02-20 11:00,2025-02-25 16:00,2025-02-28 15:00,68,45.506,50.487,16.273,-100.097,113.293,-28.542
2025-03,2025-03-31,True,2280.0,2260.0,True,7,2025-03-20 11:00,2025-03-26 16:00,2025-03-31 15:00,68,137.377,110.423,20.405,-45.195,140.629,66.769
2025-04,2025-04-30,True,2280.0,2280.0,False,7,2025-04-17 11:00,2025-04-25 16:00,2025-04-30 15:00,68,70.166,61.978,25.212,-155.412,-61.935,156.416
2025-05,2025-05-30,True,1344.0,2280.0,False,3,2025-04-30 11:00,2025-05-27 16:00,2025-05-30 15:00,68,26.921,33.23,7.169,-37.221,-70.043,-37.423
2025-06,2025-06-30,True,3396.0,2280.0,True,11,2025-06-18 11:00,2025-06-25 16:00,2025-06-30 15:00,68,89.971,73.569,9.021,9.255,7.868,24.226
2025-07,2025-07-31,True,2280.0,2280.0,False,7,2025-07-24 11:00,2025-07-28 16:00,2025-07-31 15:00,68,126.821,82.781,-6.789,187.566,122.569,-75.676
2025-08,2025-08-29,True,1344.0,2280.0,False,3,2025-07-30 11:00,2025-08-26 16:00,2025-08-29 15:00,68,-21.502,5.298,4.129,-58.445,-80.451,-69.167
2025-09,2025-09-30,True,3396.0,2280.0,True,11,2025-09-18 11:00,2025-09-25 16:00,2025-09-30 15:00,68,23.486,26.874,10.132,-67.169,28.638,7.7
2025-10,2025-10-31,True,2280.0,2280.0,False,7,2025-10-23 11:00,2025-10-28 16:00,2025-10-31 15:00,68,-196.97,-144.395,-22.833,7.323,-20.608,15.314
2025-11,2025-11-28,True,1344.0,2280.0,False,3,2025-11-05 11:00,2025-11-24 16:00,2025-11-28 15:00,76,15.334,13.143,-4.112,52.124,-118.832,-10.347
2025-12,2025-12-31,True,3396.0,2280.0,True,11,2025-12-18 11:00,2025-12-26 16:00,2025-12-31 15:00,68,-63.391,-32.441,-0.0,-63.391,-31.898,-44.784
2026-01,2026-01-30,True,1224.0,2280.0,False,3,2026-01-08 11:00,2026-01-27 16:00,2026-01-30 15:00,68,-45.045,-21.668,7.875,-115.507,-58.557,92.764
2026-02,2026-02-27,True,2607.0,2280.0,True,7,2026-02-04 11:00,2026-02-24 16:00,2026-02-27 15:00,68,93.208,76.919,15.34,-44.045,-95.091,190.88
2026-03,2026-03-31,True,3396.0,2280.0,True,11,2026-03-19 11:00,2026-03-26 16:00,2026-03-31 15:00,68,81.059,108.183,35.528,-236.823,-40.204,40.086
2026-04,2026-04-30,True,2280.0,2280.0,False,7,2026-04-23 11:00,2026-04-27 16:00,2026-04-30 15:00,68,-72.816,-71.468,-15.817,68.703,19.017,-45.564
2026-05,2026-05-29,True,1344.0,2280.0,False,3,2026-05-06 11:00,2026-05-26 16:00,2026-05-29 15:00,68,54.615,41.707,5.295,7.236,19.12,-51.588
2026-06,2026-06-30,True,3396.0,2280.0,True,11,2026-06-18 11:00,2026-06-25 16:00,2026-06-30 15:00,68,-69.482,-49.329,-3.41,-38.971,-107.643,96.101
2026-07,2026-07-31,True,2280.0,2280.0,False,7,2026-07-23 11:00,2026-07-28 16:00,2026-07-31 15:00,68,-279.623,-228.362,-4.178,-242.242,65.508,52.661
2026-08,2026-08-31,True,2460.0,2280.0,True,7,2026-08-20 11:00,2026-08-26 16:00,2026-08-31 15:00,68,-126.047,-102.303,-25.032,97.925,-22.727,-90.729
2026-09,2026-09-30,True,2280.0,2280.0,False,7,2026-09-17 11:00,2026-09-25 16:00,2026-09-30 15:00,68,-224.189,-197.015,-8.831,-145.179,,20.214
