und,entry,exit,exp,K,S0,z,iv,rv,cond,block,n_days,n_bad_marks,exit_bad,pnl
SPY,2022-09-07,2022-10-06,2022-10-07,398.0,397.97,0.9535890279252724,0.22363696123698815,0.19583930157116858,True,IS,21,4,True,-0.010125340692381826
SPY,2022-09-14,2022-10-13,2022-10-14,393.0,392.87,0.22893419984573368,0.24344834691852976,0.24656297834582713,True,IS,21,4,True,-0.003657418321231116
SPY,2022-09-21,2022-10-20,2022-10-21,379.0,378.98,0.7070957567129339,0.2673563681650811,0.2495077012482697,True,IS,21,0,False,-0.0033298985286081
SPY,2022-09-28,2022-10-27,2022-10-28,372.0,371.8196,1.5747038865459881,0.2742990933458911,0.21674266776013557,True,IS,21,0,False,0.001245721973023751
SPY,2022-10-05,2022-11-03,2022-11-04,378.0,378.41,-0.3718893344096602,0.262013599138865,0.2875639845833641,False,IS,21,0,False,0.005612929299769855
SPY,2022-10-12,2022-11-10,2022-11-11,358.0,358.0584,1.0087867770005474,0.3094090105129938,0.27492661942897095,True,IS,21,1,True,0.0051529819835691056
SPY,2022-10-19,2022-11-17,2022-11-18,368.0,367.92,0.26783856294193076,0.2900117602887982,0.28611086091097093,True,IS,21,2,True,-0.005258239420241819
SPY,2022-10-26,2022-11-23,2022-11-25,383.0,382.82,-0.49444189301952046,0.26091408227734375,0.28949130060878725,False,IS,20,1,True,-0.002203538351072675
SPY,2022-11-02,2022-12-01,2022-12-02,377.0,377.04,-0.2656961340203787,0.24716356867288986,0.266667324257759,False,IS,20,2,True,-0.00452180697507963
SPY,2022-11-09,2022-12-08,2022-12-09,374.0,374.26,0.25539181726147897,0.24678096577035277,0.24486185274185085,True,IS,20,2,True,-0.0024884280142562316
SPY,2022-11-16,2022-12-15,2022-12-16,396.0,395.7938,-0.8628911496556584,0.2338647379657087,0.28011677500374405,False,IS,20,0,False,0.004437512885151453
SPY,2022-11-23,2022-12-22,2022-12-23,402.0,402.195,-1.4979095073850142,0.19376539795277872,0.2683012133947207,False,IS,20,4,True,-0.0017940617256110196
SPY,2022-11-30,2022-12-29,2022-12-30,406.0,405.775,-1.1685045277113897,0.195267010822219,0.25723845017332503,False,IS,20,4,True,0.002666325206948981
SPY,2022-12-07,2023-01-05,2023-01-06,393.0,392.725,-0.8775436489029649,0.2149706829458643,0.2665904507834501,False,IS,19,0,False,0.006007856373457054
SPY,2022-12-14,2023-01-12,2023-01-13,400.0,399.64,0.7818908724974731,0.20055263181698307,0.18131746262011528,True,IS,19,0,False,0.008172279910080047
SPY,2022-12-21,2023-01-19,2023-01-20,386.0,385.855,0.09160794991790475,0.19433591855540264,0.20400526500994814,True,IS,18,0,False,0.010048220274857645
SPY,2022-12-28,2023-01-26,2023-01-27,377.0,376.6,0.4800859472172781,0.2164732543655492,0.20960095414186183,True,IS,19,2,True,0.008466465403307645
SPY,2023-01-04,2023-02-02,2023-02-03,381.0,381.4,1.1643671433114557,0.21986547524967345,0.1838100307757959,True,IS,20,2,True,0.006463121178679532
SPY,2023-01-11,2023-02-09,2023-02-10,395.0,394.53,0.46722435690123854,0.20301319917103225,0.19560764809808193,True,IS,20,0,False,0.008204547259888648
SPY,2023-01-18,2023-02-16,2023-02-17,392.0,391.825,0.32560248781456086,0.19172283426347367,0.1903667346063383,True,IS,21,1,False,0.0031346759189912394
SPY,2023-01-25,2023-02-23,2023-02-24,400.0,399.75,0.3366471783036964,0.17704016137159304,0.1749328001658534,True,IS,20,0,False,0.006739730190338079
SPY,2023-02-01,2023-03-02,2023-03-03,413.0,412.56,0.24315032621383653,0.16108065945879158,0.16244747182318328,True,IS,20,3,True,0.002004801245109801
SPY,2023-02-08,2023-03-09,2023-03-10,411.0,410.9707,0.8118403739692687,0.17862574032960357,0.1567837903688154,True,IS,20,1,True,0.002873638738911573
SPY,2023-02-15,2023-03-16,2023-03-17,413.0,412.98,0.39728619914953595,0.17270286244831654,0.16699721789258704,True,IS,20,3,True,-0.004099469928784618
SPY,2023-02-22,2023-03-23,2023-03-24,397.0,397.365,1.332246843453988,0.21193455302383069,0.167891058144102,True,IS,21,0,False,0.01022366590485304
SPY,2023-03-01,2023-03-30,2023-03-31,395.0,394.945,1.0251607078138827,0.19590747291516653,0.1632949081435568,True,IS,21,0,False,0.00582748139901788
SPY,2023-03-08,2023-04-05,2023-04-06,399.0,398.6601,0.8755012411758257,0.17910733575067206,0.15246330141322104,True,IS,20,1,True,0.003109733402174223
SPY,2023-03-15,2023-04-13,2023-04-14,388.0,387.755,1.7048289879544898,0.23023428218763659,0.16822696618525065,True,IS,20,2,True,0.010638335544730657
SPY,2023-03-22,2023-04-20,2023-04-21,396.0,396.338,0.28256055930483565,0.19323973181010942,0.188015318290675,True,IS,20,1,True,0.012968714244614533
SPY,2023-03-29,2023-04-27,2023-04-28,401.0,401.19,0.04864467844036558,0.17859858438317577,0.18138678871410552,True,IS,20,0,False,0.008423798403919491
SPY,2023-04-05,2023-05-04,2023-05-05,408.0,407.71,-0.21646503544189974,0.17396179972909662,0.18611120835806852,False,IS,20,0,False,0.011109236718183958
SPY,2023-04-12,2023-05-11,2023-05-12,408.0,408.065,0.6654501771564416,0.1735355277543014,0.15090099678930058,True,IS,21,0,False,0.008875309058497314
SPY,2023-04-19,2023-05-18,2023-05-19,414.0,414.14,0.7174199361048265,0.1453286929690631,0.12089239686857854,True,IS,21,0,False,0.002192514157412206
SPY,2023-04-26,2023-05-25,2023-05-26,404.0,403.93,1.7237678061278898,0.17588817613122573,0.1112030082602486,True,IS,21,0,False,0.00827959503128743
SPY,2023-05-03,2023-06-01,2023-06-02,408.0,408.38,1.2905941438095603,0.16751623732549498,0.12158839993243359,True,IS,20,1,True,0.009337981841841
SPY,2023-05-10,2023-06-08,2023-06-09,413.0,413.41,0.21737271348079856,0.14536518617375732,0.1401433542319099,True,IS,20,2,True,0.006690500570502353
SPY,2023-05-17,2023-06-15,2023-06-16,415.0,414.95,0.3571360125165081,0.14544720480448767,0.13418671738575458,True,IS,20,0,False,0.002359985923614298
SPY,2023-05-24,2023-06-22,2023-06-23,411.0,411.48,0.5558015053039644,0.16890483042156004,0.14922682160701048,True,IS,19,3,True,0.005044752789199669
SPY,2023-05-31,2023-06-29,2023-06-30,419.0,418.945,0.2592230544862587,0.1387288705658534,0.12901874997631474,True,IS,20,2,True,0.0012009424321114508
SPY,2023-06-07,2023-07-06,2023-07-07,427.0,426.57,-0.1043938225619056,0.11268606607564495,0.11412862881879485,False,IS,19,1,True,-6.822784407669224e-05
SPY,2023-06-14,2023-07-13,2023-07-14,436.0,436.34,-0.07108818493293159,0.1159026697274397,0.11565803082727413,False,IS,19,1,True,0.00018452268503778204
SPY,2023-06-21,2023-07-20,2023-07-21,435.0,435.29,-0.07818755086185608,0.11718634469817518,0.11671214964310603,False,IS,20,0,False,0.002524269787782463
SPY,2023-06-28,2023-07-27,2023-07-28,435.0,435.345,0.01731681099722229,0.11770409318886707,0.11328927410431237,True,IS,20,1,False,0.0015209391668065493
SPY,2023-07-05,2023-08-03,2023-08-04,443.0,443.4301,0.3480985697712918,0.1212953931019259,0.10568075784825845,True,IS,21,0,False,0.00522460034823701
SPY,2023-07-12,2023-08-10,2023-08-11,446.0,446.155,0.26587627600093927,0.11580464207962425,0.10156997832975793,True,IS,21,0,False,0.00739681366653686
SPY,2023-07-19,2023-08-17,2023-08-18,455.0,455.5,0.4614801889599076,0.11754222057086978,0.09683754678718491,True,IS,21,2,True,0.0012428495954628946
SPY,2023-07-26,2023-08-24,2023-08-25,455.0,455.31,0.7526427968531842,0.11400492792149948,0.08389923381855025,True,IS,21,3,True,-0.0031311681118208526
SPY,2023-08-02,2023-08-31,2023-09-01,450.0,450.13,1.6884721482424703,0.1389394872901764,0.07928627930922336,True,IS,21,0,False,0.0034566494393243165
SPY,2023-08-09,2023-09-07,2023-09-08,447.0,447.055,1.0203918688585625,0.13817346682052362,0.09794686757924606,True,IS,20,0,False,0.005783337249696113
SPY,2023-08-16,2023-09-14,2023-09-15,440.0,440.32,1.3277763254306283,0.15167511197132905,0.10039320369818476,True,IS,20,0,False,0.008136820308466032
SPY,2023-08-23,2023-09-21,2023-09-22,443.0,443.29,0.935227248141689,0.1399258477346071,0.09988505235098288,True,IS,20,1,True,-0.001432272936323459
SPY,2023-08-30,2023-09-28,2023-09-29,451.0,450.83,-0.6051159770516638,0.1186568895022819,0.12792002434765842,False,IS,20,5,True,-0.0004053570302069304
SPY,2023-09-06,2023-10-05,2023-10-06,446.0,446.12,-0.09733467572268793,0.1251182282475916,0.11893055687412431,False,IS,21,5,True,-0.00424534740940169
SPY,2023-09-13,2023-10-12,2023-10-13,446.0,446.27,-0.3134657623201068,0.11763065456806951,0.11849716101612864,False,IS,21,2,True,-0.007013232295701532
SPY,2023-09-20,2023-10-19,2023-10-20,439.0,439.1806,0.10682195115124418,0.1325674445872632,0.12030972303324507,True,IS,21,1,True,-0.003985602382284325
SPY,2023-09-27,2023-10-26,2023-10-27,425.0,425.11,0.982227098376981,0.16784940937080176,0.12780684120504585,True,IS,21,1,True,0.0028734257587751597
SPY,2023-10-04,2023-11-02,2023-11-03,425.0,424.97,1.3644142314125476,0.16886495874890758,0.11667565522270036,True,IS,21,0,False,-0.003421274164209641
SPY,2023-10-11,2023-11-09,2023-11-10,436.0,436.03,0.08618179727242173,0.14500449835831716,0.13249337569959901,True,IS,21,0,False,-0.0038954580960827703
SPY,2023-10-18,2023-11-16,2023-11-17,430.0,429.97,1.1945814951047007,0.17337230656646593,0.12622289985669638,True,IS,21,1,True,-0.002219710032522047
SPY,2023-10-25,2023-11-22,2023-11-24,418.0,417.58,1.3182052726163938,0.18259672752560435,0.1299171754120094,True,IS,20,3,True,0.003076026164172894
SPY,2023-11-01,2023-11-30,2023-12-01,423.0,422.93,-0.08065887634988039,0.1529244254729553,0.1434509002096196,False,IS,20,4,True,-0.001139693633017928
SPY,2023-11-08,2023-12-07,2023-12-08,438.0,437.6235,-1.1649276482650344,0.12616052304288436,0.1507731431130327,False,IS,20,3,True,-0.0018821138508583188
SPY,2023-11-15,2023-12-14,2023-12-15,450.0,450.0,-1.7958396783578952,0.12492587495712568,0.16749653009493168,False,IS,20,0,False,0.00652319949911199
SPY,2023-11-22,2023-12-21,2023-12-22,455.0,455.155,-1.5276299801367987,0.1112374466321716,0.1443744724483178,False,IS,20,1,True,0.002482628885569105
SPY,2023-11-29,2023-12-28,2023-12-29,455.0,454.5801,-0.5579072632469525,0.11053201473670964,0.11296548116070518,False,IS,20,1,True,-0.00018238475892145157
SPY,2023-12-06,2024-01-04,2024-01-05,455.0,455.0229,0.12437793476983913,0.11484782672147432,0.09649078769244128,True,IS,19,2,True,0.0006796729406065246
SPY,2023-12-13,2024-01-11,2024-01-12,470.0,469.835,0.2307200145645305,0.10434356932881575,0.08240848539380685,True,IS,19,0,False,0.0037566617313736844
SPY,2023-12-20,2024-01-18,2024-01-19,470.0,469.74,0.9495469969714959,0.11560802212897775,0.07610257343174677,True,IS,18,0,False,0.006464819265128367
SPY,2023-12-27,2024-01-25,2024-01-26,475.0,475.3913,-0.0967249210839436,0.11016602383367853,0.09551327146839923,False,IS,19,1,True,0.001610175991738396
SPY,2024-01-03,2024-02-01,2024-02-02,469.0,469.03,0.370080508398276,0.1252808666462024,0.09913180820140832,True,IS,20,1,True,0.003449719178326252
SPY,2024-01-10,2024-02-08,2024-02-09,476.0,475.91,-0.5326859074173941,0.11260376485279609,0.1082877060215834,False,IS,20,2,True,0.00027046878661288556
SPY,2024-01-17,2024-02-15,2024-02-16,472.0,471.6,0.5216448279925727,0.12902070050734146,0.09941327917727823,True,IS,21,1,True,0.0008330761261570163
SPY,2024-01-24,2024-02-22,2024-02-23,486.0,486.25,-0.056734914470081894,0.11008495129904343,0.09398325736416671,False,IS,20,1,True,-0.0058385078752098765
SPY,2024-01-31,2024-02-29,2024-03-01,484.0,483.52,0.4270948855133735,0.12161407922567638,0.09381957508838445,True,IS,20,2,True,-0.00302685133736234
SPY,2024-02-07,2024-03-07,2024-03-08,498.0,498.0687,-0.9778829056425032,0.10977397175607215,0.1151005055416484,False,IS,20,1,True,-0.007487236605965493
SPY,2024-02-14,2024-03-14,2024-03-15,498.0,498.09,-0.8325705529451322,0.12017904343706635,0.12241492733609274,False,IS,20,0,False,-0.004313266334921557
SPY,2024-02-21,2024-03-21,2024-03-22,496.0,496.1,-0.30384451219450387,0.12874618344404842,0.11867581462227383,False,IS,21,2,True,-0.004190996383953571
SPY,2024-02-28,2024-03-27,2024-03-28,506.0,505.8374,-1.6197294526674904,0.11392186583149615,0.1364553477240359,False,IS,20,2,True,-0.0019164199626421703
SPY,2024-03-06,2024-04-04,2024-04-05,510.0,509.5701,-0.4333215977525055,0.12337182473602898,0.11835250494460116,False,IS,20,0,False,0.0032452749366457213
SPY,2024-03-13,2024-04-11,2024-04-12,516.0,515.98,-0.9812535001903775,0.11695784501609237,0.12543929366303483,False,IS,20,0,False,0.00665872305108078
SPY,2024-03-20,2024-04-18,2024-04-19,520.0,519.62,-0.6437001812483103,0.11499935425255532,0.11613343839516141,False,IS,20,2,True,-0.005631693981509821
SPY,2024-03-27,2024-04-25,2024-04-26,522.0,522.4,-0.03394352060535536,0.10879217947736422,0.09620639794097278,False,IS,20,4,True,-0.00810009833813804
SPY,2024-04-03,2024-05-02,2024-05-03,519.0,519.38,0.6840489714580106,0.1275624881439531,0.0982660167103078,True,IS,21,2,True,-0.00623974196880129
SPY,2024-04-10,2024-05-09,2024-05-10,515.0,514.55,1.1589024726864485,0.13903770039404112,0.0980327711529292,True,IS,21,0,False,0.002874465308937936
SPY,2024-04-17,2024-05-16,2024-05-17,500.0,501.3,1.4798724610337484,0.16506988612837983,0.11543370983239899,True,IS,21,2,True,0.008582826054876981
SPY,2024-04-24,2024-05-23,2024-05-24,506.0,505.72,0.15189771047563702,0.14195040252206054,0.1227382639933567,True,IS,21,4,True,0.006583715822702779
SPY,2024-05-01,2024-05-30,2024-05-31,503.0,503.2,-0.5814855693085796,0.13727534552394421,0.1352738898881111,False,IS,20,2,True,0.004841533363824075
SPY,2024-05-08,2024-06-06,2024-06-07,517.0,517.4387,-1.6649750549609295,0.11750751507222007,0.1411213912951627,False,IS,20,2,True,0.0070460124480069015
SPY,2024-05-15,2024-06-13,2024-06-14,529.0,529.34,-0.8592600448725348,0.10945611023470461,0.11563927277835394,False,IS,20,1,True,0.0059358599719960695
SPY,2024-05-22,2024-06-20,2024-06-21,529.0,528.67,-0.45661241685657367,0.10972739309097282,0.10692126651960072,False,IS,19,0,False,0.0020245235389334407
SPY,2024-05-29,2024-06-27,2024-06-28,527.0,526.705,-0.10042208598824835,0.11551711730016789,0.10457466518886707,False,IS,20,2,True,0.0019143436810904022
SPY,2024-06-05,2024-07-03,2024-07-05,534.0,533.77,0.6032869742681325,0.11168901436185492,0.08398582278656244,True,IS,19,1,True,0.007037463649515492
SPY,2024-06-12,2024-07-11,2024-07-12,541.0,540.77,0.08596646452309206,0.10188859192794131,0.08564111610776903,True,IS,19,1,True,0.005776342332620766
SPY,2024-06-26,2024-07-25,2024-07-26,545.0,544.9348,0.6119842875882814,0.10963037229943103,0.08041247383737206,True,IS,20,0,False,-0.0047427668235407614
SPY,2024-07-03,2024-08-01,2024-08-02,551.0,550.785,1.031855964205428,0.10541282679565361,0.06586228550856582,True,OOS,20,0,False,-0.02078373931887901
SPY,2024-07-10,2024-08-08,2024-08-09,560.0,560.2175,1.5252292008248138,0.10928642651050532,0.0575873063959883,True,OOS,21,4,True,-0.02065688546252888
SPY,2024-07-17,2024-08-15,2024-08-16,557.0,557.28,1.5089650652357516,0.1253461861523201,0.07301865217474414,True,OOS,21,0,False,-0.020970230255339114
SPY,2024-07-24,2024-08-22,2024-08-23,542.0,542.0899,1.5601680195784409,0.15476325653349107,0.10044396142878943,True,OOS,21,0,False,-0.013690503487759896
SPY,2024-07-31,2024-08-29,2024-08-30,552.0,551.98,-0.3341011637229662,0.1448620709207689,0.13616403832706375,False,OOS,21,0,False,-0.00873443945320542
SPY,2024-08-07,2024-09-05,2024-09-06,520.0,520.48,0.6012534471803348,0.22473809271753378,0.19322045806280494,True,OOS,20,2,True,0.011101486686761346
SPY,2024-08-14,2024-09-12,2024-09-13,543.0,543.465,-3.4658747257737623,0.1427073083468324,0.21640750994802538,False,OOS,20,0,False,0.0013518784136517695
SPY,2024-08-21,2024-09-19,2024-09-20,560.0,559.9392,-3.1941605859666327,0.1373824880280424,0.2167104300192463,False,OOS,20,0,False,-0.0041160284702252675
SPY,2024-08-28,2024-09-26,2024-09-27,559.0,558.54,-2.4603577846665017,0.13545652902153849,0.20077878345001443,False,OOS,20,1,True,-0.0012171007205920832
SPY,2024-09-04,2024-10-03,2024-10-04,551.0,551.115,-1.1602867211591656,0.16394857240863173,0.19108564861228403,False,OOS,21,0,False,0.006377994358469888
SPY,2024-09-11,2024-10-10,2024-10-11,553.0,552.74,-0.21719619816123445,0.15407511415680486,0.151160678315007,False,OOS,21,1,True,0.004379464258896332
SPY,2024-09-18,2024-10-17,2024-10-18,562.0,561.79,-0.08213868243665436,0.14349417368693673,0.13638594792706943,False,OOS,21,0,False,0.0036724219834517033
SPY,2024-09-25,2024-10-24,2024-10-25,570.0,569.52,-0.7492159073838733,0.1239035704722347,0.13881083363283073,False,OOS,21,0,False,0.0052391260112020594
SPY,2024-10-02,2024-10-31,2024-11-01,569.0,569.15,0.07184279266675164,0.14908357486867463,0.13866119702699478,True,OOS,21,0,False,0.007636411099020484
SPY,2024-10-09,2024-11-07,2024-11-08,577.0,576.88,1.745074015640604,0.1656288617967442,0.10180670088621893,True,OOS,21,0,False,-5.389634162796496e-05
SPY,2024-10-16,2024-11-14,2024-11-15,582.0,582.45,1.3279973074243048,0.15765184335858115,0.10532227289132443,True,OOS,21,0,False,0.0034541932829344336
SPY,2024-10-23,2024-11-21,2024-11-22,578.0,577.98,2.0658940455207886,0.16479456086848,0.08749718702907774,True,OOS,21,0,False,0.003030266353991046
SPY,2024-10-30,2024-11-27,2024-11-29,580.0,580.3501,1.9299748332789022,0.1668969570808454,0.09253215244767868,True,OOS,20,1,True,0.0033117440103624034
SPY,2024-11-06,2024-12-05,2024-12-06,591.0,591.41,0.25999938190442057,0.13198074591034792,0.11204411271009518,True,OOS,20,1,True,0.008165043713015017
SPY,2024-11-13,2024-12-12,2024-12-13,598.0,598.22,-0.8484996712801369,0.11666605625150767,0.1345503598012009,False,OOS,20,0,False,0.00727507570764554
SPY,2024-11-20,2024-12-19,2024-12-20,590.0,589.7,-0.3164425724731583,0.1428949278637406,0.14168559501749456,False,OOS,20,0,False,0.001973698939751906
SPY,2024-11-27,2024-12-26,2024-12-27,598.0,598.4,-1.2802447324287065,0.10761839611134817,0.13856653003283742,False,OOS,19,0,False,-0.0056534851372636126
SPY,2024-12-04,2025-01-02,2025-01-03,608.0,607.625,-0.8231822170421154,0.09912567606964741,0.1154494118948642,False,OOS,19,2,True,-0.010546539562998045
SPY,2024-12-11,2025-01-08,2025-01-10,608.0,607.77,0.42877704183122656,0.10171026656048053,0.07569592490372413,True,OOS,18,2,True,-0.011535304920114838
SPY,2024-12-18,2025-01-16,2025-01-17,587.0,586.85,2.9651529456566044,0.17731421922558638,0.06289245667611884,True,OOS,18,0,False,0.006580003426446099
SPY,2025-01-08,2025-02-06,2025-02-07,589.0,588.87,-0.4437828378524604,0.14792100958961804,0.1524495670805819,False,OOS,19,0,False,0.003248493312580038
SPY,2025-01-15,2025-02-13,2025-02-14,593.0,593.405,-0.899019527610875,0.13616836589421705,0.15657827306839625,False,OOS,20,0,False,0.007444121819288912
SPY,2025-01-22,2025-02-20,2025-02-21,607.0,606.885,-1.8766013009583136,0.1200906909173335,0.17681022160250065,False,OOS,20,0,False,0.009583231336335572
SPY,2025-01-29,2025-02-27,2025-02-28,602.0,601.98,-0.49067869679171416,0.13727434205637498,0.14543602281376447,False,OOS,20,0,False,0.0031150103226859505
SPY,2025-02-05,2025-03-06,2025-03-07,603.0,603.025,-0.4167584620394234,0.13368683939957968,0.13951776337454333,False,OOS,20,1,True,-0.004551967854135209
SPY,2025-02-12,2025-03-13,2025-03-14,603.0,602.7699,0.11662431626649843,0.13117220395929033,0.11799738809903451,True,OOS,20,4,True,-0.010846651409343093
SPY,2025-02-19,2025-03-20,2025-03-21,612.0,612.33,0.11160241761604185,0.1213978234256744,0.1084241526770796,True,OOS,21,8,True,-0.012227748655943792
SPY,2025-02-26,2025-03-27,2025-03-28,595.0,594.81,0.9510707529859213,0.16004093714723222,0.11631756865941159,True,OOS,21,6,True,-0.008784744016143748
SPY,2025-03-05,2025-04-03,2025-04-04,584.0,583.74,0.8849784726000068,0.1859475753440774,0.14255599956549225,True,OOS,21,1,True,-0.014628917299202928
SPY,2025-03-12,2025-04-10,2025-04-11,559.0,559.3,0.802947095960078,0.21857025814341408,0.17652901033608687,True,OOS,21,1,False,-0.04927458597770118
SPY,2025-03-19,2025-04-16,2025-04-17,569.0,569.22,-0.9502418850926473,0.17393325362889314,0.19655850614453593,False,OOS,20,2,True,-0.03914573300689194
SPY,2025-03-26,2025-04-24,2025-04-25,568.0,568.36,-1.4190700583615417,0.16631966770383963,0.20801707205319597,False,OOS,20,2,False,-0.0436188947591154
SPY,2025-04-02,2025-05-01,2025-05-02,565.0,564.71,-0.6998551965569929,0.18537572597959767,0.2009819956377192,False,OOS,20,0,False,-0.040597539423573394
SPY,2025-04-09,2025-05-08,2025-05-09,542.0,541.74,-1.498895094898047,0.2644026762785222,0.31204195160649717,False,OOS,20,1,True,-0.005369270086829501
SPY,2025-04-16,2025-05-15,2025-05-16,522.0,522.46,-4.324654377912888,0.2941916997667622,0.5011554752944183,False,OOS,20,4,True,0.004667288102748657
SPY,2025-04-23,2025-05-22,2025-05-23,535.0,534.71,-4.539673941264581,0.25966201860922583,0.5186594060922337,False,OOS,21,5,True,0.007008435120987725
SPY,2025-04-30,2025-05-29,2025-05-30,551.0,551.29,-4.095701702911366,0.22390246297501362,0.5197688210128564,False,OOS,20,2,True,0.0027700167268695057
SPY,2025-05-07,2025-06-05,2025-06-06,562.0,561.96,-2.6875185934535946,0.20442167857465107,0.435375086344091,False,OOS,20,2,True,0.002693891850706103
SPY,2025-05-14,2025-06-12,2025-06-13,587.0,586.75,-0.5529460963017876,0.15693258467378798,0.21661079892479754,False,OOS,20,0,False,0.011984873202797876
SPY,2025-05-21,2025-06-18,2025-06-20,584.0,584.41,0.3187614402685504,0.17505347445860817,0.1612925690203826,True,OOS,19,0,False,0.011590848878209215
SPY,2025-05-28,2025-06-26,2025-06-27,589.0,588.76,0.08966014595434488,0.15997338066688555,0.16555373879713944,True,OOS,20,1,True,0.008796122213835975
SPY,2025-06-04,2025-07-02,2025-07-03,597.0,596.74,-0.03192433498038785,0.14636688034865358,0.16272651239144792,False,OOS,19,1,True,0.004930462562642922
SPY,2025-06-11,2025-07-10,2025-07-11,601.0,600.73,-0.007616746789540124,0.14374557340415792,0.1588491707385737,False,OOS,19,1,True,0.003858287227127461
SPY,2025-06-18,2025-07-17,2025-07-18,599.0,598.76,0.4936355293948993,0.15857422948059724,0.13085578676993093,True,OOS,19,1,True,0.0064733455586028
SPY,2025-06-25,2025-07-24,2025-07-25,607.0,606.7753,0.3486035445988336,0.1398133619475069,0.12443584942201626,True,OOS,20,1,True,0.006021682790233997
SPY,2025-07-02,2025-07-31,2025-08-01,620.0,619.8477,0.6622414481869291,0.14180712040012317,0.09962318033764082,True,OOS,20,0,False,0.012716616510347951
SPY,2025-07-09,2025-08-07,2025-08-08,624.0,623.725,0.539466285531485,0.13510802948850795,0.10328530896571189,True,OOS,21,0,False,0.007764903917747737
SPY,2025-07-16,2025-08-14,2025-08-15,625.0,624.56,0.6626825879168259,0.14362535662401624,0.10147113372233081,True,OOS,21,0,False,0.00589881333922578
SPY,2025-07-23,2025-08-21,2025-08-22,633.0,633.0,0.8101150759512155,0.12925780590040895,0.07465736755079345,True,OOS,21,0,False,0.00591663673339707
SPY,2025-07-30,2025-08-28,2025-08-29,632.0,631.88,1.003576812770135,0.1373480571675063,0.06525549436445083,True,OOS,21,0,False,0.0034702089171723917
SPY,2025-08-06,2025-09-04,2025-09-05,633.0,632.955,0.5901252849367418,0.13583710032962418,0.0980681857627238,True,OOS,20,0,False,0.007999228773441494
SPY,2025-08-13,2025-09-11,2025-09-12,644.0,644.1201,0.27235237132427276,0.11709600496747591,0.10691280855787409,True,OOS,20,0,False,0.006304376532135694
SPY,2025-08-20,2025-09-18,2025-09-19,639.0,638.77,0.4079644091240587,0.13028727470805532,0.10688189048425786,True,OOS,20,0,False,0.002345265376400334
SPY,2025-08-27,2025-09-25,2025-09-26,647.0,647.14,0.11644031208479802,0.11878934800199142,0.11857754309134666,True,OOS,20,0,False,0.005603851692300973
SPY,2025-09-03,2025-10-02,2025-10-03,642.0,642.2,0.4138114170439969,0.1329073914352169,0.10622705916745001,True,OOS,21,0,False,0.005118072878820618
SPY,2025-09-10,2025-10-09,2025-10-10,652.0,651.83,0.4294726616918869,0.12025522286873552,0.09136078830901186,True,OOS,21,0,False,0.006063721642918666
SPY,2025-09-17,2025-10-16,2025-10-17,660.0,659.61,0.5064126166651916,0.12495173116060357,0.08876621528136955,True,OOS,21,0,False,0.0008225728486922514
SPY,2025-09-24,2025-10-23,2025-10-24,661.0,660.645,0.8245871245770877,0.13691115971720508,0.07234498138297435,True,OOS,21,0,False,0.003097509120898876
SPY,2025-10-01,2025-10-30,2025-10-31,669.0,668.79,0.7626111668064518,0.13196561778849225,0.07075948634308919,True,OOS,21,0,False,0.0014003580212601009
SPY,2025-10-08,2025-11-06,2025-11-07,673.0,672.74,0.9080910078001095,0.13412384834175062,0.05864635795157801,True,OOS,21,0,False,0.0015216029201411423
SPY,2025-10-15,2025-11-13,2025-11-14,665.0,664.7788,0.5221089819130963,0.16688603055801868,0.12476167854060385,True,OOS,21,0,False,0.006935493210780321
SPY,2025-10-22,2025-11-20,2025-11-21,668.0,667.66,0.26504737439395787,0.1516401152791685,0.13218253517419945,True,OOS,21,0,False,0.0003444097970795551
SPY,2025-10-29,2025-11-26,2025-11-28,685.0,685.488,0.16635656303242408,0.14708878102371709,0.13760743399694533,True,OOS,20,0,False,-0.0010656593735691598
SPY,2025-11-05,2025-12-04,2025-12-05,679.0,679.38,0.035683203298051754,0.1473384344235007,0.15050051492210187,True,OOS,20,0,False,0.006779807836063471
SPY,2025-11-12,2025-12-11,2025-12-12,684.0,683.7,0.4303279837519607,0.14732847748972952,0.11725853487873927,True,OOS,20,0,False,0.011567439648996217
SPY,2025-11-19,2025-12-18,2025-12-19,664.0,663.625,0.8003215702475462,0.19365768998976948,0.1305069626033349,True,OOS,20,0,False,0.015051137873018653
SPY,2025-11-26,2025-12-24,2025-12-26,681.0,681.175,-0.05543718628263968,0.13901974400031675,0.14801471585732504,False,OOS,19,0,False,0.015347071850789103
SPY,2025-12-03,2025-12-31,2026-01-02,684.0,684.475,-0.10935363824656473,0.13352404510016802,0.14680771951460944,False,OOS,19,0,False,0.015337118415563959
SPY,2025-12-10,2026-01-08,2026-01-09,688.0,688.375,-0.03091036097482255,0.12867996067572282,0.1349932169634676,False,OOS,19,0,False,0.012422800403770326
SPY,2025-12-17,2026-01-15,2026-01-16,673.0,672.79,0.340807625577813,0.14310895564427023,0.11809243715894203,True,OOS,19,0,False,0.010735469023908099
SPY,2025-12-24,2026-01-22,2026-01-23,690.0,690.35,0.18494764002329703,0.1106207040809626,0.09986085367424133,True,OOS,18,0,False,-0.0006805086570668946
SPY,2025-12-31,2026-01-29,2026-01-30,683.0,683.42,0.5899732403065687,0.12737052840080396,0.08144742226530247,True,OOS,19,0,False,0.004119682693903717
SPY,2026-01-07,2026-02-05,2026-02-06,690.0,689.65,0.5132955607726917,0.12873799851036027,0.08862088627566209,True,OOS,20,0,False,-0.001221731434343018
SPY,2026-01-14,2026-02-12,2026-02-13,689.0,689.14,0.6179453976829025,0.13868331258563404,0.0887121990478252,True,OOS,20,0,False,-0.0037857794528628275
SPY,2026-01-21,2026-02-19,2026-02-20,685.0,685.45,0.5007813515250492,0.14359438394297433,0.10220368124374625,True,OOS,20,0,False,0.00912742780465126
SPY,2026-01-28,2026-02-26,2026-02-27,695.0,695.15,0.37759654195548537,0.13640860506975297,0.10443920346511754,True,OOS,20,0,False,0.0031170702128999585
SPY,2026-02-04,2026-03-05,2026-03-06,688.0,687.82,0.606706785896229,0.15921963411514287,0.10653964030709269,True,OOS,20,0,False,0.006912123192338267
SPY,2026-02-11,2026-03-12,2026-03-13,692.0,692.5,0.18132679565734014,0.14702514584365267,0.13014242565868392,True,OOS,20,1,True,0.004545215429513156
SPY,2026-02-18,2026-03-19,2026-03-20,686.0,685.6601,0.293059326214795,0.1665065092717816,0.13943922577103926,True,OOS,21,2,True,0.00498957011582664
SPY,2026-02-25,2026-03-26,2026-03-27,693.0,693.09,0.24750948188839222,0.14700949596899063,0.123522877325075,True,OOS,21,5,True,0.00010947168091687918
SPY,2026-03-04,2026-04-01,2026-04-02,687.0,686.505,0.39768424274478736,0.16628111893158726,0.13026557784552098,True,OOS,20,4,True,0.0008311911196171974
SPY,2026-03-11,2026-04-09,2026-04-10,676.0,676.0761,0.9387338305174716,0.19729871308274227,0.11426056935855325,True,OOS,20,0,False,0.0021532710549777862
SPY,2026-03-18,2026-04-16,2026-04-17,662.0,662.015,0.9802948568101318,0.20876069366485195,0.12018165722845212,True,OOS,20,1,True,-0.002095960862024581
SPY,2026-03-25,2026-04-23,2026-04-24,656.0,656.21,0.8427674080948817,0.21668026149935343,0.13721351379691082,True,OOS,20,2,True,-0.000932919543562955
SPY,2026-04-01,2026-04-30,2026-05-01,656.0,656.155,0.16418344098378104,0.20876581203036604,0.18624431238751324,True,OOS,20,3,True,0.0030844815903891378
SPY,2026-04-08,2026-05-07,2026-05-08,675.0,674.7,-0.14928248448444412,0.17668848080973432,0.18166748470657884,False,OOS,21,2,True,0.0028573680966657213
SPY,2026-04-15,2026-05-14,2026-05-15,700.0,699.52,-0.6131936909945376,0.15183456187558228,0.19736553687960093,False,OOS,21,1,True,0.0023137968806400742
SPY,2026-04-22,2026-05-21,2026-05-22,710.0,710.45,-0.40175261868907586,0.15802400450283544,0.17851258130567643,False,OOS,21,1,True,0.005348260996687745
SPY,2026-04-29,2026-05-28,2026-05-29,711.0,710.5497,-0.033311825498988014,0.15879974934322266,0.1440429575531037,False,OOS,20,1,True,0.0022038881457579597
SPY,2026-05-06,2026-06-04,2026-06-05,734.0,733.675,0.09334895761078803,0.14798262390228945,0.11949800315675321,True,OOS,20,1,True,0.009855542126532398
SPY,2026-05-13,2026-06-11,2026-06-12,743.0,743.455,0.6267454713260395,0.15226954796443262,0.10115488929644498,True,OOS,20,0,False,-0.0005169459836544044
SPY,2026-05-20,2026-06-17,2026-06-18,741.0,741.24,0.39038095454393235,0.15242637617852384,0.1083367448639807,True,OOS,19,0,False,-0.005660870622331583
SPY,2026-05-27,2026-06-25,2026-06-26,751.0,750.86,0.15201537855736003,0.13823560517062305,0.10146870516629711,True,OOS,20,1,True,-0.00790042011883427
SPY,2026-06-03,2026-07-01,2026-07-02,755.0,755.28,0.2320953138217718,0.13520694526040464,0.09511490248931359,True,OOS,19,0,False,-0.0077624021002316666
SPY,2026-06-10,2026-07-09,2026-07-10,727.0,727.2588,0.6879728421638501,0.18183028546917462,0.126306201940159,True,OOS,19,1,True,0.007958373279851227
SPY,2026-06-17,2026-07-16,2026-07-17,740.0,739.95,-0.9665745222827937,0.1583359486886918,0.15535783574758222,False,OOS,19,0,False,0.011646127037492592
SPY,2026-06-24,2026-07-23,2026-07-24,731.0,731.49,-0.9080639568156333,0.17062164743262706,0.1667999968277393,False,OOS,20,0,False,0.013292736841044475
SPY,2026-07-01,2026-07-30,2026-07-31,747.0,746.65,-2.2023778004946246,0.1368209550987091,0.17726786560060095,False,OOS,20,0,False,0.004262684171324851
SPY,2026-07-08,2026-08-06,2026-08-07,745.0,745.33,-2.017489288037638,0.1401933681372443,0.17830453074146954,False,OOS,21,1,True,-0.0021988866818057236
SPY,2026-07-15,2026-08-13,2026-08-14,754.0,754.095,-0.9738796749669015,0.1310555398119369,0.13518088699216227,False,OOS,21,1,True,-0.006912310850369465
SPY,2026-07-22,2026-08-20,2026-08-21,748.0,747.79,-0.2244173356795879,0.13894148499798895,0.11741298713428809,False,OOS,21,0,False,-0.0011370758253703994
SPY,2026-07-29,2026-08-27,2026-08-28,731.0,731.3,0.8805891403721917,0.1696298510432111,0.11029947449976983,True,OOS,21,3,True,0.0028290570462910303
SPY,2026-08-05,2026-09-03,2026-09-04,771.0,771.495,-1.114407510074181,0.13320127943520374,0.1431513641329661,False,OOS,21,0,False,0.011699689551949041
SPY,2026-08-12,2026-09-10,2026-09-11,773.0,772.865,-1.2463314125930811,0.12129451985244068,0.13724026857350005,False,OOS,20,0,False,0.007806813790963938
SPY,2026-08-19,2026-09-17,2026-09-18,769.0,769.0,-1.0044823809223575,0.12648113743113532,0.13500167262942656,False,OOS,20,0,False,0.006937397496029585
SPY,2026-08-26,2026-09-24,2026-09-25,767.0,766.69,-0.8271897130550366,0.12625002748229924,0.1292064596635133,False,OOS,20,0,False,0.0008301353278301923
SPY,2026-09-02,2026-10-01,2026-10-02,765.0,765.365,0.09812170124196393,0.12439846570056433,0.09486906714549331,True,OOS,20,0,False,0.005004770824626802
QQQ,2022-09-07,2022-10-06,2022-10-07,299.0,299.28,1.5815660916066787,0.3003706494853736,0.2452485205825226,True,IS,21,2,True,-0.007677790401225839
QQQ,2022-09-14,2022-10-13,2022-10-14,295.0,294.58,0.6808395314443775,0.31451960387787675,0.3062182024302706,True,IS,21,3,True,0.0003887907596073076
QQQ,2022-09-21,2022-10-20,2022-10-21,285.0,284.675,0.9767664304122963,0.3310383525154924,0.3052245843333429,True,IS,21,1,True,-0.001166381929627139
QQQ,2022-09-28,2022-10-27,2022-10-28,281.0,280.7486,1.8612544252808711,0.3394822297425531,0.2599458804120284,True,IS,21,0,False,0.002864862373715088
QQQ,2022-10-05,2022-11-03,2022-11-04,283.0,283.19,0.40067510570959936,0.3266117227646791,0.32629725021843364,True,IS,21,1,True,-0.003033290845428609
QQQ,2022-10-12,2022-11-10,2022-11-11,264.0,263.7125,1.4292039502213978,0.3784468032872977,0.31720101753278185,True,IS,21,1,True,-0.03966898162636315
QQQ,2022-10-19,2022-11-17,2022-11-18,270.0,269.875,0.8811376144941493,0.3530540724489107,0.3191291702719415,True,IS,21,0,False,-0.01563161005136278
QQQ,2022-10-26,2022-11-23,2022-11-25,278.0,278.49,0.1890428657249428,0.32233770308561194,0.32802046887474345,True,IS,20,1,True,-0.0027174946312206573
QQQ,2022-11-02,2022-12-01,2022-12-02,268.0,267.63,-0.013926180018687732,0.3098497660304721,0.3274670449882071,False,IS,20,2,True,-0.013184070462045528
QQQ,2022-11-09,2022-12-08,2022-12-09,264.0,263.6,0.2572907459350485,0.31317371183846876,0.31564197397826227,True,IS,20,4,True,-0.00798600230937526
QQQ,2022-11-16,2022-12-15,2022-12-16,286.0,285.57,-1.1879008001134703,0.2880462704526779,0.37508430478789423,False,IS,20,0,False,0.0019570389147521086
QQQ,2022-11-23,2022-12-22,2022-12-23,289.0,288.64,-1.7130720194679816,0.2535839243630692,0.37438397249418465,False,IS,20,4,True,-0.006750597770502312
QQQ,2022-11-30,2022-12-29,2022-12-30,292.0,291.63,-1.11347617258685,0.2564419248848925,0.34437785052023967,False,IS,20,5,True,0.002090249195676324
QQQ,2022-12-07,2023-01-05,2023-01-06,280.0,280.15,-0.8939877631092497,0.27456594046156313,0.3523812674565966,False,IS,19,2,True,0.0022569349452465468
QQQ,2022-12-14,2023-01-12,2023-01-13,287.0,286.65,0.6685740356135437,0.24920855391113447,0.23508303654944313,True,IS,19,1,True,-0.0041597061277707445
QQQ,2022-12-21,2023-01-19,2023-01-20,273.0,273.43,0.2090985201113589,0.2478850147126484,0.2601079436007561,True,IS,18,0,False,0.013411782637162759
QQQ,2022-12-28,2023-01-26,2023-01-27,260.0,259.84,0.6099323763352938,0.2804814196451399,0.26906101276290817,True,IS,19,4,True,0.007701713019124854
QQQ,2023-01-04,2023-02-02,2023-02-03,264.0,263.81,1.4323732762132355,0.28745503042638887,0.22736753219935707,True,IS,20,4,True,0.005170389964780878
QQQ,2023-01-11,2023-02-09,2023-02-10,277.0,276.77,0.7387800590172958,0.26659536170975223,0.24544953397138863,True,IS,20,3,True,0.002060333168708814
QQQ,2023-01-18,2023-02-16,2023-02-17,278.0,278.21,0.3451704212034292,0.24551242830800515,0.2471949022614655,True,IS,21,3,True,-0.008201205791260931
QQQ,2023-01-25,2023-02-23,2023-02-24,287.0,287.24,0.3319235101339978,0.23550085771134524,0.2374415008007987,True,IS,20,0,False,-0.0025083350833462713
QQQ,2023-02-01,2023-03-02,2023-03-03,302.0,302.51,0.5623325128822779,0.22681281636567563,0.21486361283720476,True,IS,20,1,True,0.0024277179858195725
QQQ,2023-02-08,2023-03-09,2023-03-10,305.0,304.64,0.4964458591847989,0.24991985697601982,0.2414857871271938,True,IS,20,1,True,0.007359665229299631
QQQ,2023-02-15,2023-03-16,2023-03-17,308.0,308.07,-0.2812267075970233,0.22812049564529074,0.26306075608955537,False,IS,20,0,False,-0.003191308902284767
QQQ,2023-02-22,2023-03-23,2023-03-24,293.0,293.31,0.43514209312655683,0.275899415598678,0.2709110255686365,True,IS,21,0,False,0.005343968579970022
QQQ,2023-03-01,2023-03-30,2023-03-31,291.0,291.23,0.3268716004165784,0.2586845754302719,0.2595285618886093,True,IS,21,1,True,0.0021048759495825254
QQQ,2023-03-08,2023-04-05,2023-04-06,298.0,297.775,0.9076284879020565,0.2365219884803039,0.20554881167389613,True,IS,20,2,True,0.001681495490221452
QQQ,2023-03-15,2023-04-13,2023-04-14,298.0,297.83,1.3266576185804544,0.2682996803447002,0.2119548014548221,True,IS,20,1,True,0.011239001634758045
QQQ,2023-03-22,2023-04-20,2023-04-21,310.0,309.7499,0.6615631853756039,0.236670555008864,0.2154342332699953,True,IS,20,0,False,0.022005780781900953
QQQ,2023-03-29,2023-04-27,2023-04-28,313.0,312.975,0.7597700397338062,0.22521605513153242,0.19648607646452917,True,IS,20,0,False,0.007710144843231924
QQQ,2023-04-05,2023-05-04,2023-05-05,316.0,315.9,0.8052273030419037,0.23108017929257155,0.1984333676173092,True,IS,20,0,False,0.02116530391726639
QQQ,2023-04-12,2023-05-11,2023-05-12,313.0,313.29,1.2426497368774263,0.2320180267883706,0.17460729053163956,True,IS,21,1,True,0.01077747596214819
QQQ,2023-04-19,2023-05-18,2023-05-19,319.0,318.925,0.9801624602424512,0.19880787907410974,0.1539341700876327,True,IS,21,0,False,0.006639722573434972
QQQ,2023-04-26,2023-05-25,2023-05-26,312.0,311.73,1.3971110567435208,0.22172132950782916,0.15272723851634068,True,IS,21,1,True,0.005982631514625996
QQQ,2023-05-03,2023-06-01,2023-06-02,318.0,317.7,1.0278189906798716,0.20561253230300142,0.15751727086414272,True,IS,20,2,True,0.0022146871928761095
QQQ,2023-05-10,2023-06-08,2023-06-09,326.0,325.72,0.2533175780340064,0.17956465682919803,0.17196048020163957,True,IS,20,4,True,-0.005137662120882741
QQQ,2023-05-17,2023-06-15,2023-06-16,331.0,331.17,0.3861644856168964,0.17409349474856972,0.15844458374559395,True,IS,20,1,False,-0.012073959463219052
QQQ,2023-05-24,2023-06-22,2023-06-23,332.0,331.77,0.4154065633068808,0.19566890429830872,0.1769591640657738,True,IS,19,3,True,-0.006837019079086751
QQQ,2023-05-31,2023-06-29,2023-06-30,349.0,348.7,0.48831541875669,0.19766338920532694,0.173916058436004,True,IS,20,1,True,0.005749705533687799
QQQ,2023-06-07,2023-07-06,2023-07-07,349.0,348.69,0.38611901810288063,0.17640911897342232,0.1562798525773489,True,IS,19,2,True,0.001288518948959863
QQQ,2023-06-14,2023-07-13,2023-07-14,364.0,364.49,0.06665557949608725,0.17991604156650184,0.17336064743582674,True,IS,19,1,True,0.005682687783686814
QQQ,2023-06-21,2023-07-20,2023-07-21,362.0,362.5,0.05567759839237038,0.17937167260561493,0.1725515687168113,True,IS,20,0,False,0.005057637055684405
QQQ,2023-06-28,2023-07-27,2023-07-28,364.0,363.71,-0.00718183820147027,0.18582473011086506,0.18069009683362547,False,IS,20,0,False,0.007054695899025685
QQQ,2023-07-05,2023-08-03,2023-08-04,371.0,370.6999,0.3291485197935555,0.184095904786054,0.16340229916787358,True,IS,21,0,False,0.0029593227912435827
QQQ,2023-07-12,2023-08-10,2023-08-11,373.0,373.0601,0.5600771544572688,0.1804102737850073,0.14853810572138068,True,IS,21,0,False,0.007268251947640482
QQQ,2023-07-19,2023-08-17,2023-08-18,386.0,385.6608,0.5144337402697633,0.18144317509267024,0.15063884376485856,True,IS,21,4,True,-0.002224926627767497
QQQ,2023-07-26,2023-08-24,2023-08-25,378.0,377.97,0.25101918030578796,0.17530528987964772,0.15544573941258913,True,IS,21,1,True,-0.006663502186448065
QQQ,2023-08-02,2023-08-31,2023-09-01,374.0,374.37,1.2309085103033761,0.203135763180153,0.1412078201042077,True,IS,21,0,False,0.002070852986353895
QQQ,2023-08-09,2023-09-07,2023-09-08,369.0,369.015,0.4857294154719587,0.19839924710361886,0.16714877049459728,True,IS,20,0,False,0.005839847540575318
QQQ,2023-08-16,2023-09-14,2023-09-15,363.0,363.27,0.7519135125569503,0.20194889492784412,0.15845235211458739,True,IS,20,0,False,0.0049579458361549335
QQQ,2023-08-23,2023-09-21,2023-09-22,370.0,369.7827,0.7217891666225782,0.19814937431682217,0.15453237036674825,True,IS,20,1,True,0.000542300041468791
QQQ,2023-08-30,2023-09-28,2023-09-29,377.0,376.72,-0.6485969182281583,0.17457145438208524,0.18890801642841673,False,IS,20,4,True,0.0015256612018908762
QQQ,2023-09-06,2023-10-05,2023-10-06,374.0,374.36,-0.06505643621250583,0.1820935271567804,0.172679704432941,False,IS,21,3,True,0.001163260500349299
QQQ,2023-09-13,2023-10-12,2023-10-13,374.0,374.02,-0.43245002180575404,0.1689810935877871,0.17557718567011105,False,IS,21,0,False,0.0036670957665113956
QQQ,2023-09-20,2023-10-19,2023-10-20,365.0,365.31,0.07152376123763116,0.18503551984211344,0.1710454640813022,True,IS,21,0,False,0.0018661269635926565
QQQ,2023-09-27,2023-10-26,2023-10-27,354.0,354.34,1.0952151141191426,0.21993986557256906,0.1631020254896753,True,IS,21,0,False,-0.0007770486920758895
QQQ,2023-10-04,2023-11-02,2023-11-03,360.0,360.15,1.3155447373768099,0.2188037612168519,0.15301498501484084,True,IS,21,0,False,-0.00144563464477837
QQQ,2023-10-11,2023-11-09,2023-11-10,371.0,370.79,0.2504494220608744,0.1909727414800608,0.1691233203773068,True,IS,21,0,False,-0.002760615777462043
QQQ,2023-10-18,2023-11-16,2023-11-17,363.0,362.85,1.0869945699637367,0.21945587986043327,0.16452490917259402,True,IS,21,1,True,-0.0022328748657420927
QQQ,2023-10-25,2023-11-22,2023-11-24,350.0,350.32,1.4165235973089756,0.2349796900477509,0.16504922623035487,True,IS,20,3,True,0.005733823573686412
QQQ,2023-11-01,2023-11-30,2023-12-01,357.0,357.05,-0.1649572425700708,0.1968401322280772,0.19128658586420386,False,IS,20,4,True,0.0007303619704964728
QQQ,2023-11-08,2023-12-07,2023-12-08,373.0,373.08,-0.9145565283533111,0.16876877890895256,0.19396233206683614,False,IS,20,1,True,0.0022164833993667697
QQQ,2023-11-15,2023-12-14,2023-12-15,386.0,385.835,-1.565053626993454,0.16232907611316036,0.2115655333412747,False,IS,20,0,False,0.010431654907123463
QQQ,2023-11-22,2023-12-21,2023-12-22,390.0,390.13,-1.4536567789484596,0.1519439221097996,0.19246351110559878,False,IS,20,1,True,0.006330487690328309
QQQ,2023-11-29,2023-12-28,2023-12-29,390.0,389.8288,-0.09799160776415512,0.1508865578954156,0.13858925040816625,False,IS,20,4,True,0.0039826649305480565
QQQ,2023-12-06,2024-01-04,2024-01-05,386.0,385.57,0.3715599621710657,0.1577492143197355,0.1285453262953559,True,IS,19,12,True,-0.03407742059238142
QQQ,2023-12-13,2024-01-11,2024-01-12,403.0,403.14,0.3287442109982755,0.14276903874539074,0.1140047899814809,True,IS,19,4,False,0.0011472936266372484
QQQ,2023-12-20,2024-01-18,2024-01-19,404.0,404.36,1.151090293571296,0.14938898874008286,0.09808341573586847,True,IS,18,4,False,0.001666442641639957
QQQ,2024-01-03,2024-02-01,2024-02-02,398.0,398.47,0.6240246731910729,0.16948267618231083,0.13105451724252093,True,IS,20,1,True,0.001158897739383565
QQQ,2024-01-10,2024-02-08,2024-02-09,408.0,408.02,-0.21677366284142377,0.15688549786778577,0.14137106037144845,False,IS,20,2,True,-0.0010448491911176105
QQQ,2024-01-17,2024-02-15,2024-02-16,406.0,406.42,0.739227892912134,0.17290164541752864,0.13198601052390854,True,IS,21,1,True,-0.0010500322905453595
QQQ,2024-01-24,2024-02-22,2024-02-23,426.0,426.69,-0.3168905331394705,0.15631533740680606,0.14281560486848388,False,IS,20,0,False,-0.01969703996291284
QQQ,2024-01-31,2024-02-29,2024-03-01,417.0,417.2491,0.060549856591964345,0.17079923680448028,0.14729484462628295,True,IS,20,1,True,-0.005245899422148673
QQQ,2024-02-07,2024-03-07,2024-03-08,432.0,432.17,-0.7119950168843712,0.15696075245330213,0.1535826853370208,False,IS,20,0,False,-0.013065405886865706
QQQ,2024-02-14,2024-03-14,2024-03-15,432.0,432.909,-0.6132573921027169,0.1664192512378894,0.16013258545984044,False,IS,20,0,False,-0.005323965587071969
QQQ,2024-02-21,2024-03-21,2024-03-22,425.0,424.54,0.4854195396756172,0.1845157947573331,0.14948129337267008,True,IS,21,1,True,-0.003069157597323113
QQQ,2024-02-28,2024-03-27,2024-03-28,435.0,435.19,-1.4756749816210586,0.16307847285196353,0.17788370181959065,False,IS,20,0,False,0.0017791528236746792
QQQ,2024-03-06,2024-04-04,2024-04-05,439.0,438.51,-0.7260989809788442,0.1728689155656375,0.1685776600261619,False,IS,20,0,False,0.009167396085023842
QQQ,2024-03-13,2024-04-11,2024-04-12,440.0,440.275,-1.6144445906553047,0.16699655547005982,0.18585374315972403,False,IS,20,0,False,0.01045455810659458
QQQ,2024-03-20,2024-04-18,2024-04-19,443.0,442.98,-1.4562866745259944,0.16306331018389547,0.1791105257961947,False,IS,20,1,True,-0.0010233819694785878
QQQ,2024-03-27,2024-04-25,2024-04-26,445.0,444.59,-0.6183418696457834,0.15554834173727375,0.1515211517615792,False,IS,20,2,True,-0.0076302598716636635
QQQ,2024-04-03,2024-05-02,2024-05-03,442.0,441.826,0.435427337678717,0.17215740915932434,0.14165837092596387,True,IS,21,1,True,-0.007965643317565465
QQQ,2024-04-10,2024-05-09,2024-05-10,439.0,438.605,1.5666377544363759,0.18123942082940647,0.1214167092555164,True,IS,21,0,False,0.002361376520236113
QQQ,2024-04-24,2024-05-23,2024-05-24,427.0,426.64,0.29756468635228445,0.194169727540119,0.16645902843599597,True,IS,21,3,True,0.00805655754429576
QQQ,2024-05-01,2024-05-30,2024-05-31,425.0,424.74,-0.8135803282359151,0.18692330379842786,0.18828497187446677,False,IS,20,3,True,0.006470685187655995
QQQ,2024-05-08,2024-06-06,2024-06-07,440.0,440.17,-2.211927483197261,0.1609215849037627,0.2005255076230298,False,IS,20,2,True,0.009083347253710686
QQQ,2024-05-15,2024-06-13,2024-06-14,453.0,452.73,-1.3193180560132116,0.15266004412646308,0.17092751159696104,False,IS,20,2,True,0.004318035040018327
QQQ,2024-05-22,2024-06-20,2024-06-21,454.0,454.345,-0.270676288892588,0.1516768059311765,0.14238234332108637,False,IS,19,1,True,0.0022414924294051285
QQQ,2024-05-29,2024-06-27,2024-06-28,457.0,457.175,0.20954233321834723,0.15435727049232562,0.13217844945729854,True,IS,20,2,True,-0.00018054120650440666
QQQ,2024-06-05,2024-07-03,2024-07-05,463.0,462.64,1.480139594953876,0.15259684156626002,0.09496554107436399,True,IS,19,2,True,0.006028074908478146
QQQ,2024-06-12,2024-07-11,2024-07-12,474.0,473.3,0.4049190896451768,0.13983076270259656,0.11109298148836304,True,IS,19,0,False,0.003862524207046944
QQQ,2024-06-26,2024-07-25,2024-07-26,480.0,479.89,0.19866240408389652,0.155241045650912,0.13118833026932586,True,IS,20,0,False,-0.021451986871090203
QQQ,2024-07-03,2024-08-01,2024-08-02,490.0,490.26,0.5640158669367108,0.1540488362407353,0.11955576831387475,True,OOS,20,1,True,-0.022601412176776296
QQQ,2024-07-24,2024-08-22,2024-08-23,465.0,465.065,0.8022906069389094,0.21984741242986633,0.1783680870653692,True,OOS,21,0,False,-0.016975589435394737
QQQ,2024-07-31,2024-08-29,2024-08-30,472.0,472.09,-0.749803334758444,0.21773531671398436,0.22005865618220813,False,OOS,21,0,False,0.0002276593177666167
QQQ,2024-08-14,2024-09-12,2024-09-13,462.0,462.055,-3.926788191240037,0.20280388407387748,0.3061396984902915,False,OOS,20,0,False,-0.005082219563941592
QQQ,2024-08-21,2024-09-19,2024-09-20,482.0,481.52,-3.471010539151357,0.1916211257947865,0.3024858245861547,False,OOS,20,0,False,-0.003678991025858757
QQQ,2024-08-28,2024-09-26,2024-09-27,472.0,472.07,-2.1645740611491204,0.20650261311744636,0.2782915099384858,False,OOS,20,1,True,0.0014625545293936112
QQQ,2024-09-04,2024-10-03,2024-10-04,461.0,461.3,-1.0063355584809928,0.22531072119994933,0.2546446314575392,False,OOS,21,2,True,0.006360408692042724
QQQ,2024-09-11,2024-10-10,2024-10-11,467.0,466.79,-0.6058474778910439,0.21352610837308927,0.2273520101766805,False,OOS,21,1,True,0.00862858538216343
QQQ,2024-09-25,2024-10-24,2024-10-25,486.0,485.538,-1.1466883230639149,0.1752810472576866,0.21243945616947818,False,OOS,21,0,False,0.009416228380023428
QQQ,2024-10-02,2024-10-31,2024-11-01,483.0,482.81,-0.5037601726663199,0.19708026750171972,0.20993260924312315,False,OOS,21,0,False,0.007464551844380216
QQQ,2024-10-09,2024-11-07,2024-11-08,493.0,492.82,1.4169031342742937,0.21574134686888302,0.1531940836629019,True,OOS,21,1,True,0.003091872485347466
QQQ,2024-10-16,2024-11-14,2024-11-15,490.0,490.85,1.4113442748719414,0.21014426227595337,0.14608667424448776,True,OOS,21,1,True,0.004008121363596971
QQQ,2024-10-23,2024-11-21,2024-11-22,488.0,488.38,2.3279673157483183,0.22139729790759288,0.11902797876186945,True,OOS,21,0,False,0.0033684359027762317
QQQ,2024-10-30,2024-11-27,2024-11-29,497.0,497.0268,1.7744944652311148,0.21677258057432824,0.13482701261509714,True,OOS,20,0,False,0.010532381178417757
QQQ,2024-11-06,2024-12-05,2024-12-06,506.0,506.005,0.25692551895928717,0.17666217668583512,0.15595029673801616,True,OOS,20,0,False,0.00874802774928416
QQQ,2024-11-13,2024-12-12,2024-12-13,514.0,513.43,-0.6837577891323472,0.15922047605619286,0.17815401713498358,False,OOS,20,0,False,-0.00010393768938823066
QQQ,2024-11-20,2024-12-19,2024-12-20,502.0,502.17,-0.3888958725369326,0.19065587358855432,0.19602651983428818,False,OOS,20,0,False,0.010063114157223309
QQQ,2024-11-27,2024-12-26,2024-12-27,505.0,504.7999,-1.0978923570720804,0.15048914320274906,0.18549058316083794,False,OOS,19,1,True,-0.00439024653308367
QQQ,2024-12-04,2025-01-02,2025-01-03,523.0,523.222,-0.6822616883408344,0.14058963371675942,0.15922451829947745,False,OOS,19,0,False,-0.016891566532984147
QQQ,2024-12-11,2025-01-08,2025-01-10,530.0,530.245,0.08872711069374152,0.14353877627593994,0.1302480519090006,True,OOS,18,0,False,-0.020093423048396137
QQQ,2024-12-18,2025-01-16,2025-01-17,515.0,515.69,2.1114265182770775,0.2159559094520744,0.11675678919101427,True,OOS,18,0,False,0.008339003572183253
QQQ,2025-01-08,2025-02-06,2025-02-07,515.0,514.89,-0.5078923107828464,0.19952261697966608,0.21384340033997382,False,OOS,19,0,False,0.0028820894961332543
QQQ,2025-01-15,2025-02-13,2025-02-14,517.0,517.2299,-0.6380464419979178,0.184452033655628,0.20457216160719063,False,OOS,20,0,False,0.004852111969127922
QQQ,2025-01-22,2025-02-20,2025-02-21,532.0,531.8499,-1.4986722654304498,0.1651781685986601,0.2235950312374619,False,OOS,20,0,False,0.0077585807279804565
QQQ,2025-01-29,2025-02-27,2025-02-28,521.0,520.76,-0.47867178144986944,0.19658265005773062,0.2121141794170849,False,OOS,20,0,False,0.002520140880771032
QQQ,2025-02-05,2025-03-06,2025-03-07,525.0,525.26,-0.562003081760687,0.18569759104437963,0.20538691050500957,False,OOS,20,1,True,-0.006565972018132649
QQQ,2025-02-12,2025-03-13,2025-03-14,528.0,527.97,-0.22309249202165543,0.17869352300997202,0.18438193388363736,False,OOS,20,4,True,-0.011251287985088688
QQQ,2025-02-19,2025-03-20,2025-03-21,540.0,539.0682,-0.22779814042005622,0.16408170714657155,0.17042560358293468,False,OOS,21,7,True,-0.01583211069394491
QQQ,2025-02-26,2025-03-27,2025-03-28,515.0,514.65,0.6762104385707225,0.214581778529899,0.18186149613178654,True,OOS,21,4,True,-0.014215942528213425
QQQ,2025-03-05,2025-04-03,2025-04-04,503.0,502.63,0.8795511484515035,0.23746972816121661,0.19348467550300302,True,OOS,21,1,True,-0.01948251121671707
QQQ,2025-03-26,2025-04-24,2025-04-25,484.0,483.99,-1.4845350719156385,0.215793593574614,0.27827072698136884,False,OOS,20,2,False,-0.04473486867332911
QQQ,2025-04-02,2025-05-01,2025-05-02,476.0,476.285,-0.7243487032493703,0.2368007080656054,0.26596219875675114,False,OOS,20,0,False,-0.05529459274000259
QQQ,2025-04-09,2025-05-08,2025-05-09,463.0,463.12,-1.1376543577428928,0.30404902508571213,0.3534385672655202,False,OOS,20,1,True,-0.009874978565078463
QQQ,2025-04-16,2025-05-15,2025-05-16,440.0,440.42,-3.9626125014687683,0.34256549459382857,0.5567851898427839,False,OOS,20,4,True,0.0025365380694255127
QQQ,2025-04-23,2025-05-22,2025-05-23,454.0,453.63,-4.250882718100725,0.3059719691572503,0.5743843376650378,False,OOS,21,5,True,0.003633408369850378
QQQ,2025-04-30,2025-05-29,2025-05-30,473.0,472.8697,-3.91236858504993,0.2655218645128864,0.5765060533140537,False,OOS,20,3,True,-0.0007626742767744637
QQQ,2025-05-07,2025-06-05,2025-06-06,484.0,484.15,-2.5302058945942205,0.24551966050482105,0.487127860289985,False,OOS,20,3,True,-0.0009252459975247571
QQQ,2025-05-21,2025-06-18,2025-06-20,514.0,514.2907,0.4758131868605934,0.2174636067493466,0.19540861970733764,True,OOS,19,0,False,0.016248045673688264
QQQ,2025-05-28,2025-06-26,2025-06-27,520.0,520.11,0.35367086585986346,0.20358715972185154,0.19225089849585011,True,OOS,20,1,True,0.011412237877398344
QQQ,2025-06-04,2025-07-02,2025-07-03,529.0,529.32,0.18197335664565367,0.18435115304101593,0.18907163303494356,True,OOS,19,2,True,0.008708058083059151
QQQ,2025-06-11,2025-07-10,2025-07-11,532.0,531.84,0.21850225261445136,0.1812341952129382,0.18380054253705305,True,OOS,19,2,True,0.005636326366562621
QQQ,2025-06-18,2025-07-17,2025-07-18,530.0,530.25,0.7492523252449923,0.19027699325388125,0.14400440735483191,True,OOS,19,1,True,0.007190434604548596
QQQ,2025-06-25,2025-07-24,2025-07-25,541.0,540.63,0.5343958914315077,0.17164205915111966,0.14463664627254336,True,OOS,20,1,True,0.010944632343477464
QQQ,2025-07-02,2025-07-31,2025-08-01,550.0,550.29,0.8622735011167827,0.18103875476809697,0.12341579876327616,True,OOS,20,0,False,0.016035767855343417
QQQ,2025-07-09,2025-08-07,2025-08-08,556.0,556.0,0.7268735698356065,0.17024571207855263,0.12442557672713908,True,OOS,21,0,False,0.008617800319680714
QQQ,2025-07-23,2025-08-21,2025-08-22,563.0,562.57,0.9396629299525242,0.16262297513093135,0.0961494828166738,True,OOS,21,0,False,0.005967135344537985
QQQ,2025-07-30,2025-08-28,2025-08-29,566.0,565.93,1.1844601750661652,0.17024734279268994,0.07883347197705522,True,OOS,21,0,False,0.006737998646286264
QQQ,2025-08-06,2025-09-04,2025-09-05,567.0,567.23,0.7637049198525476,0.16879246578118567,0.1139774774426513,True,OOS,20,0,False,0.010262256517267051
QQQ,2025-08-13,2025-09-11,2025-09-12,580.0,579.6256,0.39555471422912436,0.14897966757247214,0.12828220477301974,True,OOS,20,0,False,0.011384755834148557
QQQ,2025-08-20,2025-09-18,2025-09-19,566.0,566.0901,0.5334344842064584,0.1733076958208712,0.13741217448957363,True,OOS,20,0,False,0.005870428217044497
QQQ,2025-08-27,2025-09-25,2025-09-26,574.0,573.625,0.31000280243952083,0.16601580621819087,0.1483922617527396,True,OOS,20,0,False,0.005645498749023361
QQQ,2025-09-03,2025-10-02,2025-10-03,569.0,568.625,0.5220556299505923,0.17847503645792712,0.1397066891313959,True,OOS,21,2,True,0.0049790058953381264
QQQ,2025-09-10,2025-10-09,2025-10-10,580.0,580.425,0.5714527871167949,0.1627683042070746,0.11808109627825836,True,OOS,21,0,False,0.005477395676181551
QQQ,2025-09-17,2025-10-16,2025-10-17,590.0,590.49,0.6110596715197142,0.1636372425630602,0.11372244542970857,True,OOS,21,0,False,0.00015584703343298053
QQQ,2025-09-24,2025-10-23,2025-10-24,595.0,595.345,1.0185132649556057,0.18137084800615005,0.09230808814056596,True,OOS,21,0,False,0.0020537923037955673
QQQ,2025-10-01,2025-10-30,2025-10-31,603.0,603.12,1.0579102039460668,0.1773113550783934,0.08114280531041265,True,OOS,21,0,False,-0.003498110922280776
QQQ,2025-10-08,2025-11-06,2025-11-07,611.0,610.8211,1.0801993637832414,0.17805869929765386,0.07614619658871823,True,OOS,21,0,False,-0.0029843573667122114
QQQ,2025-10-15,2025-11-13,2025-11-14,602.0,601.85,0.5124317670928514,0.2181481722135948,0.16933540129318198,True,OOS,21,0,False,0.0045493528022053625
QQQ,2025-10-22,2025-11-20,2025-11-21,605.0,605.07,0.3177381184572459,0.20347143043954363,0.17316484082560718,True,OOS,21,0,False,-0.003394969519037426
QQQ,2025-10-29,2025-11-26,2025-11-28,634.0,633.82,0.12081403384377948,0.19698150970771547,0.18706230227125512,True,OOS,20,5,True,-0.0005538297625772674
QQQ,2025-11-05,2025-12-04,2025-12-05,625.0,624.95,-0.11236400720195963,0.19680982763044652,0.21030583725474353,False,OOS,20,0,False,0.006948377464857433
QQQ,2025-11-12,2025-12-11,2025-12-12,621.0,621.05,0.39064207892034547,0.21075879747584075,0.1782416146628923,True,OOS,20,0,False,0.01981592067603027
QQQ,2025-11-19,2025-12-18,2025-12-19,601.0,600.84,0.7468817231919433,0.25751168743493363,0.1905810986268893,True,OOS,20,0,False,0.018478882423236274
QQQ,2025-11-26,2025-12-24,2025-12-26,615.0,615.2901,-0.19312099228785198,0.19387438528151354,0.21355493935639777,False,OOS,19,0,False,0.018401488428135174
QQQ,2025-12-03,2025-12-31,2026-01-02,624.0,624.03,-0.29799172830512516,0.18176673508720273,0.21103539438914892,False,OOS,19,0,False,0.016111899488810484
QQQ,2025-12-10,2026-01-08,2026-01-09,628.0,628.49,-0.08323492380433699,0.17505736373120037,0.18413915561408856,False,OOS,19,0,False,0.012475660305477488
QQQ,2025-12-24,2026-01-22,2026-01-23,624.0,623.68,-0.07290763717478053,0.14864963999700503,0.15768726474131262,False,OOS,18,0,False,0.00650348972858872
QQQ,2025-12-31,2026-01-29,2026-01-30,616.0,615.55,0.478009843602577,0.17233442959136538,0.12926033174408297,True,OOS,19,0,False,0.008190012645192082
QQQ,2026-01-07,2026-02-05,2026-02-06,624.0,624.05,0.46690340861822066,0.17860247159460607,0.13558006978207504,True,OOS,20,1,True,-0.003303192492956854
QQQ,2026-01-14,2026-02-12,2026-02-13,618.0,618.43,0.5225442526648286,0.18881278847005742,0.13950089434822047,True,OOS,20,0,False,-0.0016487248567782472
QQQ,2026-01-21,2026-02-19,2026-02-20,616.0,616.43,0.6275543780610199,0.19247531587215094,0.13163062929824193,True,OOS,20,0,False,0.007315965960644331
QQQ,2026-01-28,2026-02-26,2026-02-27,633.0,633.1599,0.5778447521464865,0.18613531013394027,0.12811464334755077,True,OOS,20,3,True,-0.0030208454514696497
QQQ,2026-02-04,2026-03-05,2026-03-06,607.0,607.345,0.8629718324754331,0.23271192179566816,0.14572621037170602,True,OOS,20,0,False,0.01702429889284804
QQQ,2026-02-11,2026-03-12,2026-03-13,614.0,613.65,0.22413803964146078,0.202958907260347,0.17482297250201304,True,OOS,20,0,False,0.00846685135040401
QQQ,2026-02-18,2026-03-19,2026-03-20,605.0,605.33,0.2972399709912137,0.22077911858896276,0.1846062819250547,True,OOS,21,0,False,0.01717983247857599
QQQ,2026-02-25,2026-03-26,2026-03-27,616.0,616.3,0.1835379411785747,0.20132618493867296,0.1752374239630553,True,OOS,21,3,True,0.004068589797781413
QQQ,2026-03-04,2026-04-01,2026-04-02,612.0,611.64,0.2513313551587788,0.21301478857962264,0.18103339575286462,True,OOS,20,4,True,0.001465845442609276
QQQ,2026-03-11,2026-04-09,2026-04-10,608.0,607.52,0.6417740801964104,0.2299894802697587,0.16078687954483842,True,OOS,20,0,False,0.0025233865493823012
QQQ,2026-03-18,2026-04-16,2026-04-17,596.0,595.62,0.7103052999928583,0.23683630754622725,0.159591435209171,True,OOS,20,0,False,-0.007621951547559773
QQQ,2026-03-25,2026-04-23,2026-04-24,587.0,586.9603,0.6389131149552351,0.24634224467870855,0.17343850894234625,True,OOS,20,2,True,-0.009156715378326425
QQQ,2026-04-01,2026-04-30,2026-05-01,585.0,584.93,0.03862180484849277,0.2435454866486987,0.22454328698812395,True,OOS,20,2,True,-0.001985440665516639
QQQ,2026-04-08,2026-05-07,2026-05-08,604.0,604.28,-0.11019704965328622,0.22156085695082983,0.2164661903888086,False,OOS,21,2,True,-0.003884583701773566
QQQ,2026-04-15,2026-05-14,2026-05-15,637.0,636.665,-0.5519523282102078,0.19969493647890607,0.23559024094487127,False,OOS,21,1,True,-0.005831688357564444
QQQ,2026-04-22,2026-05-21,2026-05-22,654.0,654.415,-0.33020406322241025,0.20797524769436668,0.21809469529203374,False,OOS,21,1,True,-0.0036315362804842945
QQQ,2026-04-29,2026-05-28,2026-05-29,660.0,660.23,0.05709122996452323,0.21372345629095213,0.18481816454880526,True,OOS,20,1,True,-0.003263825227934848
QQQ,2026-05-06,2026-06-04,2026-06-05,694.0,694.4968,0.44735657810396945,0.21014093777812903,0.1535494060021007,True,OOS,20,1,True,0.002512622310409842
QQQ,2026-05-13,2026-06-11,2026-06-12,716.0,715.87,0.6255724343542982,0.22274947172696488,0.16070293294737958,True,OOS,20,0,False,-0.016073345149554892
QQQ,2026-05-20,2026-06-17,2026-06-18,712.0,712.12,0.21567405818906293,0.21942648557763292,0.1718426561566585,True,OOS,19,0,False,-0.016533934002045152
QQQ,2026-05-27,2026-06-25,2026-06-26,730.0,729.945,0.15524957215689422,0.2102424505707254,0.1644244595605791,True,OOS,20,0,False,-0.02751835794718672
QQQ,2026-06-03,2026-07-01,2026-07-02,746.0,745.5083,0.5475239616876101,0.21608057601612377,0.15525726963952582,True,OOS,19,0,False,-0.027810652150914977
QQQ,2026-06-10,2026-07-09,2026-07-10,696.0,695.935,0.5671180039425529,0.28977855102922495,0.22717341795903026,True,OOS,19,0,False,-0.0003209590499463977
QQQ,2026-06-17,2026-07-16,2026-07-17,722.0,721.8472,-1.8392549844335833,0.25876976123843887,0.2851665134040006,False,OOS,19,0,False,-0.0025893996052495163
QQQ,2026-06-24,2026-07-23,2026-07-24,707.0,707.475,-1.737347055319535,0.29161750151440013,0.31775596423395625,False,OOS,20,0,False,0.007565301573317498
QQQ,2026-07-01,2026-07-30,2026-07-31,727.0,726.74,-3.087712336461384,0.24470902506511125,0.3322843689252397,False,OOS,20,5,True,-0.0050489931508040965
QQQ,2026-07-08,2026-08-06,2026-08-07,710.0,710.26,-3.026205931759416,0.25255823596251886,0.3492791060847197,False,OOS,21,0,False,-0.008686728781355135
QQQ,2026-07-15,2026-08-13,2026-08-14,717.0,717.26,-1.7735227920994499,0.23236601753329256,0.2805284628150006,False,OOS,21,0,False,-0.0020304666952211253
QQQ,2026-07-22,2026-08-20,2026-08-21,707.0,706.5001,-0.862154152652189,0.24162735463723486,0.24926511843484422,False,OOS,21,0,False,0.00841379418417754
QQQ,2026-07-29,2026-08-27,2026-08-28,665.0,665.03,0.26425692754386426,0.2715091683464976,0.22842519623956728,True,OOS,21,2,True,0.005396438660710777
QQQ,2026-08-05,2026-09-03,2026-09-04,720.0,719.8,-1.6532689570382268,0.2189051939369466,0.2642470991572109,False,OOS,21,0,False,0.024080011995803854
QQQ,2026-08-12,2026-09-10,2026-09-11,724.0,723.65,-1.8569025732923934,0.1864382682272886,0.24550264916299036,False,OOS,20,0,False,0.015123679467074963
QQQ,2026-08-19,2026-09-17,2026-09-18,716.0,716.31,-1.5119685499653306,0.1939868175592923,0.24046926881790814,False,OOS,20,0,False,0.01564466969194395
QQQ,2026-08-26,2026-09-24,2026-09-25,712.0,711.612,-1.184946879449926,0.18849906274308695,0.22149098009615575,False,OOS,20,1,True,-0.00047669290336044235
QQQ,2026-09-02,2026-10-01,2026-10-02,709.0,708.91,-0.39351824032677424,0.17986060472780427,0.17549570691428582,False,OOS,20,1,True,-0.0020248893117085264
