date,cond,always
2024-07-03,-0.00010437882077373855,-0.00010437882077373855
2024-07-05,-0.0011998063772008403,-0.0011998063772008403
2024-07-08,0.0010529427887793253,0.0010529427887793253
2024-07-09,0.00023227678168016408,0.00023227678168016408
2024-07-10,-0.001685577580705875,-0.001685577580705875
2024-07-11,-0.00036454715011162143,-0.00036454715011162143
2024-07-12,0.0008666748913290386,0.0008666748913290386
2024-07-15,0.0001993992449506515,0.0001993992449506515
2024-07-16,-0.0003348794183452259,-0.0003348794183452259
2024-07-17,-0.006232262690321385,-0.006232262690321385
2024-07-18,-0.0014449491440685818,-0.0014449491440685818
2024-07-19,-0.0014677218451560588,-0.0014677218451560588
2024-07-22,0.0013421364696646996,0.0013421364696646996
2024-07-23,0.0010313864864018073,0.0010313864864018073
2024-07-24,-0.01789029357327372,-0.01789029357327372
2024-07-25,-3.121973622784114e-05,-3.121973622784114e-05
2024-07-26,0.00311989658313355,0.00311989658313355
2024-07-29,0.0030499435888923917,0.0030499435888923917
2024-07-30,-0.0035799494118709907,-0.0035799494118709907
2024-07-31,-0.005346074186608414,-0.00552907906679424
2024-08-01,-0.018398356401772127,-0.025416631766289374
2024-08-02,-0.008851673868398188,-0.014245377046073862
2024-08-05,-0.013027161143393817,-0.022071718403938692
2024-08-06,0.008338470775493826,0.015383995280262453
2024-08-07,-0.001655469935123448,-0.0028158520118688945
2024-08-08,0.0004498178341299983,0.0010512575965942355
2024-08-09,0.006060494790289944,0.008730399795125899
2024-08-12,0.0018864371528506695,0.0030476964447819716
2024-08-13,-0.003202843453423099,-0.005005762358247105
2024-08-14,0.0062688814475494225,0.009933676399159748
2024-08-15,-0.00651641867210365,-0.01499894720677424
2024-08-16,0.00238220340355016,0.004799761788725238
2024-08-19,5.376840553260277e-05,0.001328525031112031
2024-08-20,-9.041589160081853e-05,-0.0018126864992455297
2024-08-21,0.0006281073689555685,0.0002947210962130978
2024-08-22,0.000486815923633881,-0.0026180316880053105
2024-08-23,0.00026325859895670253,0.005798655533472438
2024-08-26,0.00027358642536227614,0.00327324788271906
2024-08-27,0.00015288282641056738,0.003444020138670149
2024-08-28,-4.210084951467453e-06,-0.005544512772189791
2024-08-29,0.00029967367549256117,0.01809540946246304
2024-08-30,0.0003167362892542106,0.005632184643944115
2024-09-03,-1.4178580937843077e-05,-0.02173392674860463
2024-09-04,0.00024047656795953573,0.003520984489659834
2024-09-05,-1.964413280311928e-05,0.003981450741311001
2024-09-06,0.0,-0.012323481064780265
2024-09-09,0.0,0.008975118517884342
2024-09-10,0.0,-0.00038534313687198837
2024-09-11,0.0,-0.001583233540098264
2024-09-12,0.0,-0.0014923579318915558
2024-09-13,0.0,0.0037215800976473845
2024-09-16,0.0,0.00364876319797637
2024-09-17,0.0,-0.0016052969196068928
2024-09-18,0.0,0.006837282680546277
2024-09-19,0.0,-0.01451332742916565
2024-09-20,0.0,0.004441243991378534
2024-09-23,0.0,0.00395360006001951
2024-09-24,0.0,0.0012281969147825218
2024-09-25,0.0,0.001889068272631052
2024-09-26,0.0,-0.000739727943924318
2024-09-27,0.0,0.00034246442661271077
2024-09-30,0.0,0.004056251226661811
2024-10-01,0.0,-0.0038996062079947372
2024-10-02,-3.822473560266941e-05,0.00420417130308137
2024-10-03,-0.0005405031275363397,-0.0016631276503155691
2024-10-04,0.0007135081817085673,0.004493942128123574
2024-10-07,-0.0011005980377083668,-0.004051765666146689
2024-10-08,0.00029955539314576254,-0.0010701018932731047
2024-10-09,-3.654594737407522e-05,0.0013714405754788259
2024-10-10,0.001665449500084608,0.00500864612157597
2024-10-11,0.00042433413762252867,0.0028058253825049557
2024-10-14,0.00039195390862516334,0.0007852532075797514
2024-10-15,-0.00017398149059290042,-0.0012508668555370672
2024-10-16,0.0016563159706226931,0.0038408831376527575
2024-10-17,0.003796860494725088,0.006108631230664803
2024-10-18,0.0033471566309980043,0.0060052366330789735
2024-10-21,0.0019813529628104733,0.0036310911943629245
2024-10-22,0.0007783218799173864,0.0013904203184699193
2024-10-23,-0.003996133328471891,-0.006094313109092752
2024-10-24,0.001685596256897744,0.002868572293673967
2024-10-25,-0.0020242222733872187,-0.001882550897885231
2024-10-28,0.005131325948824256,0.006260810835120521
2024-10-29,-0.0007469238079560505,-0.0009543548637427536
2024-10-30,0.0013816633160896917,0.0022143933808548306
2024-10-31,-0.012900024074217743,-0.014109253800933468
2024-11-01,0.00738320938791446,0.00738320938791446
2024-11-04,0.0068045835518665415,0.0068045835518665415
2024-11-05,0.001807317170849325,0.001807317170849325
2024-11-06,-0.01113188674504798,-0.01113188674504798
2024-11-07,-0.0022239206476073314,-0.0022239206476073314
2024-11-08,0.004488337962429596,0.004488337962429596
2024-11-11,0.004061381082270133,0.004061381082270133
2024-11-12,0.0026608601343013705,0.0026608601343013705
2024-11-13,0.004649257087059072,0.004532275042177096
2024-11-14,0.001822095615012737,0.002381175534071393
2024-11-15,-0.012888575792863299,-0.01869735976038798
2024-11-18,0.004476115992906076,0.006109634285020728
2024-11-19,0.0008473212513289397,0.0009176078184720405
2024-11-20,-0.0006299034659886759,-0.001813390261750056
2024-11-21,0.0032583158417133053,0.005418908719250954
2024-11-22,0.0058943361489720665,0.012081915763282984
2024-11-25,0.0032859703324530356,0.007583578700837057
2024-11-26,0.0007393880982655377,0.002032185949410014
2024-11-27,0.0017649549360573896,0.0035425371148038306
2024-11-29,-0.000382744533790364,-0.001560390580532204
2024-12-02,-0.0001572144250032903,1.8838290620233362e-05
2024-12-03,0.0007067332573678409,0.004131090327004516
2024-12-04,-0.0006352872515819445,-0.004909669240661241
2024-12-05,-0.0003677538871523174,0.00387761802467316
2024-12-06,0.0,0.0021616861269254093
2024-12-09,0.0,0.0007796562032660581
2024-12-10,0.0,0.003368436382478835
2024-12-11,-0.0001083259642956549,-0.007933167464137553
2024-12-12,0.0007070238712401882,0.003928326521953948
2024-12-13,0.00028035836239232326,0.002147924324572873
2024-12-16,-0.0027939166474881512,-0.006977246572782472
2024-12-17,-0.00025539137552102725,0.0002776596156377625
2024-12-18,-0.015554946553273778,-0.05494293691076341
2024-12-19,0.003221660853650352,0.012972335626732357
2024-12-20,0.006067369871073353,0.013134804110564871
2024-12-23,0.00610030577784898,0.0098775691742523
2024-12-24,0.004118987329309494,0.00527915106988287
2024-12-26,0.0007998311894240495,0.001928435886788142
2024-12-27,-0.007317021871063482,-0.012343365389887052
2024-12-30,0.0020073674172029305,0.0023111087222938264
2024-12-31,0.0008053077916177898,0.0006171040757102299
2025-01-02,-0.0009274915909733819,-0.0016517999951716454
2025-01-03,0.0007537102692318841,0.0007537102692318841
2025-01-06,0.0012228792100779666,0.0012228792100779666
2025-01-07,-0.005705339417760981,-0.005705339417760981
2025-01-08,0.0011286617237365748,0.0010078266839280861
2025-01-10,-0.0018976544191925456,-0.0030699898175889683
2025-01-13,0.0013923417966894979,0.0027855292828303903
2025-01-14,0.0005022090510983157,0.0008283361436804788
2025-01-15,-0.005184247127991681,-0.007088657462422576
2025-01-16,0.002330171041792708,0.004582918069411435
2025-01-17,0.0,-0.002936238327240946
2025-01-21,0.0,0.004111109963253093
2025-01-22,0.0,-0.001710968980173366
2025-01-23,0.0,0.00285940987408579
2025-01-24,0.0,0.0023825530955735984
2025-01-27,0.0,-0.019466582482286658
2025-01-28,0.0,-0.001589965704053886
2025-01-29,0.0,0.0004356689889661048
2025-01-30,0.0,0.006834242205460425
2025-01-31,0.0,0.0010594368003838815
2025-02-03,0.0,0.0001864665212688453
2025-02-04,0.0,0.008081942270418595
2025-02-05,0.0,0.008048836999040767
2025-02-06,0.0,0.005719226451370338
2025-02-07,0.0,0.00010562843207726218
2025-02-10,0.0,0.003841107226595651
2025-02-11,0.0,0.003271031304702022
2025-02-12,-3.603884936565084e-05,0.003912958635671963
2025-02-13,-0.00038101541849106007,-0.006046866569397667
2025-02-14,0.0008937610318846107,0.006350952921062322
2025-02-18,0.0004291004312576941,0.005782053251090697
2025-02-19,0.0001967834351194244,0.003332329617691837
2025-02-20,0.0006800950001653377,0.004851349860310228
2025-02-21,-0.004099295093397697,-0.017507313720518516
2025-02-24,0.0003686395385769262,0.003593664720855487
2025-02-25,-0.0006547828532057925,-0.006364797990248504
2025-02-26,-0.0006689342546086883,0.0007446182941578065
2025-02-27,-0.0057745996426685955,-0.018209029529802717
2025-02-28,0.0025276969503500255,0.004500667424318566
2025-03-03,-0.005874214337492157,-0.011072121743318425
2025-03-04,0.002447558861469162,0.004482539140540514
2025-03-05,0.0007268220491019174,0.001282081491917059
2025-03-06,-0.014540818902778977,-0.020339470563530228
2025-03-07,0.005273385284213411,0.005389711721482887
2025-03-10,-0.013612714455575065,-0.01455464009412134
2025-03-11,0.001261501511037682,0.001364149896681842
2025-03-12,0.002710658420692668,0.002703041361128561
2025-03-13,-0.00292333727275486,-0.003370457954474649
2025-03-14,0.0030416098017922106,0.0031107525098683043
2025-03-17,0.0030902257800735724,0.0031139571385410277
2025-03-18,-0.003851335615363556,-0.00387580625044261
2025-03-19,0.0007635705066608841,0.00020547064447696536
2025-03-20,0.0002813020826882819,-0.0008100367180487736
2025-03-21,0.0030962954987369777,0.0037645159865986855
2025-03-24,-0.0010524445844320239,-0.0018260143090458154
2025-03-25,0.0017032190602889936,0.002326595512028672
2025-03-26,-0.004059897560369655,-0.00513699354874558
2025-03-27,0.0005020401422137421,0.002070281930993746
2025-03-28,-0.007612510616397106,-0.01821943548015477
2025-03-31,0.00044560595091595466,0.001995457673966416
2025-04-01,0.0008825774180935453,0.0024751514579324898
2025-04-02,-0.0006531410733105788,-0.0012855948330657444
2025-04-03,-0.016237657900859667,-0.06227256949639502
2025-04-04,-0.006281236505328636,-0.03750151207930346
2025-04-07,-0.00018867324610040773,-0.0020253459717061474
2025-04-08,-0.0006699197365513491,-0.004333164428678352
2025-04-09,-0.0021789084826587257,-0.014833900737968031
2025-04-10,-0.005116174444765316,-0.05941100758902847
2025-04-11,0.0,0.012469704260557494
2025-04-14,0.0,0.025571377807405225
2025-04-15,0.0,0.008593194073967593
2025-04-16,0.0,-0.019409272322925466
2025-04-17,0.0,0.012408863722534011
2025-04-21,0.0,-0.015032369670275943
2025-04-22,0.0,0.0009104371478232908
2025-04-23,0.0,-0.002045546788048865
2025-04-24,0.0,-0.004987846904123322
2025-04-25,0.0,0.011066031270791843
2025-04-28,0.0,0.00977264785934875
2025-04-29,0.0,0.00446861661494483
2025-04-30,0.0,0.0016268383555990942
2025-05-01,0.0,-0.006599713129308655
2025-05-02,0.0,0.004948706171631352
2025-05-05,0.0,0.007059186939073717
2025-05-06,0.0,0.001831083975208874
2025-05-07,0.0,0.00466030209090777
2025-05-08,0.0,-0.0034328687551130376
2025-05-09,0.0,0.006807323509071109
2025-05-12,0.0,-0.009252880989210906
2025-05-13,0.0,-0.003481676801070248
2025-05-14,0.0,-6.638686932441485e-06
2025-05-15,0.0,-8.989344704516609e-05
2025-05-16,0.0,-3.238008367467237e-05
2025-05-19,0.0,0.002448813468811714
2025-05-20,0.0,0.0013441548483642076
2025-05-21,-0.00013525951762276278,-0.001042837664096289
2025-05-22,0.000939216221271697,-2.8918421313705884e-06
2025-05-23,-0.0011147811382940772,-0.0015927000734391307
2025-05-27,0.0026699594049579656,0.004543884091480697
2025-05-28,0.0007089671318957775,0.002202322329167441
2025-05-29,0.0028869018752157283,0.0015662146760874076
2025-05-30,0.0010962728779592315,0.0023274786782935862
2025-06-02,0.003801155574316545,0.005146632542711057
2025-06-03,0.001555101279674155,0.002021257689311524
2025-06-04,0.0016974518493206422,0.002730919628718227
2025-06-05,0.0002556830835440013,-0.0024398537356281522
2025-06-06,0.004049736698236073,0.005176070008371588
2025-06-09,0.004290565079718229,0.0055536558307455455
2025-06-10,0.0011750361864369815,0.0015299160109074092
2025-06-11,-0.0013429545865505052,-0.0013868847142339503
2025-06-12,0.001518112631234521,0.001556990703638433
2025-06-13,-0.004519738316882205,-0.007902282687988964
2025-06-16,0.004282611613276855,0.007227495579193877
2025-06-17,-0.005020224894351569,-0.007545504912104779
2025-06-18,0.00785750765845286,0.010470362879736614
2025-06-20,0.00396573938615935,0.00510688504245761
2025-06-23,0.0053233825332359395,0.006988128196121197
2025-06-24,-0.005249371864606762,-0.006751219348194785
2025-06-25,0.003873635105469891,0.005561553858860271
2025-06-26,-0.0031946010063203423,-0.003144328873439859
2025-06-27,0.0016535719876279616,0.002277783564027671
2025-06-30,0.00018582597070321706,0.0003371475311821488
2025-07-01,0.0018474460418406663,0.002181094683253955
2025-07-02,-0.00011512551446210599,-0.0005214103559961962
2025-07-03,-0.0032139349553140617,-0.003406117870950551
2025-07-07,0.004490513049610276,0.005099869862061613
2025-07-08,0.007884698790175355,0.008267924093208149
2025-07-09,0.0027116899133265244,0.003157816821370958
2025-07-10,0.000375089677742832,-0.000897391418040225
2025-07-11,0.0030589362745004544,0.0030589362745004544
2025-07-14,0.0017285557317444189,0.0017285557317444189
2025-07-15,0.0026776636291918543,0.0026776636291918543
2025-07-16,0.0024175843820322695,0.0024175843820322695
2025-07-17,-8.715393014202799e-05,-8.715393014202799e-05
2025-07-18,0.004258588319138083,0.004258588319138083
2025-07-21,0.0024606562776431683,0.0024606562776431683
2025-07-22,0.0014826778579462322,0.0014826778579462322
2025-07-23,0.002964222456669789,0.002964222456669789
2025-07-24,0.00018122541219298615,0.00018122541219298615
2025-07-25,0.0037305016726408256,0.0037305016726408256
2025-07-28,0.00537150876000209,0.00537150876000209
2025-07-29,-0.0008053953159123212,-0.0008053953159123212
2025-07-30,0.0007225958450042727,0.0007225958450042727
2025-07-31,0.00268828600814088,0.00268828600814088
2025-08-01,-0.020575819457625183,-0.020575819457625183
2025-08-04,0.005417508867238603,0.005417508867238603
2025-08-05,0.0023690825137168327,0.0023690825137168327
2025-08-06,-0.0006337256667051564,-0.0006337256667051564
2025-08-07,0.0017326286540298719,0.0017326286540298719
2025-08-08,0.002423985470704287,0.002423985470704287
2025-08-11,0.0038400454270839145,0.0038400454270839145
2025-08-12,-0.001076192764829308,-0.001076192764829308
2025-08-13,0.0030025467786702767,0.0030025467786702767
2025-08-14,0.0004528345532331206,0.0004528345532331206
2025-08-15,0.004079231364312945,0.004079231364312945
2025-08-18,0.006476331002024622,0.006476331002024622
2025-08-19,-0.002898650098977505,-0.002898650098977505
2025-08-20,0.0024404453326299616,0.0024404453326299616
2025-08-21,-0.003831777976145755,-0.003831777976145755
2025-08-22,0.002526498421329266,0.002526498421329266
2025-08-25,0.007428021411350735,0.007428021411350735
2025-08-26,-7.657426899237676e-05,-7.657426899237676e-05
2025-08-27,-0.002908641824436179,-0.002908641824436179
2025-08-28,0.009881331173244162,0.009881331173244162
2025-08-29,-0.0032849280683369185,-0.0032849280683369185
2025-09-02,-0.0018547407651039554,-0.0018547407651039554
2025-09-03,0.005440334757825063,0.005440334757825063
2025-09-04,-0.0019715318627119205,-0.0019715318627119205
2025-09-05,0.007245708257364005,0.007245708257364005
2025-09-08,0.003983704743679579,0.003983704743679579
2025-09-09,0.0025509389548678298,0.0025509389548678298
2025-09-10,0.0005061023121309327,0.0005061023121309327
2025-09-11,-0.0015017766341837943,-0.0015017766341837943
2025-09-12,0.002494647311403223,0.002494647311403223
2025-09-15,-0.0028666925846929673,-0.0028666925846929673
2025-09-16,0.000642455882364041,0.000642455882364041
2025-09-17,0.0038001027190535355,0.0038001027190535355
2025-09-18,-0.0020033021345197202,-0.0020033021345197202
2025-09-19,-0.002835180418727891,-0.002835180418727891
2025-09-22,-0.0011355300034862207,-0.0011355300034862207
2025-09-23,0.00035095832520038795,0.00035095832520038795
2025-09-24,0.005515782125273899,0.005515782125273899
2025-09-25,0.0019336462697069098,0.0019336462697069098
2025-09-26,0.007526420983374363,0.007526420983374363
2025-09-29,0.0036663771605617533,0.0036663771605617533
2025-09-30,0.0003834266924987817,0.0003834266924987817
2025-10-01,-0.0007353534744305901,-0.0007353534744305901
2025-10-02,-0.0008183887461081763,-0.0008183887461081763
2025-10-03,0.005546181743608451,0.005546181743608451
2025-10-06,0.001912401884382566,0.001912401884382566
2025-10-07,0.0010555706402520062,0.0010555706402520062
2025-10-08,0.001045291911086751,0.001045291911086751
2025-10-09,0.002296099428445674,0.002296099428445674
2025-10-10,-0.04234577673479639,-0.04234577673479639
2025-10-13,0.013196321079388543,0.013196321079388543
2025-10-14,-0.005025758947101576,-0.005025758947101576
2025-10-15,-0.0019021035042125236,-0.0019021035042125236
2025-10-16,-0.016137752811271208,-0.016137752811271208
2025-10-17,0.01735423025458096,0.01735423025458096
2025-10-20,0.013875362722875258,0.013875362722875258
2025-10-21,0.007830523612754877,0.007830523612754877
2025-10-22,-0.0019894663994255825,-0.0019894663994255825
2025-10-23,0.004794595796577194,0.004794595796577194
2025-10-24,-0.001376916012238113,-0.001376916012238113
2025-10-27,-0.0048105378538987175,-0.0048105378538987175
2025-10-28,-0.00393560408211018,-0.00393560408211018
2025-10-29,-0.001140511170395474,-0.001140511170395474
2025-10-30,0.009012060549179166,0.009012060549179166
2025-10-31,0.0013892471043584446,0.0013892471043584446
2025-11-03,0.009437621093662307,0.009437621093662307
2025-11-04,-0.004248941264517277,-0.004248941264517277
2025-11-05,0.006407357561346005,0.006348657385655112
2025-11-06,-0.011191462925006465,-0.01330777592570504
2025-11-07,0.003902270308994316,0.004241651636354525
2025-11-10,-0.0036306178104016954,-0.0034131499974913715
2025-11-11,0.0044011262490672946,0.005133787062449901
2025-11-12,0.0013167033570095534,0.0012983199995264037
2025-11-13,-0.01926544957191128,-0.02222292765027313
2025-11-14,0.008155508866106552,0.009656017478560527
2025-11-17,-0.005754403223045228,-0.006849979449192431
2025-11-18,0.0016777788284243872,0.0017662508932515283
2025-11-19,0.00403743590414402,0.004664709120405239
2025-11-20,-0.011683169296467798,-0.012903036347067905
2025-11-21,0.005725671472247198,0.006433889848007695
2025-11-24,0.0061351779258258955,0.006935371374293304
2025-11-25,0.006663191062708561,0.008067381545219953
2025-11-26,0.00039245558187813356,0.0006224514378210688
2025-11-28,0.003285647031023747,0.005387520650950852
2025-12-01,0.0038309885038271215,0.0059717525992803375
2025-12-02,0.002290140002123551,0.003164910737615365
2025-12-03,0.004014306565338944,0.0068029047103167345
2025-12-04,0.003163604930376554,0.006656662613896313
2025-12-05,0.002717054376550233,0.005068441596432879
2025-12-08,0.0011291396547710687,0.0016199520081073566
2025-12-09,0.0021453040846427683,0.0037731624077151187
2025-12-10,0.001969392169221144,0.004125270780998516
2025-12-11,0.004643416342697133,0.011925017020056829
2025-12-12,-0.0002831448434844142,-0.004297104010228824
2025-12-15,0.002120017752305469,0.007385199820691744
2025-12-16,0.0015966335622634592,0.005716627343651554
2025-12-17,-0.0015118807945358004,-0.01072177164121772
2025-12-18,-0.0006842979401018722,0.0029937131940854476
2025-12-19,0.0004314339588443676,0.008710516893265834
2025-12-22,0.0006723115518862796,0.006606199998832606
2025-12-23,3.296726947989322e-05,0.0019109270041527608
2025-12-24,2.5478131597907494e-05,0.0010055887172584425
2025-12-26,0.0014158949289421556,0.006070964268891369
2025-12-29,0.0010702909913742876,0.0027568102856568256
2025-12-30,0.0006467119970343673,0.0031275263607154023
2025-12-31,-0.000266276340740323,-0.002704894008883742
2026-01-02,0.0028678144120190254,0.004323363544796732
2026-01-05,-0.0005826983034977254,-3.912695213582483e-05
2026-01-06,-0.00020667380425110266,-0.0006008051322354752
2026-01-07,0.00020224729130648492,0.0012648668590685248
2026-01-08,0.00177730587717032,0.0024306194051164944
2026-01-09,0.0011282489334310745,0.0013719995366978412
2026-01-12,0.002537045679041147,0.0032867811219025878
2026-01-13,-0.0003433085083582675,-0.00020423414343873086
2026-01-14,0.0006529714898245349,0.0006268874564912719
2026-01-15,0.0051342844558241035,0.006140186844249801
2026-01-16,0.004298590893683911,0.005712302423631215
2026-01-20,-0.028159695306749142,-0.033262277182928915
2026-01-21,0.006390895883683026,0.0071628552224505945
2026-01-22,0.008362295419061543,0.00983704886381927
2026-01-23,0.0021006593008879113,0.0021006593008879113
2026-01-26,0.0031045546998598322,0.0031045546998598322
2026-01-27,-0.001559794770186519,-0.001559794770186519
2026-01-28,0.0012032302790575566,0.0012032302790575566
2026-01-29,0.004026127380653245,0.004026127380653245
2026-01-30,0.0006988319600116858,0.0006988319600116858
2026-02-02,0.012648394616343095,0.012648394616343095
2026-02-03,-0.013468133352871375,-0.013468133352871375
2026-02-04,-0.0037572441075512256,-0.0037572441075512256
2026-02-05,-0.018959612205441144,-0.018959612205441144
2026-02-06,0.009686450464409975,0.009686450464409975
2026-02-09,0.0075264682994176674,0.0075264682994176674
2026-02-10,0.003882543242961043,0.003882543242961043
2026-02-11,0.0058342518908792735,0.0058342518908792735
2026-02-12,-0.02414685015200123,-0.02414685015200123
2026-02-13,0.0028108169713372913,0.0028108169713372913
2026-02-17,0.01225944558136238,0.01225944558136238
2026-02-18,0.0057427868617365135,0.0057427868617365135
2026-02-19,0.00032203709518077315,0.00032203709518077315
2026-02-20,0.004561643316292002,0.004561643316292002
2026-02-23,-0.004716587872118733,-0.004716587872118733
2026-02-24,0.006755281674713262,0.006755281674713262
2026-02-25,0.00029696855572923357,0.00029696855572923357
2026-02-26,0.0049274968123354836,0.0049274968123354836
2026-02-27,-0.0012663962284190432,-0.0012663962284190432
2026-03-02,0.0029889937677593558,0.0029889937677593558
2026-03-03,0.0002644492715243519,0.0002644492715243519
2026-03-04,0.002184923855520732,0.002184923855520732
2026-03-05,-0.0033942971445984063,-0.0033942971445984063
2026-03-06,-0.016214206924658865,-0.016214206924658865
2026-03-09,0.016708142714680598,0.016708142714680598
2026-03-10,0.005813455163198955,0.005813455163198955
2026-03-11,0.007122976262249287,0.007122976262249287
2026-03-12,-0.012353511445906528,-0.012353511445906528
2026-03-13,0.0014750344837979928,0.0014750344837979928
2026-03-16,0.02055501919837733,0.02055501919837733
2026-03-17,0.008771526740101157,0.008771526740101157
2026-03-18,-0.006773815401119696,-0.006773815401119696
2026-03-19,0.004138779370817175,0.004138779370817175
2026-03-20,-0.012591312072714893,-0.012591312072714893
2026-03-23,0.011147996783963705,0.011147996783963705
2026-03-24,0.0005336687280461229,0.0005336687280461229
2026-03-25,0.002758128041453701,0.002758128041453701
2026-03-26,-0.012007309538786178,-0.012007309538786178
2026-03-27,-0.009342166168876957,-0.009342166168876957
2026-03-30,0.004939184188616085,0.004939184188616085
2026-03-31,-0.0008378605441652356,-0.0008378605441652356
2026-04-01,-0.0025439043907111514,-0.0025439043907111514
2026-04-02,0.0037448678601953284,0.0037448678601953284
2026-04-06,0.007883196848198833,0.007883196848198833
2026-04-07,-0.011241264514611521,-0.011241264514611521
2026-04-08,-0.008430047277265616,-0.00859927645683205
2026-04-09,0.0068984013448821335,0.008634015399929314
2026-04-10,0.0038268315629732636,0.004616766482214664
2026-04-13,0.003670835056806679,0.005094438601583311
2026-04-14,-0.005910932734512553,-0.009283872266723388
2026-04-15,-0.0006440975129438581,-0.0023957470581604675
2026-04-16,5.015593155989148e-05,0.0013058411643453146
2026-04-17,8.812966639765163e-05,-0.00250405965222714
2026-04-20,-0.00035424147289865615,-0.0007160456786256212
2026-04-21,8.285218931255306e-05,-0.0026528210544535633
2026-04-22,0.0003578647199439988,0.0004936783618593925
2026-04-23,-0.001740691578684628,-0.002791584085596321
2026-04-24,0.0004973923604289594,-0.003030056704205417
2026-04-27,0.00040770520945068207,0.005881294704697308
2026-04-28,5.835145129714711e-06,0.0026879566971526225
2026-04-29,1.2818882600671244e-05,-0.00035363104342483765
2026-04-30,0.0002492726468692288,0.003786736678417435
2026-05-01,-0.0006572593994494853,-0.0010886924152828654
2026-05-04,0.00036324032086455706,0.0011766725507382733
2026-05-05,-0.0012911190154452365,-0.002675834564147485
2026-05-06,-0.0019439929937271085,-0.007042882938780756
2026-05-07,0.0028510907920572025,0.005358558240380397
2026-05-08,-0.006352255002998369,-0.006816533154346801
2026-05-11,2.7864501417946717e-05,-0.001213240378358283
2026-05-12,0.0035025660732543357,0.0073079668621230665
2026-05-13,-0.0022348680342334504,-0.002816403179275701
2026-05-14,0.0006096568537774212,-0.0005727152465754069
2026-05-15,0.0006630188297379281,0.000501949937005944
2026-05-18,0.007339372068377644,0.010099179144731723
2026-05-19,0.0019410768830819703,0.002718096416568748
2026-05-20,-0.0016847068895298593,-0.0018496233233626703
2026-05-21,0.00738412216242044,0.0068312158919832805
2026-05-22,0.0007354551881757712,0.0008804783793857839
2026-05-26,-0.0012983747207951503,-0.001166850827375142
2026-05-27,0.00597127825615977,0.006058691800735892
2026-05-28,0.0012072805666568118,0.00023444811231762238
2026-05-29,0.002299343909141087,0.002299343909141087
2026-06-01,0.0016297984010878847,0.0016297984010878847
2026-06-02,0.002697163951924028,0.002697163951924028
2026-06-03,0.0009781576577571167,0.0009781576577571167
2026-06-04,0.005906398104556566,0.005906398104556566
2026-06-05,-0.06729464195584331,-0.06729464195584331
2026-06-08,0.01791925882263082,0.01791925882263082
2026-06-09,-0.013831520149492852,-0.013831520149492852
2026-06-10,-0.005623135766911114,-0.005623135766911114
2026-06-11,-0.010704321321955782,-0.010704321321955782
2026-06-12,0.020087596164419894,0.020087596164419894
2026-06-15,-0.012232334687644515,-0.012232334687644515
2026-06-16,0.0005678796264862217,0.0005678796264862217
2026-06-17,-0.009747765444320851,-0.009968180555482913
2026-06-18,0.0022185341771613874,0.0019122257114663095
2026-06-22,0.004054534123786223,0.005153410597213645
2026-06-23,-0.01599795287324855,-0.02103662909281197
2026-06-24,0.0019386224986789598,0.0027800866000265217
2026-06-25,0.005462175351185065,0.008597136237974203
2026-06-26,0.003563283662730301,0.008905993619673348
2026-06-29,0.002463986849253191,0.006124355231442671
2026-06-30,0.000551453960606664,0.0014141525203109457
2026-07-01,-0.001594358593841459,0.0021166294437385768
2026-07-02,0.0011045780586052378,-0.0005184321019504857
2026-07-06,1.58616537364294e-05,0.006180392473089057
2026-07-07,-0.0007726202200280491,-0.005952988562168258
2026-07-08,0.0018549548006617112,0.004954609150266779
2026-07-09,-0.0018026884789736556,-0.0035824867736040855
2026-07-10,0.0,0.00838817733453287
2026-07-13,0.0,-0.00865460496082306
2026-07-14,0.0,0.005446227221040967
2026-07-15,0.0,0.006995827769156277
2026-07-16,0.0,-0.01078048092934266
2026-07-17,0.0,-0.0006639267996751936
2026-07-20,0.0,0.010660847453716447
2026-07-21,0.0,0.0001292977380271227
2026-07-22,0.0,0.005699440095904735
2026-07-23,0.0,-0.02049878175998182
2026-07-24,0.0,0.005593813648595852
2026-07-27,0.0,0.007792656370041612
2026-07-28,0.0,0.0006988931102303807
2026-07-29,-0.00037427230832972924,-0.00719919909886756
2026-07-30,-0.0009554254150101523,-0.0009092441831307315
2026-07-31,0.002769170927866069,0.008782208937460637
2026-08-03,-0.00014676983241943605,-0.0025566111683339816
2026-08-04,-0.005009916586315673,-0.0410445916171065
2026-08-05,0.0013168062001679584,0.008355490531677882
2026-08-06,0.0009403161649373718,0.00738054946599191
2026-08-07,0.000347840237266001,0.003632120644251137
2026-08-10,0.0012800156782858973,0.006401298938655327
2026-08-11,0.0008851495434868126,0.006313868907206646
2026-08-12,0.00019607410009256766,0.003551161127998299
2026-08-13,-0.0008900081232946599,-0.007506015449113706
2026-08-14,0.0013754486358214886,0.006859370017151726
2026-08-17,0.0006314665029990591,0.004403014349639497
2026-08-18,-0.0029323506074003143,-0.0040220252035650435
2026-08-19,0.0028275474762730598,0.007040884784159283
2026-08-20,0.0010881147545855883,0.0006796326396745131
2026-08-21,0.0010435467916659813,0.00640278057251122
2026-08-24,0.00019662413593826374,0.0035384311595720135
2026-08-25,0.0004307382788524994,0.0037414941313683985
2026-08-26,0.000410795534146794,0.0022176136666384786
2026-08-27,-0.0011454222556616669,0.0040378994526461915
2026-08-28,0.0,0.008226370096350329
2026-08-31,0.0,0.0063207126970251885
2026-09-01,0.0,-0.006230211286923341
2026-09-02,-2.822727402054686e-05,0.004425848658052895
2026-09-03,-0.000541186574906535,-0.006039836594311824
2026-09-04,0.0006818285677255866,0.006089067375967023
2026-09-08,0.00042326700035971314,0.0024519586452406523
2026-09-09,-0.00020384402880007266,-0.0006802710448180857
2026-09-10,-0.0005157243533440109,-0.0030776324673952686
2026-09-11,0.0011123497194266826,0.009662511317807883
2026-09-14,0.00019927268907373342,0.0019241707917931057
2026-09-15,-0.00015010172020788094,-0.0014005755525756567
2026-09-16,4.207202333493965e-05,0.0013565693096340783
2026-09-17,-1.5868531810178405e-05,-0.003358459971931943
2026-09-18,0.0010725907431874018,0.00479337182906764
2026-09-21,-0.002840168859099824,-0.01980956749763429
2026-09-22,0.0006531290397876684,0.0018861936067415884
2026-09-23,-0.0006794513883800586,-0.0012246187524764193
2026-09-24,0.0002573983684101442,0.001408028336507701
2026-09-25,0.00048470170456929064,0.0010541380894268622
2026-09-28,1.0341955716007068e-05,0.00026578441184586213
2026-09-29,0.0007691646157818224,0.0011362598003880424
2026-09-30,0.0007217966069334805,0.0007432894654549832
2026-10-01,0.0010490451085760377,0.0009618511125442763
