t,M,hold_month,gross,cost,net,net_2x,n_roots,missing_exit,long,short
12,2011-06-30,2011-07-29,-0.012357594700607672,0.00045887087691010345,-0.012816465577517776,-0.01327533645442788,17,0,HO PL SI RB,LE ZC ZW ZM
13,2011-07-29,2011-08-31,-0.03740104837524358,0.0007356822773371378,-0.03813673065258072,-0.03887241292991785,16,0,HG GC RB HE,ZC ZM LE ZW
14,2011-08-31,2011-09-30,0.03675648720520744,0.0007064102718163249,0.036050076933391115,0.03534366666157479,16,0,GC HE RB SI,ZC NG ZM LE
15,2011-09-30,2011-10-31,0.08260614182581785,0.0007196833292794536,0.0818864584965384,0.08116677516725894,16,0,RB GC HG SI,NG ZC GF HE
16,2011-10-31,2011-11-30,0.0171100135272104,0.0008073188441090476,0.016302694683101353,0.015495375838992305,16,0,HG GC RB SI,LE ZC NG GF
17,2011-11-30,2011-12-30,-0.045367698713775745,0.0003767972978622305,-0.04574449601163798,-0.046121293309500204,15,0,GC RB SI HE,ZC LE GF NG
18,2011-12-30,2012-01-31,0.030629633966476416,0.00046905635677741385,0.030160577609699,0.02969152125292159,16,0,CL GC HE SI,ZC GF LE RB
19,2012-01-31,2012-02-29,0.03863091951602354,0.0006383835380081241,0.03799253597801542,0.037354152440007296,15,0,HO GC RB CL,ZC NG HE GF
20,2012-02-29,2012-03-30,0.04771183849419904,0.0002473904358260004,0.04746444805837304,0.04721705762254704,15,0,GC CL RB SI,ZC NG HE GF
21,2012-03-30,2012-04-30,-0.09745587137155036,0.0009207502278583741,-0.09837662159940873,-0.09929737182726711,16,0,RB ZC HE SI,NG GF ZM ZS
22,2012-04-30,2012-05-31,-0.015349927208403533,0.0005452898684198586,-0.01589521707682339,-0.016440506945243252,16,0,HE RB ZC SI,NG ZM GF ZS
23,2012-05-31,2012-06-29,-0.025983773943610178,0.0008894650385679272,-0.026873238982178103,-0.027762704020746033,15,0,PL ZS CL GC,HE ZC NG GF
24,2012-06-29,2012-07-31,-0.05040044170298828,0.0006519907217491403,-0.05105243242473742,-0.051704423146486565,15,0,CL HE SI RB,ZC GF NG ZW
25,2012-07-31,2012-08-31,0.010207546333214492,0.0009179115277038461,0.009289634805510646,0.0083717232778068,16,0,GC GF HE RB,ZC NG HG HO
26,2012-08-31,2012-09-28,-0.01840910206078454,0.0005371186760483466,-0.018946220736832886,-0.019483339412881235,15,0,GF GC RB HE,NG ZC ZW HG
27,2012-09-28,2012-10-31,-0.04347958539779139,0.0005394139483795991,-0.04401899934617099,-0.04455841329455059,15,0,SI ZS GC RB,NG ZC LE ZW
28,2012-10-31,2012-11-30,0.009752441061475877,0.0008646170172613346,0.008887824044214543,0.008023207026953208,16,0,ZL GC GF RB,NG ZC LE ZW
29,2012-11-30,2012-12-31,0.04446133653153232,0.0003611877337395488,0.044100148797792775,0.04373896106405323,15,0,ZM GF HE RB,ZC NG LE ZW
30,2012-12-31,2013-01-31,-0.023118502087068175,0.0005320254653019487,-0.023650527552370123,-0.02418255301767207,16,0,ZM LE GF HE,ZC NG ZW GC
31,2013-01-31,2013-02-28,0.013035877425032061,0.0006699319497142565,0.012365945475317804,0.011696013525603548,16,0,ZL LE RB GF,ZC NG GC ZW
32,2013-02-28,2013-03-31,0.003400969665934091,0.000612906993164336,0.002788062672769755,0.002175155679605419,15,0,ZL LE GF RB,ZC GC NG ZM
33,2013-03-31,2013-04-30,-0.03868061530580453,0.0008266091481133558,-0.03950722445391788,-0.040333833602031244,16,0,HE RB LE GF,ZC ZM NG PL
34,2013-04-30,2013-05-31,-0.02268289461804325,0.0009028466708921772,-0.023585741288935428,-0.024488587959827605,16,0,HE RB SI GC,ZS PL LE HG
35,2013-05-31,2013-06-28,-0.0074603240076595795,0.0006712118233015954,-0.008131535830961175,-0.00880274765426277,15,0,HE SI ZS GC,ZC ZM RB LE
36,2013-06-28,2013-07-31,0.02131436426138701,0.0009388350519882538,0.02037552920939876,0.019436694157410506,15,0,ZM RB GC HE,LE HO HG ZW
37,2013-07-31,2013-08-30,0.08602526656839636,0.000779414240516853,0.08524585232787951,0.08446643808736265,16,0,ZM SI GC HE,GF ZC LE HO
38,2013-08-30,2013-09-30,-0.013732054056342867,0.0006009606175546859,-0.014333014673897552,-0.014933975291452238,15,0,HO RB GC HE,NG ZC GF ZL
39,2013-09-30,2013-10-31,0.013029424881343407,0.0006375732646074887,0.012391851616735918,0.01175427835212843,16,0,RB SI HE GC,NG ZC LE ZL
40,2013-10-31,2013-11-29,-0.030682902967065193,0.0008713461097196482,-0.03155424907678484,-0.03242559518650449,16,0,ZM HE SI GC,LE ZC NG ZL
41,2013-11-29,2013-12-31,-0.024920150051266052,0.0006716147830165011,-0.025591764834282552,-0.026263379617299056,14,0,ZM RB GC HE,LE ZC ZL CL
42,2013-12-31,2014-01-31,0.031269429849473146,0.0003713091262719475,0.030898120723201198,0.03052681159692925,15,0,SI ZM GC HE,RB ZC ZL CL
43,2014-01-31,2014-02-28,-0.04356611364150311,0.0010248140804896722,-0.04459092772199278,-0.04561574180248246,15,0,HO ZM GC NG,HE ZL ZC ZS
44,2014-02-28,2014-03-31,-0.07112456116801888,0.00027937484695505637,-0.07140393601497394,-0.07168331086192899,16,0,GC PA HO NG,ZL ZC HE ZS
45,2014-03-31,2014-04-30,8.536864442677483e-05,0.0010236332923730814,-0.0009382646479463066,-0.001961897940319388,15,0,HG LE HO ZM,ZL ZC HE ZW
46,2014-04-30,2014-05-30,0.015619144024234055,0.000660882184254314,0.01495826183997974,0.014297379655725428,15,0,NG HO ZM HG,ZS ZL ZW GF
47,2014-05-30,2014-06-30,-0.07701767731670754,0.0007762327391560372,-0.07779391005586359,-0.07857014279501962,14,0,HG ZS NG ZM,HE ZL GF ZW
48,2014-06-30,2014-07-31,-0.0025629738153625714,0.0008268385570542333,-0.0033898123724168047,-0.004216650929471038,17,0,HG RB NG ZM,GF ZL ZW ZC
49,2014-07-31,2014-08-29,0.008640934814167436,0.0012330726361025448,0.007407862178064891,0.0061747895419623465,15,0,PL HE HG NG,GF ZL ZW ZC
50,2014-08-29,2014-09-30,-0.06256665497433438,0.0007303298485087135,-0.06329698482284309,-0.06402731467135181,15,0,PA HG NG ZM,ZL ZW GF ZC
51,2014-09-30,2014-10-31,0.041197476494787534,0.0006515608015170541,0.04054591569327048,0.03989435489175343,16,0,LE HG ZM RB,ZL ZW SI CL
52,2014-10-31,2014-11-28,-0.04004372855878665,0.0010125036152945468,-0.0410562321740812,-0.04206873578937574,16,0,HG PL RB ZM,ZL HE LE SI
53,2014-11-28,2014-12-30,-0.036779255008796155,0.0009447164733120129,-0.03772397148210817,-0.03866868795542018,14,0,HO LE HG RB,ZL NG GF ZW
54,2014-12-30,2015-01-30,0.008617562387692675,0.0009572399532166283,0.007660322434476047,0.0067030824812594186,14,0,ZM HO LE NG,RB KE ZL ZC
55,2015-01-30,2015-02-27,0.1089304336725297,0.0011007411045101101,0.1078296925680196,0.10672895146350948,17,0,HG ZM HO LE,SI GC HE KE
56,2015-02-27,2015-03-31,0.054596159229962415,0.0004547958587463952,0.05414136337121602,0.05368656751246963,16,0,GF HG LE ZM,HE SI GC KE
57,2015-03-31,2015-04-30,-0.03600769543618603,0.0009252930025674963,-0.036932988438753526,-0.03785828144132102,17,0,PL ZW ZM LE,HE SI GC NG
58,2015-04-30,2015-05-29,0.02565001778578921,0.0007941979890275572,0.02485581979676165,0.024061621807734093,17,0,ZM GF ZW HO,HE CL NG ZS
59,2015-05-29,2015-06-30,-0.008218372112263835,0.001038703234773969,-0.009257075347037805,-0.010295778581811773,16,0,HE ZW LE GF,RB SI GC KE
60,2015-06-30,2015-07-31,0.0683083662915219,0.00044806020158497236,0.06786030608993693,0.06741224588835196,17,0,ZW GF RB HE,SI GC KE CL
61,2015-07-31,2015-08-31,-0.02220025162665012,0.0009906557452241255,-0.023190907371874247,-0.024181563117098372,16,0,RB ZM GF HE,SI GC KE CL
62,2015-08-31,2015-09-30,-0.01603482169002799,0.0007057589639427896,-0.016740580653970782,-0.01744633961791357,17,0,ZM GF PL HE,GC CL SI NG
63,2015-09-30,2015-10-30,0.08309249650597732,0.001243635387374367,0.08184886111860296,0.08060522573122858,16,0,ZS SI GF HE,NG HO KE CL
64,2015-10-30,2015-11-30,0.03153995443097974,0.0010486302583285216,0.03049132417265122,0.029442693914322696,16,0,ZS SI GF HE,NG LE HO KE
65,2015-11-30,2015-12-31,0.07076875073571298,0.000855300991417122,0.06991344974429586,0.06905814875287873,16,0,GC GF RB HE,KE CL HO HG
66,2015-12-31,2016-01-29,0.07494279208628546,0.0006925959551913496,0.07425019613109411,0.07355760017590277,16,0,LE ZS GF HE,RB CL KE HO
67,2016-01-29,2016-02-29,0.09461789676859436,0.001327817005958373,0.093290079762636,0.09196226275667761,16,0,SI ZS HE LE,CL HO KE NG
68,2016-02-29,2016-03-31,-0.019971771981468486,0.0006146982494933615,-0.020586470230961846,-0.02120116848045521,16,0,ZS GF HE LE,CL HO GC KE
69,2016-03-31,2016-04-29,0.008948329006240856,0.0012963205049850517,0.007652008501255804,0.006355687996270753,16,0,LE HE SI ZS,CL NG HO KE
70,2016-04-29,2016-05-31,0.02845129179703339,0.0009638836830033045,0.027487408114030085,0.026523524431026783,16,0,GF ZS ZC HE,NG CL HO KE
71,2016-05-31,2016-06-30,-0.018666800805362448,0.0012498531653470737,-0.019916653970709523,-0.021166507136056594,15,0,HE ZS ZC GF,HO CL GC RB
72,2016-06-30,2016-07-29,-0.10854941305083235,0.0007371566456690097,-0.10928656969650136,-0.11002372634217036,16,0,ZS ZC RB HE,GC CL HO SI
73,2016-07-29,2016-08-31,-0.008918334427537112,0.00122927480071568,-0.010147609228252792,-0.011376884028968472,15,0,GF ZC ZS HE,CL GC LE HO
74,2016-08-31,2016-09-30,-0.05257676219242335,0.0006153082664457341,-0.05319207045886908,-0.05380737872531482,15,0,ZC ZS GF HE,NG GC CL LE
75,2016-09-30,2016-10-31,0.07862234792381591,0.0008354670291784795,0.07778688089463742,0.07695141386545895,15,0,ZS ZC GF HE,NG CL GC LE
76,2016-10-31,2016-11-30,0.02817274566782543,0.0010741071438814635,0.027098638523943966,0.026024531380062502,17,0,ZC ZS GF HE,LE NG CL GC
77,2016-11-30,2016-12-30,-0.014377560493225446,0.0007223073816961502,-0.015099867874921596,-0.015822175256617745,16,0,ZC ZS RB GF,LE NG ZL CL
78,2016-12-30,2017-01-31,0.037651589955665705,0.0007783831811001489,0.036873206774565556,0.03609482359346541,16,0,ZC SI GF HE,RB CL ZL HG
79,2017-01-31,2017-02-28,0.05808641488939079,0.0013519234827092952,0.0567344914066815,0.055382567923972205,17,0,GF ZC SI LE,RB NG ZL ZM
80,2017-02-28,2017-03-31,0.03964224699470695,0.0006198490232767636,0.03902239797143019,0.03840254894815342,16,0,ZC LE SI GF,RB ZL NG HG
81,2017-03-31,2017-04-28,0.07920343588345571,0.0010653789653265976,0.07813805691812911,0.07707267795280252,17,0,LE PL GF SI,NG ZL RB CL
82,2017-04-28,2017-05-31,0.024368449124974056,0.0006834993396261828,0.023684949785347874,0.02300145044572169,17,0,LE GF GC SI,NG RB ZL ZM
83,2017-05-31,2017-06-30,-0.03904215626218383,0.00085270389516913,-0.03989486015735296,-0.04074756405252209,15,0,LE ZS GF GC,RB ZL KE CL
84,2017-06-30,2017-07-31,0.016612043664866346,0.0009189793924274843,0.015693064272438863,0.014774084880011378,16,0,GC RB SI HE,KE ZL ZW HO
85,2017-07-31,2017-08-31,0.020267284395444788,0.0012071822953238231,0.019060102100120966,0.01785291980479714,15,0,GF NG GC HE,ZL RB KE ZW
86,2017-08-31,2017-09-29,-0.010147835885655614,0.0007206464408493723,-0.010868482326504987,-0.011589128767354358,15,0,ZS GC RB HE,ZL KE ZW NG
87,2017-09-29,2017-10-31,0.04318364834554051,0.0009556232913862014,0.04222802505415431,0.041272401762768106,16,0,ZS SI RB HE,NG LE ZL KE
88,2017-10-31,2017-11-30,0.03234964218628452,0.0012066054167877707,0.03114303676949675,0.02993643135270898,15,0,HO RB ZS CL,LE NG ZL KE
89,2017-11-30,2017-12-29,0.028473381980473715,0.0009539517844798016,0.027519430195993913,0.02656547841151411,16,0,ZS HE CL RB,NG LE KE ZW
90,2017-12-29,2018-01-31,-0.026188867625589096,0.0004820147657201689,-0.026670882391309263,-0.027152897157029433,16,0,HO ZS CL HG,RB KE GF ZW
91,2018-01-31,2018-02-28,-0.03137428400914114,0.0012514230717566447,-0.032625707080897785,-0.03387713015265443,16,0,NG CL ZS HG,HE KE GF ZW
92,2018-02-28,2018-03-29,0.11302163325664676,0.00031187034968868985,0.11270976290695807,0.11239789255726938,16,0,RB CL ZS HG,HE KE GF ZW
93,2018-03-29,2018-04-30,-0.03858711318953713,0.0015425933293056135,-0.04012970651884274,-0.04167229984814835,16,0,ZC RB HG ZS,HE ZW KE GF
94,2018-04-30,2018-05-31,-0.050026603496750144,0.0008898238152944794,-0.050916427312044626,-0.0518062511273391,16,0,ZM ZS RB HG,HE ZW KE NG
95,2018-05-31,2018-06-29,-0.03639769437449774,0.0014947081747841602,-0.0378924025492819,-0.03938711072406606,15,0,CL ZC HG ZS,HE LE ZW KE
96,2018-06-29,2018-07-31,-0.08393361406786345,0.0009712058128051669,-0.08490481988066863,-0.08587602569347379,16,0,ZS HG HE RB,LE ZW KE GF
97,2018-07-31,2018-08-31,0.035372330446803976,0.0010433729238284169,0.03432895752297556,0.03328558459914714,15,0,HG HO HE RB,LE ZM GF ZW
98,2018-08-31,2018-09-28,0.015709934543979388,0.0009538223574138892,0.0147561121865655,0.013802289829151609,15,0,CL RB SI HG,LE GF ZM ZW
99,2018-09-28,2018-10-31,-0.07707647663169771,0.00039091451141157115,-0.07746739114310928,-0.07785830565452086,16,0,HO HG SI RB,NG LE ZM ZW
100,2018-10-31,2018-11-30,-0.16794689053594428,0.0011461909526928348,-0.1690930814886371,-0.17023927244132994,15,0,GF HO SI RB,LE NG KE ZM
101,2018-11-30,2018-12-31,-0.060848180401735404,0.0007488799983380117,-0.061597060400073414,-0.062345940398411424,16,0,HE CL HO RB,LE ZM KE NG
102,2018-12-31,2019-01-31,0.06318614996468802,0.0007536665509328954,0.062432483413755124,0.06167881686282223,16,0,SI CL HO NG,LE ZM KE RB
103,2019-01-31,2019-02-28,0.1019342667043577,0.0012513273218313344,0.10068293938252637,0.09943161206069503,17,0,RB PL HO CL,ZM HE GF ZC
104,2019-02-28,2019-03-29,-0.03318092998262951,0.0006164674782036968,-0.033797397460833205,-0.034413864939036906,16,0,RB SI CL HO,HE ZM ZC KE
105,2019-03-29,2019-04-30,0.08800505011480904,0.0012832820478422,0.08672176806696684,0.08543848601912464,18,0,PL CL PA RB,GF NG HE ZM
106,2019-04-30,2019-05-31,-0.0957100485202595,0.0005972533862460235,-0.09630730190650552,-0.09690455529275153,17,0,PL HO RB CL,GF NG ZM HE
107,2019-05-31,2019-06-28,0.05132275451475634,0.000801998623785192,0.050520755890971145,0.049718757267185956,17,0,HG HO PA CL,KE ZM GF RB
108,2019-06-28,2019-07-31,0.004699476063070568,0.000722620519559896,0.003976855543510672,0.003254235023950776,17,0,NG CL HO RB,LE ZM KE GF
109,2019-07-31,2019-08-30,-0.015120788953303876,0.0009281797144313805,-0.016048968667735256,-0.016977148382166636,17,0,RB PA NG HE,LE GC GF ZM
110,2019-08-30,2019-09-30,0.018892766004462158,0.0008493955032617426,0.018043370501200414,0.017193974997938673,17,0,HO CL RB HE,GC NG ZM ZS
111,2019-09-30,2019-10-31,0.010772345187034217,0.0009215845080020541,0.009850760679032164,0.008929176171030109,17,0,SI RB GF ZW,NG LE HO ZM
112,2019-10-31,2019-11-29,0.046756091080753036,0.0012191510318143451,0.04553694004893869,0.04431778901712435,17,0,RB HG ZW GF,NG HE HO LE
113,2019-11-29,2019-12-31,-0.008862427010655542,0.0008123448704685847,-0.009674771881124125,-0.010487116751592711,18,0,ZW HG PA RB,HO NG PL CL
114,2019-12-31,2020-01-31,0.1022784918356692,0.0008033217733179565,0.10147517006235124,0.10067184828903329,17,0,KE LE ZW PA,RB HO ZM ZS
115,2020-01-31,2020-02-28,-0.0421500615972399,0.0010915860400330347,-0.04324164763727294,-0.04433323367730597,17,0,NG GF ZW LE,PL HO HE ZM
116,2020-02-28,2020-03-31,-0.007605871965248611,0.0011396780556841165,-0.008745550020932727,-0.009885228076616844,17,0,NG GF HE LE,ZM ZS PL CL
117,2020-03-31,2020-04-30,-0.11218618490374618,0.0015239775899806127,-0.1137101624937268,-0.11523414008370741,18,0,SI HO ZW PA,NG CL HE GC
118,2020-04-30,2020-05-29,-0.005153064257694612,0.0010247404027853596,-0.006177804660479971,-0.007202545063265332,17,0,ZL SI ZW HE,NG CL LE GC
119,2020-05-29,2020-06-30,-0.03153699856940373,0.0015478280425151468,-0.033084826611918874,-0.03463265465443402,17,0,ZL SI CL HE,RB GC NG ZM
120,2020-06-30,2020-07-31,-0.029090806223158613,0.001449922652448176,-0.030540728875606788,-0.03199065152805496,16,0,HG NG RB HE,GC LE ZM GF
121,2020-07-31,2020-08-31,0.02228393891373892,0.0012039410086957826,0.021079997905043137,0.019876056896347357,17,0,ZL CL HG HE,NG LE ZM GC
122,2020-08-31,2020-09-30,0.02769170214963274,0.0010758714768966011,0.026615830672736138,0.025539959195839537,16,0,HG ZL RB HE,NG ZM LE GF
123,2020-09-30,2020-10-30,-0.07614643596349618,0.0007286538329659784,-0.07687508979646217,-0.07760374362942814,17,0,ZL RB CL HE,NG ZM LE ZC
124,2020-10-30,2020-11-30,0.20785794112506217,0.001290730780865742,0.20656721034419642,0.2052764795633307,17,0,HO RB CL HE,LE NG ZW KE
125,2020-11-30,2020-12-31,0.05004005020171422,0.0009132751754085752,0.04912677502630564,0.04821349985089707,16,0,ZL CL RB HE,LE NG ZM ZW
126,2020-12-31,2021-01-29,-0.00578583819630985,0.0005432002484921967,-0.006329038444802047,-0.006872238693294243,16,0,HG ZL CL HE,RB NG ZM ZW
127,2021-01-29,2021-02-26,0.08139486590272886,0.001116333980085303,0.08027853192264356,0.07916219794255826,17,0,HG GC CL HE,ZC ZM ZS GF
128,2021-02-26,2021-03-31,0.012262799761446837,0.0003999904668777559,0.011862809294569081,0.011462818827691325,17,0,SI PL GC HE,ZM ZC ZS NG
129,2021-03-31,2021-04-30,0.11524422187136288,0.0009614696657868093,0.11428275220557607,0.11332128253978926,17,0,ZC ZL RB GC,GF ZS ZM NG
130,2021-04-30,2021-05-28,0.051150944345507925,0.0004316458112186184,0.0507192985342893,0.05028765272307069,17,0,CL GC ZC ZL,GF LE ZS ZM
131,2021-05-28,2021-06-30,-0.07107887653127273,0.0007719745664465161,-0.07185085109771924,-0.07262282566416577,16,0,ZS ZC ZL GC,RB ZW GF KE
132,2021-06-30,2021-07-30,0.017689248353538547,0.0004745459940074144,0.017214702359531132,0.016740156365523718,17,0,GC ZL RB HE,GF ZW LE KE
133,2021-07-30,2021-08-31,0.004084260912129884,0.0006882615153139437,0.00339599939681594,0.0027077378815019964,17,0,NG ZL GC HE,GF ZW LE KE
134,2021-08-31,2021-09-30,0.061794503897742145,0.0005548083156749984,0.06123969558206715,0.06068488726639215,16,0,RB ZS ZL HE,GF ZW LE KE
135,2021-09-30,2021-10-29,-0.013314354510072419,0.0005230091270716616,-0.01383736363714408,-0.014360372764215742,17,0,HO GC HE ZL,NG LE ZW GF
136,2021-10-29,2021-11-30,-0.16285450967120305,0.000771154836022089,-0.16362566450722513,-0.16439681934324724,16,0,CL HO RB ZL,LE NG ZW GF
137,2021-11-30,2021-12-31,0.10424487459772672,0.00035952072986894333,0.10388535386785777,0.10352583313798883,16,0,CL ZL HO RB,LE NG ZW GF
138,2021-12-31,2022-01-31,0.1306622293273735,0.0006004508976643884,0.13006177842970912,0.12946132753204473,16,0,HE ZL CL HO,GF LE ZW ZS
139,2022-01-31,2022-02-28,0.047098458604937984,0.0007814168680958988,0.046317041736842084,0.04553562486874619,17,0,HE CL RB HO,GF ZS ZC ZM
140,2022-02-28,2022-03-31,0.06393384499057979,0.0004059701289426675,0.06352787486163712,0.06312190473269445,17,0,ZL CL RB HO,GF ZS ZC ZM
141,2022-03-31,2022-04-29,0.19906208399191397,0.0007902717113610069,0.19827181228055296,0.19748154056919195,17,0,ZL ZC RB HO,HE GF LE ZS
142,2022-04-29,2022-05-31,0.012343767035198502,0.00048393473085927354,0.011859832304339228,0.011375897573479956,17,0,RB ZC ZL HO,HE LE GF ZW
143,2022-05-31,2022-06-30,-0.0453841036883899,0.0004718642999066038,-0.045855967988296505,-0.046327832288203113,15,0,RB CL ZS HO,HE LE GF ZW
144,2022-06-30,2022-07-29,0.03603872914764781,0.0005667047209842513,0.035472024426663556,0.034905319705679304,16,0,NG ZM RB HO,LE GF ZW KE
145,2022-07-29,2022-08-31,-0.04730607081545443,0.000647741759709078,-0.04795381257516351,-0.048601554334872586,17,0,ZM RB HE HO,LE GF ZW KE
146,2022-08-31,2022-09-30,-0.052150357653994533,0.0006252437338383173,-0.05277560138783285,-0.05340084512167117,16,0,ZS ZM HE HO,LE GF ZW SI
147,2022-09-30,2022-10-31,0.10189952768661059,0.0005512124870951005,0.1013483151995155,0.10079710271242039,17,0,ZM RB HE HO,NG LE ZW GF
148,2022-10-31,2022-11-30,-0.039294388704577125,0.0006539376261409255,-0.03994832633071805,-0.040602263956858974,17,0,ZM RB HE HO,NG LE SI ZW
149,2022-11-30,2022-12-30,0.011469639085627537,0.0005827862972536963,0.01088685278837384,0.010304066491120143,17,0,ZL HE RB HO,NG SI LE HG
150,2022-12-30,2023-01-31,-0.0691450359280468,0.0005721661395146016,-0.0697172020675614,-0.070289368207076,17,0,ZM NG HE HO,SI RB GF ZW
151,2023-01-31,2023-02-28,0.026622180193761155,0.0008965048224546574,0.0257256753713065,0.02482917054885184,17,0,ZL RB NG HO,SI ZC HG PL
152,2023-02-28,2023-03-31,-0.03178637724574737,0.0004959635094069065,-0.03228234075515428,-0.03277830426456119,17,0,ZS CL RB HO,SI ZC NG HG
153,2023-03-31,2023-04-28,-0.05892470661763616,0.0009623563603786214,-0.05988706297801478,-0.0608494193383934,17,0,ZS HO RB ZC,NG SI GF ZW
154,2023-04-28,2023-05-31,-0.02815774235297076,0.0003450735876219387,-0.0285028159405927,-0.028847889528214637,17,0,ZS ZM RB ZC,NG SI GF ZW
155,2023-05-31,2023-06-30,0.0728192602107936,0.0010605386677375634,0.07175872154305604,0.07069818287531847,16,0,ZL ZM ZC ZS,GF HG LE ZW
156,2023-06-30,2023-07-31,0.017122448273351996,0.0006723852559294554,0.01645006301742254,0.015777677761493084,18,0,ZL ZC ZS RB,SI PA HG GC
157,2023-07-31,2023-08-31,0.02445771567155293,0.0009221272714384447,0.023535588400114486,0.02261346112867604,17,0,ZC ZL HE RB,SI NG ZW HG
158,2023-08-31,2023-09-29,0.004522733065244747,0.0007540615049233222,0.003768671560321425,0.003014610055398103,18,0,ZS ZL HO RB,NG ZW HG PA
159,2023-09-29,2023-10-31,-0.09049230296320326,0.0006170079632990519,-0.09110931092650232,-0.09172631888980137,18,0,CL ZL ZS HO,NG ZW HE PL
160,2023-10-31,2023-11-30,0.030113069905294384,0.0007425095483012982,0.029370560356993085,0.02862805080869179,17,0,ZC HG GF ZS,NG ZW HE GC
161,2023-11-30,2023-12-29,-0.013931401498612958,0.000664703160005259,-0.014596104658618218,-0.015260807818623476,17,0,HG GF ZS RB,ZW GC KE HE
162,2023-12-29,2024-01-31,0.002844166976934357,0.00044352058836775267,0.0024006463885666044,0.0019571258001988517,18,0,GF HG ZS LE,RB PA ZW HE
163,2024-01-31,2024-02-29,0.017988843016946136,0.0008204012385301016,0.017168441778416036,0.016348040539885932,18,0,HG HO NG LE,PA ZM ZW RB
164,2024-02-29,2024-03-28,-0.010238350697591995,0.000517806085346419,-0.010756156782938413,-0.011273962868284833,17,0,HE GF HO LE,NG ZW ZM RB
165,2024-03-28,2024-04-30,-0.08017404387109797,0.001060123081907765,-0.08123416695300574,-0.08229429003491351,17,0,ZL CL GF LE,HE NG ZW KE
166,2024-04-30,2024-05-31,-0.06344149479403823,0.0006814494168865608,-0.06412294421092479,-0.06480439362781135,17,0,HO CL GF LE,NG ZW HE KE
167,2024-05-31,2024-06-28,0.08433093157342708,0.0008234570773299569,0.08350747449609712,0.08268401741876717,17,0,GF NG HG LE,RB HE ZW KE
168,2024-06-28,2024-07-31,0.027708052888157288,0.0007470050259758046,0.026961047862181484,0.026214042836205678,17,0,GF HG LE NG,ZW KE ZC ZL
169,2024-07-31,2024-08-30,0.008233618561011796,0.0011728295969494036,0.0070607889640623926,0.005887959367112989,17,0,GF HG HE LE,ZW KE HO NG
170,2024-08-30,2024-09-30,-0.038490768333829,0.0008736479653294252,-0.039364416299158426,-0.04023806426448785,17,0,GF HG HE LE,NG SI ZC ZW
171,2024-09-30,2024-10-31,0.025233966117721128,0.0004932484405562027,0.024740717677164924,0.024247469236608723,17,0,HG GC GF LE,NG SI ZC HO
172,2024-10-31,2024-11-29,0.030443732298137904,0.000956356837275896,0.029487375460862008,0.02853101862358611,17,0,HE HG LE GF,NG SI ZW HO
173,2024-11-29,2024-12-31,0.03933409612714606,0.00052389139395328,0.038810204733192785,0.0382863133392395,17,0,GC RB LE NG,SI ZW HO HE
174,2024-12-31,2025-01-31,0.023076086404212152,0.0005553195396017019,0.02252076686461045,0.021965447325008748,17,0,CL GC LE NG,RB ZW SI ZM
175,2025-01-31,2025-02-28,0.023622923589507218,0.000955190915809784,0.022667732673697434,0.02171254175788765,17,0,HE GC LE NG,ZC ZW ZM SI
176,2025-02-28,2025-03-31,0.10215045344982492,0.00040285663445420005,0.10174759681537071,0.10134474018091652,17,0,GC LE NG HE,ZC ZW ZM KE
177,2025-03-31,2025-04-30,0.028733223172754615,0.0012084413119569579,0.027524781860797657,0.0263163405488407,17,0,NG ZC LE GC,HE ZM ZW SI
178,2025-04-30,2025-05-30,-0.0009417921051028944,0.0005508126980366247,-0.001492604803139519,-0.0020434175011761436,17,0,HE GF LE ZC,ZM ZW KE SI
179,2025-05-30,2025-06-30,0.04757975638828431,0.0011979505727432302,0.04638180581554108,0.045183855242797846,16,0,ZS GF LE NG,ZM RB KE ZW
180,2025-06-30,2025-07-31,0.029670572679807296,0.0008066719730658686,0.028863900706741427,0.028057228733675558,17,0,HO RB HE NG,ZM SI KE ZW
181,2025-07-31,2025-08-29,-0.01798641379585046,0.0014144990495155241,-0.019400912845365985,-0.020815411894881508,17,0,HO HG NG HE,ZM ZC KE SI
182,2025-08-29,2025-09-30,0.036609855099487436,0.0007306759502455814,0.03587917914924185,0.035148503198996275,17,0,CL HG HO HE,ZM PL ZL ZC
183,2025-09-30,2025-10-31,-0.11553560110236238,0.0007604974185041388,-0.11629609852086652,-0.11705659593937066,18,0,CL HG HO HE,NG PA ZM ZL
184,2025-10-31,2025-11-28,-0.041017533175244036,0.0009076944663362478,-0.041925227641580284,-0.04283292210791653,17,0,CL HO HG HE,ZL ZM NG ZC
185,2025-11-28,2025-12-31,-0.032441854374615886,0.0008503005919089034,-0.03329215496652479,-0.03414245555843369,17,0,HO HE RB NG,ZL ZM SI ZC
186,2025-12-31,2026-01-30,0.04753999131028504,0.0005514974166794025,0.04698849389360563,0.04643699647692623,18,0,CL HO HG HE,RB ZL ZS ZM
187,2026-01-30,2026-02-27,-0.11463039339499581,0.0009494689738600739,-0.11557986236885588,-0.11652933134271595,18,0,HG HO NG HE,SI ZL ZS ZM
188,2026-02-27,2026-03-31,0.10949385457433419,0.000407545001935663,0.10908630957239852,0.10867876457046287,18,0,NG HO HE PA,ZL ZS ZM ZC
189,2026-03-31,2026-04-30,0.06858749608840829,0.0009698761942353836,0.0676176198941729,0.06664774369993752,17,0,SI CL HG HO,HE NG ZL ZS
190,2026-04-30,2026-05-29,0.009556778592612721,0.0006194906246628362,0.008937287967949886,0.008317797343287048,17,0,PL HG CL HO,HE NG ZS ZW
191,2026-05-29,2026-06-30,0.01660982432910852,0.0008524369331151041,0.015757387395993416,0.014904950462878312,18,0,HO HG NG PA,HE RB ZW ZL
192,2026-06-30,2026-07-31,-0.04774808121629452,0.0008545013924319525,-0.04860258260872648,-0.049457084001158426,18,0,SI PA NG RB,ZW KE ZC ZS
193,2026-07-31,2026-08-31,-0.048201377278892225,0.0011907285838665483,-0.04939210586275877,-0.05058283444662532,17,0,HO RB SI NG,ZW KE ZL ZC
194,2026-08-31,2026-09-30,0.0880845057021561,0.0004627767995206333,0.08762172890263548,0.08715895210311483,16,0,HE SI HO RB,ZW KE ZC ZL
