category,basis,subset,strategy,horizon,n,event,same_day_controls,diff,t
executive_officer_departure,gross,all,long_call,1,116,-0.001390881664830536,0.0005020406602858607,-0.0019696267607725417,-2.7301010711074216
executive_officer_departure,gross,all,long_call,2,116,0.0006905315558315819,-7.098876330795606e-05,0.0008130499127408556,0.46574731282058024
executive_officer_departure,gross,all,long_call,3,115,-0.0018394923773060975,2.4660498809724568e-05,-0.0020453211607141526,-0.9603402074209082
executive_officer_departure,gross,all,long_call,5,115,-0.00011411279836810155,0.0013947784541318497,-0.001692757137639032,-0.5370059768472768
executive_officer_departure,gross,all,long_call,10,115,0.0013374093787340289,0.0035240138574012857,-0.002979763290168263,-0.7992386421243212
executive_officer_departure,gross,all,long_call,21,115,-0.0010208106667407625,0.004447183393261014,-0.006198145409088558,-1.3505404805229593
executive_officer_departure,gross,all,long_call,42,112,0.005666210010809745,0.009454675434578926,-0.005659460633338614,-0.7862733183276492
executive_officer_departure,gross,all,long_call,63,110,0.010985468793114251,0.01170671134507469,-0.002284321693792354,-0.1970610001363771
executive_officer_departure,gross,all,long_call,exp,109,0.007840033837241122,0.01665404511657299,-0.013155732834123877,-1.0658880692356163
executive_officer_departure,gross,all,covered_call,1,115,-0.0011881560217372896,0.0008898851846119882,-0.002299503377732286,-2.1832701695617613
executive_officer_departure,gross,all,covered_call,2,113,0.0015738818565187768,0.0005094042231238476,0.0010622867169714913,0.5953823190306596
executive_officer_departure,gross,all,covered_call,3,112,-0.0010900962377876262,0.0007794480598964714,-0.0024931761728244207,-1.0621458176877958
executive_officer_departure,gross,all,covered_call,5,110,-0.0019403644755515916,0.0014209575013209206,-0.004094159638335713,-1.2418649911880093
executive_officer_departure,gross,all,covered_call,10,112,0.0013778850102867343,0.0038446428951617495,-0.0045849430069567505,-1.2891391511981698
executive_officer_departure,gross,all,covered_call,21,109,0.002643986550483388,0.007758468485983617,-0.006701144808791693,-1.3367379107928
executive_officer_departure,gross,all,covered_call,42,107,0.012966844408382444,0.01612169950410079,-0.007322929053280734,-1.064103169035461
executive_officer_departure,gross,all,covered_call,63,105,0.028436180716479922,0.026394408685704095,-0.004272859630545484,-0.45001302915545177
executive_officer_departure,gross,all,covered_call,exp,97,0.03483105722707499,0.04054448037341605,-0.011285154249452275,-1.1867993589818207
executive_officer_departure,gross,all,protective_put,1,111,-0.0013876204995280116,0.0011403707762635473,-0.0026270332548216473,-2.662496588990144
executive_officer_departure,gross,all,protective_put,2,110,0.0010929787266637312,0.00024213629221585007,0.0011175430928494607,0.562873044500841
executive_officer_departure,gross,all,protective_put,3,109,-0.002394475899196458,0.0007672856223006591,-0.002982582333898618,-1.1626812588187112
executive_officer_departure,gross,all,protective_put,5,109,-0.0012971810752856678,0.002037114065863115,-0.003510575572514173,-0.8564216931418815
executive_officer_departure,gross,all,protective_put,10,109,0.0013014742241539558,0.006023143309242424,-0.0061662316415378145,-1.4102058895971508
executive_officer_departure,gross,all,protective_put,21,106,-3.5642757723355632e-06,0.009360981606941973,-0.010208747926652115,-1.9580080608414634
executive_officer_departure,gross,all,protective_put,42,105,0.015900571193084443,0.016820522207192316,-0.005074901347590647,-0.5864449026262654
executive_officer_departure,gross,all,protective_put,63,103,0.026527777271711978,0.024847722635470058,-0.0018396993811954135,-0.1285560747722371
executive_officer_departure,gross,all,protective_put,exp,96,0.01682811305265046,0.02181743046741174,-0.0109955548976296,-0.7845492689318504
executive_officer_departure,gross,all,collar,1,110,-0.0007317443093823356,0.0005660845807197324,-0.0014501206940222245,-1.7414690723572135
executive_officer_departure,gross,all,collar,2,109,0.001900602011449841,0.0002582009062727163,0.0016030636701485075,0.9943068506023206
executive_officer_departure,gross,all,collar,3,108,1.9145778214080447e-05,0.0005225731804878425,-0.0007320730187441914,-0.4132219223110276
executive_officer_departure,gross,all,collar,5,107,-0.0008156200534758544,0.0009138409603690713,-0.0021796519736839537,-1.0007152708549523
executive_officer_departure,gross,all,collar,10,109,0.0009746316921806255,0.002859839118878139,-0.0025186162390196847,-1.3316290985726487
executive_officer_departure,gross,all,collar,21,104,0.0025573710626105766,0.005428933443417587,-0.0036569589349946777,-1.4735861768647485
executive_officer_departure,gross,all,collar,42,105,0.009160319110799476,0.009672695091411072,-0.002951631899956895,-0.790327791567374
executive_officer_departure,gross,all,collar,63,101,0.0181616218336401,0.01700426769105011,1.240013848890036e-05,0.002165055065542327
executive_officer_departure,gross,all,collar,exp,89,0.01888122891058316,0.020096456596576197,-0.002678423473337366,-0.4193728236838055
executive_officer_departure,gross,all,cash_secured_put,1,111,-0.0005773101703869497,0.0003932069835635954,-0.0009428207667472421,-1.9737196529675767
executive_officer_departure,gross,all,cash_secured_put,2,112,-0.00043542631623926556,0.00031240102033354184,-0.0006451163417566322,-0.8509853365694569
executive_officer_departure,gross,all,cash_secured_put,3,111,-0.0015002909672294311,0.0002559383952237782,-0.0018418188880904422,-1.683611123260739
executive_officer_departure,gross,all,cash_secured_put,5,113,-0.0011250066565612355,0.00020392212969076558,-0.0013594213303028053,-0.9525308470532773
executive_officer_departure,gross,all,cash_secured_put,10,113,-0.0003163834483736889,0.00037698372956602647,-0.0016339954719291397,-0.8276452909591627
executive_officer_departure,gross,all,cash_secured_put,21,109,-0.002162999397507838,0.0017246757421832738,-0.0041993777682066726,-1.6024762733935334
executive_officer_departure,gross,all,cash_secured_put,42,113,0.0018633348052284223,0.0034703875444923836,-0.0022538620578825223,-0.6500654306644491
executive_officer_departure,gross,all,cash_secured_put,63,108,0.009137087495332706,0.006478713113992684,-0.0001558157623930363,-0.033374566331096825
executive_officer_departure,gross,all,cash_secured_put,exp,103,0.013665831399815965,0.011637000731574993,-0.0018866220487453378,-0.41569658562745715
executive_officer_departure,gross,all,stock,1,116,-0.001900610327566351,0.0014041371221497738,-0.003449214212848605,-2.646855689034497
executive_officer_departure,gross,all,stock,2,114,0.0008813720576606762,0.0005218103560046944,0.000726612757652832,0.30121100406177065
executive_officer_departure,gross,all,stock,3,113,-0.003341842721892315,0.0010548980443136815,-0.004638897949393413,-1.4346272364281891
executive_officer_departure,gross,all,stock,5,112,-0.0021667699887121306,0.002824792510171513,-0.005421193659469793,-1.0511608098920382
executive_officer_departure,gross,all,stock,10,112,0.0017660620522761867,0.007074661236067911,-0.008318254843834085,-1.3866773774754444
executive_officer_departure,gross,all,stock,21,112,0.0019195392430681891,0.012183187293147619,-0.013027809312282073,-1.6805026453118026
executive_officer_departure,gross,all,stock,42,107,0.019586939378500597,0.024991446724294788,-0.011792589340641582,-1.0042842282219901
executive_officer_departure,gross,all,stock,63,107,0.03581894634737195,0.03448589426241867,-0.006536999388764106,-0.3788428203418013
executive_officer_departure,gross,all,stock,exp,104,0.03818310549644028,0.04771820134743939,-0.020745686649758992,-1.198423106622454
executive_officer_departure,gross,2024,long_call,1,48,-0.003221056611077202,0.001257811446660284,-0.004459152664670671,-3.543034161974637
executive_officer_departure,gross,2024,long_call,2,48,-0.00269355748286265,0.0012174226934894073,-0.003625106515293216,-1.9765558265445413
executive_officer_departure,gross,2024,long_call,3,48,-0.004867889100903704,0.0021719799574449607,-0.007284618765203774,-2.8716823281757002
executive_officer_departure,gross,2024,long_call,5,48,0.00012673574786073447,0.0038381976006800146,-0.0035862362632384623,-0.9655464997087936
executive_officer_departure,gross,2024,long_call,10,48,0.00857848725501425,0.004527049247104458,0.0029694121875606335,0.4466263459482671
executive_officer_departure,gross,2024,long_call,21,48,0.007386987982932702,0.008726106953987773,-0.003563924606518824,-0.5260583111490328
executive_officer_departure,gross,2024,long_call,42,45,0.017613497214513347,0.01186913760219816,0.0014680318261288544,0.1446402977499609
executive_officer_departure,gross,2024,long_call,63,46,0.0410149644524825,0.013555040824338343,0.02936720315678269,1.5709972581740352
executive_officer_departure,gross,2024,long_call,exp,45,0.03563294954383199,0.01633672011964677,0.016948527796770904,0.8843932821283542
executive_officer_departure,gross,2024,covered_call,1,48,-0.0025184841567413682,0.0013378927848626695,-0.003925929931448207,-2.1533595028835855
executive_officer_departure,gross,2024,covered_call,2,46,-0.001288590097794824,0.002012246872049699,-0.0027408926028249262,-1.2936496397942367
executive_officer_departure,gross,2024,covered_call,3,47,-0.0038274268536631203,0.0026407651237923143,-0.007249626052783776,-2.3480149525255345
executive_officer_departure,gross,2024,covered_call,5,47,0.00037918140676211176,0.003026787055555579,-0.0030843071618679484,-0.820374346290173
executive_officer_departure,gross,2024,covered_call,10,47,0.009493124139246002,0.0017814546258253506,0.003969839835001598,0.6971371712225233
executive_officer_departure,gross,2024,covered_call,21,46,0.014842145168818797,0.01142454099903419,-0.002815192463599984,-0.4400298173745014
executive_officer_departure,gross,2024,covered_call,42,44,0.030868566493588424,0.022525396842496177,-0.00010664307757322768,-0.01092806465988909
executive_officer_departure,gross,2024,covered_call,63,44,0.059090907804964794,0.0324235922642964,0.025394460516992023,1.9222940978524183
executive_officer_departure,gross,2024,covered_call,exp,41,0.04688942554539452,0.044389377273518445,0.0032298994216649664,0.22587511300975832
executive_officer_departure,gross,2024,protective_put,1,46,-0.0035076460976900827,0.0016713804090251873,-0.005098335522929069,-3.094468203473804
executive_officer_departure,gross,2024,protective_put,2,45,-0.0019913121063042274,0.0018576010777538944,-0.0031102706559853546,-1.2712514965492236
executive_officer_departure,gross,2024,protective_put,3,46,-0.0049753097261012475,0.0031815822814644443,-0.008303417708994124,-2.65080442810323
executive_officer_departure,gross,2024,protective_put,5,46,0.00018818871735277613,0.004424271861260404,-0.003726002975863224,-0.8416860500413527
executive_officer_departure,gross,2024,protective_put,10,46,0.011974587531071456,0.006218145780745662,0.004577431805117374,0.6059756255052815
executive_officer_departure,gross,2024,protective_put,21,46,0.013553546744588505,0.013706206940249722,-0.003901711702122302,-0.48369491895026046
executive_officer_departure,gross,2024,protective_put,42,44,0.031931180184961855,0.020333086096900117,0.003959981288977596,0.29935108086605017
executive_officer_departure,gross,2024,protective_put,63,43,0.06887596100853048,0.027962918722421716,0.03913151757926664,1.772029537534159
executive_officer_departure,gross,2024,protective_put,exp,38,0.04289513019502861,0.025414310020809405,0.016620623238642454,0.7153689327976168
executive_officer_departure,gross,2024,collar,1,46,-0.0013295962999361692,0.00042241085727648614,-0.0016370217133881433,-1.1966180552449026
executive_officer_departure,gross,2024,collar,2,45,0.0005087669649064161,0.0009052761139124047,7.959414540128242e-05,0.05857270388162258
executive_officer_departure,gross,2024,collar,3,46,-0.002053022063825,0.001417452942214917,-0.0036811422527427778,-2.148781976645323
executive_officer_departure,gross,2024,collar,5,46,6.924977495490378e-05,0.0013114610982222173,-0.001162313973173449,-0.5494226682292143
executive_officer_departure,gross,2024,collar,10,46,0.005433013184619527,0.0024973321468826117,0.002191800744440836,0.6773956988687683
executive_officer_departure,gross,2024,collar,21,45,0.009213612953338097,0.007090007948606429,-5.0085636213754306e-05,-0.012183934998060737
executive_officer_departure,gross,2024,collar,42,44,0.020777073873039512,0.011777484399777726,0.005040904484132493,0.7715472164971054
executive_officer_departure,gross,2024,collar,63,43,0.04157754748043688,0.0203372290886886,0.021604960637649273,2.559820412107824
executive_officer_departure,gross,2024,collar,exp,37,0.02853767742692411,0.023467581385408613,0.00727785127725519,0.6723124286347967
executive_officer_departure,gross,2024,cash_secured_put,1,46,-0.0010358231125228387,0.0009657877043994562,-0.002091526841134268,-2.6279778843167363
executive_officer_departure,gross,2024,cash_secured_put,2,47,-0.001356763111817251,0.0010980088234211999,-0.0023696985638128384,-2.1025000831501193
executive_officer_departure,gross,2024,cash_secured_put,3,46,-0.0013420326605673282,0.001088379544706681,-0.0027776385443097316,-1.6968725805200935
executive_officer_departure,gross,2024,cash_secured_put,5,47,0.0005566441359375707,0.0008439191299978204,-0.00015267580750362515,-0.0897397844851394
executive_officer_departure,gross,2024,cash_secured_put,10,47,0.0028426195587030233,-0.0010791534848893492,0.002037726306366699,0.7567909039584296
executive_officer_departure,gross,2024,cash_secured_put,21,47,0.004203237312496686,0.00293527205042422,-0.0007472452710384558,-0.283796075072011
executive_officer_departure,gross,2024,cash_secured_put,42,47,0.009981943912261228,0.007100491278489647,0.0007446365754858043,0.19225922143206317
executive_officer_departure,gross,2024,cash_secured_put,63,45,0.015423841222332493,0.008111444346972209,0.005732823908483698,1.001644828236266
executive_officer_departure,gross,2024,cash_secured_put,exp,40,0.011550523861540315,0.014039231211213797,0.0020553272404655494,0.32743518999740645
executive_officer_departure,gross,2024,stock,1,48,-0.004953719296268457,0.002637093917312669,-0.007562260957724124,-3.2424157984983784
executive_officer_departure,gross,2024,stock,2,46,-0.003964512273335111,0.0030404374144374804,-0.006141466931850509,-1.8347862246312177
executive_officer_departure,gross,2024,stock,3,47,-0.0067892842816598045,0.004533659301058415,-0.011791376477839247,-2.621451061873725
executive_officer_departure,gross,2024,stock,5,47,0.001051559488397663,0.006682320488105857,-0.0056032116470654866,-0.9067290945580126
executive_officer_departure,gross,2024,stock,10,47,0.016069937936726748,0.005948736925414919,0.005412660064720381,0.528729616516072
executive_officer_departure,gross,2024,stock,21,47,0.019787958427679966,0.019122709378569958,-0.007363790240751273,-0.7139780496452983
executive_officer_departure,gross,2024,stock,42,44,0.04202267280551077,0.03304583143393798,-0.002679807782987367,-0.1683802020303148
executive_officer_departure,gross,2024,stock,63,44,0.08637801949464934,0.0403182224300341,0.04340239624323466,1.7096211268194674
executive_officer_departure,gross,2024,stock,exp,43,0.07243424929580668,0.05032126639031378,0.015333582281910375,0.5778004809277014
executive_officer_departure,gross,2025,long_call,1,68,-9.89934674799482e-05,-5.484307704266051e-05,-0.00021231435802091867,-0.28757095699507007
executive_officer_departure,gross,2025,long_call,2,68,0.003079300289027511,-0.0010203445735796977,0.003945866214882555,1.490193225367256
executive_officer_departure,gross,2025,long_call,3,67,0.0003301052754205472,-0.001557574891763608,0.0017082054813082638,0.5518820664869555
executive_officer_departure,gross,2025,long_call,5,67,-0.00028666101059174527,-0.00040563565385100746,-0.0003362347790006334,-0.07104124954649041
executive_officer_departure,gross,2025,long_call,10,67,-0.0038502285027801593,0.0027849351491989484,-0.0072418591548098574,-1.7013333717355184
executive_officer_departure,gross,2025,long_call,21,67,-0.007044308206805334,0.0012942923485149836,-0.008085348372123583,-1.2900664961624224
executive_officer_departure,gross,2025,long_call,42,67,-0.0023580873648120842,0.007675598047912122,-0.010446582434473476,-1.038949313618691
executive_officer_departure,gross,2025,long_call,63,64,-0.010598231212056684,0.010344784360354093,-0.02503385518014316,-1.805012789804118
executive_officer_departure,gross,2025,long_call,exp,64,-0.011701860018955583,0.016887863535360734,-0.034322791090221794,-2.208695157202261
executive_officer_departure,gross,2025,covered_call,1,67,-0.00023508511904780027,0.0005597743212693818,-0.0011343022646223722,-0.9153313752612586
executive_officer_departure,gross,2025,covered_call,2,67,0.003539161108734085,-0.0005979535181899368,0.003673424757428732,1.3936798802537111
executive_officer_departure,gross,2025,covered_call,3,65,0.0008892043613838839,-0.0005920487240267816,0.0009461029711461898,0.2820288637380157
executive_officer_departure,gross,2025,covered_call,5,63,-0.0036708193401348305,0.0002377146718848564,-0.004847541644589442,-0.9579956221587687
executive_officer_departure,gross,2025,covered_call,10,65,-0.00449005712911458,0.0053648868830938334,-0.010770709061911247,-2.3943085305837
executive_officer_departure,gross,2025,covered_call,21,63,-0.006262605456555161,0.005057151897420037,-0.00953850683861421,-1.3026378372971368
executive_officer_departure,gross,2025,covered_call,42,63,0.0004640543806195359,0.011403185675809441,-0.012362874814092322,-1.2977460190897319
executive_officer_departure,gross,2025,covered_call,63,61,0.006324574291999038,0.021951852364636083,-0.025672238097621723,-2.135759659524247
executive_officer_departure,gross,2025,covered_call,exp,56,0.02600260899401961,0.03771139844702481,-0.02191224711580597,-1.7301972820575855
executive_officer_departure,gross,2025,protective_put,1,65,0.00011270530840206784,0.0007491005205444447,-0.0008781116496994738,-0.7650492781636244
executive_officer_departure,gross,2025,protective_put,2,65,0.00322825699564155,-0.0009482061813384977,0.0040444910728120245,1.388340962672208
executive_officer_departure,gross,2025,protective_put,3,63,-0.0005100575493929628,-0.001011669810767391,0.0009024720669647689,0.2409428907137971
executive_officer_departure,gross,2025,protective_put,5,63,-0.0023817367968946893,0.00027815569030721865,-0.003353279373243436,-0.5270204648359689
executive_officer_departure,gross,2025,protective_put,10,63,-0.006491592634865175,0.005879457277608454,-0.014010811301000332,-2.7397315811747287
executive_officer_departure,gross,2025,protective_put,21,60,-0.010397349391382319,0.006159236624504686,-0.015044142365458302,-2.2065508854459797
executive_officer_departure,gross,2025,protective_put,42,61,0.004337508969435159,0.014232317235828672,-0.0115918658723284,-1.0056387628138073
executive_officer_departure,gross,2025,protective_put,63,60,-0.003821754406341274,0.022552314992453037,-0.031202404869526572,-1.815751176118089
executive_officer_departure,gross,2025,protective_put,exp,58,-0.0002502774889076527,0.019167098164908195,-0.029088912986911276,-1.67975673913763
executive_officer_departure,gross,2025,collar,1,64,-0.00030203819117176773,0.0006719494295726508,-0.0013157855863529702,-1.2505632488689087
executive_officer_departure,gross,2025,collar,2,64,0.0028792360285506873,-0.00021859135198810673,0.002674253179736399,1.0258097080572903
executive_officer_departure,gross,2025,collar,3,62,0.0015565606287592044,-0.00013681190710052748,0.001455946090351534,0.5148481901829896
executive_officer_departure,gross,2025,collar,5,61,-0.0014828989404892122,0.0006208577008983317,-0.0029468248921017117,-0.8444273864399015
executive_officer_departure,gross,2025,collar,10,63,-0.002280694476901746,0.0031269495192958966,-0.005957968322181337,-2.627364337950316
executive_officer_departure,gross,2025,collar,21,59,-0.0025194235998087194,0.00420498380801528,-0.0064079639933869075,-2.147083641804525
executive_officer_departure,gross,2025,collar,42,61,0.0007810205937738782,0.008121797706298796,-0.008716740111431203,-2.0979111388753577
executive_officer_departure,gross,2025,collar,63,58,0.000801539026532135,0.014548401398053324,-0.01599587747295758,-2.535299759641356
executive_officer_departure,gross,2025,collar,exp,52,0.012139934663326274,0.01757935008758133,-0.009762695892028224,-1.2396396578917597
executive_officer_departure,gross,2025,cash_secured_put,1,65,-0.00025282408826001276,-2.8694600210197095e-05,-0.00012989031410411605,-0.23276214610884352
executive_officer_departure,gross,2025,cash_secured_put,2,65,0.0002307710590248161,-0.00026646788720473226,0.0006018892649609323,0.6193955286439627
executive_officer_departure,gross,2025,cash_secured_put,3,65,-0.0016122891534826134,-0.00035743929386888726,-0.0011795465159967914,-0.803931827203614
executive_officer_departure,gross,2025,cash_secured_put,5,66,-0.0023225458572800825,-0.00026765460737759075,-0.0022187704147204035,-1.039451473021569
executive_officer_departure,gross,2025,cash_secured_put,10,66,-0.0025659764988677134,0.0014499269402173567,-0.004248706435261024,-1.5555174009265174
executive_officer_departure,gross,2025,cash_secured_put,21,62,-0.006989017548640302,0.00083265740979521,-0.006816316919285804,-1.664303643057547
executive_officer_departure,gross,2025,cash_secured_put,42,66,-0.0039180989528100965,0.0007955742668101904,-0.004389156539220574,-0.8320226891140455
executive_officer_departure,gross,2025,cash_secured_put,63,63,0.0046465491189042855,0.005275647994955135,-0.004361986955876419,-0.6420771293961511
executive_officer_departure,gross,2025,cash_secured_put,exp,63,0.015008883805070343,0.009866936167630604,-0.004389446994276061,-0.6950109111560937
executive_officer_departure,gross,2025,stock,1,68,0.0002545254150469009,0.0004956426415034316,-0.000545887098818828,-0.4038802887763249
executive_officer_departure,gross,2025,stock,2,68,0.004159470281569592,-0.0013340201081036744,0.005372666665258034,1.6402220638603195
executive_officer_departure,gross,2025,stock,3,66,-0.0008868464596336488,-0.001508399723814014,0.00045453372995437295,0.10276494051746174
executive_officer_departure,gross,2025,stock,5,65,-0.0044938697644684444,-1.7596526201160975e-05,-0.0052895806530544485,-0.6827833660622356
executive_officer_departure,gross,2025,stock,10,65,-0.008576740510326527,0.007904289675496433,-0.018246762546942692,-2.5462914507636594
executive_officer_departure,gross,2025,stock,21,65,-0.011000702321189557,0.007069855230204837,-0.01712333079477359,-1.533732912734105
executive_officer_departure,gross,2025,stock,42,63,0.003917538254874435,0.0190566369382419,-0.01815707169836833,-1.0845975961282834
executive_officer_departure,gross,2025,stock,63,63,0.0005078476413369665,0.030188389296807304,-0.041415307449207676,-1.9000503197736378
executive_officer_departure,gross,2025,stock,exp,61,0.014038856588690161,0.04580015342111087,-0.04617861392946036,-2.070222111126334
executive_officer_departure,net,all,long_call,1,116,-0.007886613269524305,-0.006360608545159897,-0.001618122176822136,-1.9610633885907351
executive_officer_departure,net,all,long_call,2,116,-0.005805200048862187,-0.00688474383575244,0.0011606584991893762,0.6509150219895795
executive_officer_departure,net,all,long_call,3,115,-0.008347912322386462,-0.006782265576212657,-0.0017376967535836063,-0.788822292127133
executive_officer_departure,net,all,long_call,5,115,-0.006622532743448465,-0.005411064046676039,-0.0013863764852590306,-0.433550450165015
executive_officer_departure,net,all,long_call,10,115,-0.005119406436073074,-0.0032994732446052274,-0.002604929824390073,-0.6958026053524139
executive_officer_departure,net,all,long_call,21,115,-0.007531429327120486,-0.002399374002684225,-0.005890090315462658,-1.2870060561443344
executive_officer_departure,net,all,long_call,42,112,-0.0007913086934686451,0.0026058271491464576,-0.0052675881533840035,-0.7360498569198338
executive_officer_departure,net,all,long_call,63,110,0.004526391286541008,0.004909783612291151,-0.0019259441560175725,-0.16690765040318425
executive_officer_departure,net,all,long_call,exp,109,0.0014104258633165518,0.009889595162738542,-0.01282041869275483,-1.0435696164358732
executive_officer_departure,net,all,covered_call,1,115,-0.005175688029987565,-0.003361629282517892,-0.0020864625265580184,-1.8005981951126542
executive_officer_departure,net,all,covered_call,2,113,-0.002460730047238664,-0.0037058852376698824,0.0012232489313912386,0.6956608508868997
executive_officer_departure,net,all,covered_call,3,112,-0.005118078115592196,-0.0034269913458274777,-0.0023402595802282313,-0.9930704739827265
executive_officer_departure,net,all,covered_call,5,110,-0.005934611702578055,-0.002775783974113754,-0.0038947489110192565,-1.1749662663229201
executive_officer_departure,net,all,covered_call,10,112,-0.002475902423033472,-0.0004264737382432503,-0.004189278582148811,-1.1714732608202523
executive_officer_departure,net,all,covered_call,21,109,-0.0013477331805829876,0.0035430724437077224,-0.0064719242260686816,-1.3034556355657405
executive_officer_departure,net,all,covered_call,42,107,0.00912534191804981,0.011910992695588091,-0.006870877350862164,-1.0004663852258213
executive_officer_departure,net,all,covered_call,63,105,0.024574200360766688,0.022137692236921833,-0.003876994733620255,-0.4086360459520254
executive_officer_departure,net,all,covered_call,exp,97,0.03103797669972214,0.03635411481281918,-0.010941801724490784,-1.1528707959510793
executive_officer_departure,net,all,protective_put,1,111,-0.005023583276377701,-0.002794364433958103,-0.0023860352591097748,-2.3400513892797443
executive_officer_departure,net,all,protective_put,2,110,-0.00257570341632292,-0.00370363955012882,0.0013719828181728113,0.6796548990696287
executive_officer_departure,net,all,protective_put,3,109,-0.0060649209899643515,-0.003182578575426846,-0.002738135337511657,-1.0447533052750453
executive_officer_departure,net,all,protective_put,5,109,-0.0049399358392706256,-0.001887042192104783,-0.0032641463119640157,-0.7866388607756577
executive_officer_departure,net,all,protective_put,10,109,-0.002344222681362899,0.002081064376698415,-0.0059602030000252965,-1.3584275757162607
executive_officer_departure,net,all,protective_put,21,106,-0.003703832586657679,0.005411863744401267,-0.009999729591433205,-1.9183458987638562
executive_officer_departure,net,all,protective_put,42,105,0.012241824547595896,0.01284745066374114,-0.004776443881792044,-0.5535531498148845
executive_officer_departure,net,all,protective_put,63,103,0.0228350581732078,0.020810524079636215,-0.0015523511490970344,-0.10875506794899013
executive_officer_departure,net,all,protective_put,exp,96,0.013151280476198355,0.017803715553170587,-0.010717579633651839,-0.7674490711900809
executive_officer_departure,net,all,collar,1,110,-0.008191569084583792,-0.007371304232388291,-0.0010393270462297167,-1.0466682215159775
executive_officer_departure,net,all,collar,2,109,-0.005641574013077611,-0.007688369242664109,0.001960150233309727,1.2117903384008721
executive_officer_departure,net,all,collar,3,108,-0.007518293953528347,-0.007417834270556284,-0.00039732139117145846,-0.22032321910919564
executive_officer_departure,net,all,collar,5,107,-0.008268466178804086,-0.006980278989687859,-0.001776947442808729,-0.7921222536893772
executive_officer_departure,net,all,collar,10,109,-0.0063322963744786125,-0.005110732315711306,-0.0019670501406063427,-1.0081905203728252
executive_officer_departure,net,all,collar,21,104,-0.004812941773067873,-0.002500777049636562,-0.0031533391837391084,-1.2628118749458639
executive_officer_departure,net,all,collar,42,105,0.0018437830230655533,0.0017020497568365725,-0.0022435837007748634,-0.5985166627906778
executive_officer_departure,net,all,collar,63,101,0.01075022672745331,0.008896270633651827,0.000645135804762085,0.11283698004100547
executive_officer_departure,net,all,collar,exp,89,0.011554702034592317,0.012065983148894248,-0.0021847969343157395,-0.3438305968878691
executive_officer_departure,net,all,cash_secured_put,1,111,-0.004013272947236638,-0.0033397584032697253,-0.0007039274258755454,-1.3019198500634654
executive_officer_departure,net,all,cash_secured_put,2,112,-0.003874461924344539,-0.003422950922731318,-0.0003933076933153243,-0.5110479817906018
executive_officer_departure,net,all,cash_secured_put,3,111,-0.004953599994114001,-0.003475976526239875,-0.0015937240241320277,-1.4018544795559862
executive_officer_departure,net,all,cash_secured_put,5,113,-0.0045476223860523865,-0.003510132963141517,-0.0011173909891173356,-0.7583124703109311
executive_officer_departure,net,all,cash_secured_put,10,113,-0.003738999177864836,-0.003343844383892552,-0.001383502070368563,-0.6961042258745636
executive_officer_departure,net,all,cash_secured_put,21,109,-0.0056215923820182225,-0.0019863938330135266,-0.004005850346910546,-1.5305644893726338
executive_officer_departure,net,all,cash_secured_put,42,113,-0.0015592809242627275,-0.0002615657657124277,-0.0019891972227378154,-0.5751026903673966
executive_officer_departure,net,all,cash_secured_put,63,108,0.005691145013256309,0.002675938074072614,0.00016626320260546625,0.0356849571271228
executive_officer_departure,net,all,cash_secured_put,exp,103,0.010178176192959602,0.007845677084230524,-0.0016375013433824527,-0.3609542975729348
executive_officer_departure,net,all,stock,1,116,-0.002100610327566352,0.0012041371221497741,-0.003449214212848606,-2.646855689034498
executive_officer_departure,net,all,stock,2,114,0.0006813720576606764,0.00032181035600469416,0.0007266127576528321,0.30121100406177065
executive_officer_departure,net,all,stock,3,113,-0.003541842721892315,0.0008548980443136836,-0.004638897949393415,-1.4346272364281896
executive_officer_departure,net,all,stock,5,112,-0.0023667699887121303,0.002624792510171514,-0.005421193659469793,-1.0511608098920382
executive_officer_departure,net,all,stock,10,112,0.0015660620522761869,0.006874661236067913,-0.008318254843834085,-1.3866773774754442
executive_officer_departure,net,all,stock,21,112,0.0017195392430681895,0.011983187293147615,-0.013027809312282078,-1.6805026453118033
executive_officer_departure,net,all,stock,42,107,0.01938693937850058,0.02479144672429479,-0.011792589340641582,-1.0042842282219901
executive_officer_departure,net,all,stock,63,107,0.03561894634737195,0.034285894262418674,-0.006536999388764102,-0.378842820341801
executive_officer_departure,net,all,stock,exp,104,0.03798310549644025,0.047518201347439365,-0.020745686649758985,-1.1984231066224535
executive_officer_departure,net,2024,long_call,1,48,-0.009584381957019744,-0.005170692163867417,-0.004317325809774964,-2.942045268957318
executive_officer_departure,net,2024,long_call,2,48,-0.00905688282880519,-0.005211080917038292,-0.0034832796603975085,-1.7345558624719715
executive_officer_departure,net,2024,long_call,3,48,-0.011231214446846246,-0.004239880728951409,-0.007161980445307138,-2.59396266992954
executive_officer_departure,net,2024,long_call,5,48,-0.0062365895980818035,-0.0025913461533802703,-0.0034429676977339296,-0.8937621809304139
executive_officer_departure,net,2024,long_call,10,48,0.002215161909071707,-0.0018674740836775612,0.0030718235925738546,0.4631789825700401
executive_officer_departure,net,2024,long_call,21,48,0.0010236626369901618,0.0023529603186620883,-0.003486452679537984,-0.5200918453304749
executive_officer_departure,net,2024,long_call,42,45,0.011254655152699907,0.005509140025384135,0.001605582817321542,0.1579664862216956
executive_officer_departure,net,2024,long_call,63,46,0.03480716155772051,0.007153276903118765,0.029650510372076912,1.5937859609151226
executive_officer_departure,net,2024,long_call,exp,45,0.029415627700924665,0.009919273271297874,0.017178057662443635,0.8988543319446045
executive_officer_departure,net,2024,covered_call,1,48,-0.00618074839230905,-0.0025685830117308517,-0.0036253478146969858,-1.7862499458014698
executive_officer_departure,net,2024,covered_call,2,46,-0.0050523650430786896,-0.0019009527745006626,-0.0025760665533570023,-1.1350011096566843
executive_officer_departure,net,2024,covered_call,3,47,-0.007547403802097807,-0.0012491712378050717,-0.0070344075780864514,-2.1546252778810486
executive_officer_departure,net,2024,covered_call,5,47,-0.003167028978769533,-0.0008719217156094404,-0.0026613880900406743,-0.691909403422417
executive_officer_departure,net,2024,covered_call,10,47,0.005838222999247244,-0.00215867637430546,0.004324458566352016,0.7593464326746544
executive_officer_departure,net,2024,covered_call,21,46,0.011295190226187279,0.007501136044754319,-0.002326742023479793,-0.3670551182947753
executive_officer_departure,net,2024,covered_call,42,44,0.027181428152264642,0.01860209846728454,0.00032148442330532913,0.03300579241277823
executive_officer_departure,net,2024,covered_call,63,44,0.05558239697095965,0.02843335739761219,0.02601199383930054,1.9717428874139666
executive_officer_departure,net,2024,covered_call,exp,41,0.04330758553327391,0.04048457397173117,0.003584007093483261,0.2504842380760364
executive_officer_departure,net,2024,protective_put,1,46,-0.006612468244278025,-0.0018044488512725199,-0.004800629985002331,-2.881969869474385
executive_officer_departure,net,2024,protective_put,2,45,-0.005164311800554482,-0.0016310595773956188,-0.0027826869581043627,-1.1315636279496493
executive_officer_departure,net,2024,protective_put,3,46,-0.008121989128208142,-0.0003083955378075805,-0.007965933046633362,-2.5109271396287256
executive_officer_departure,net,2024,protective_put,5,46,-0.0029567152746792767,0.000976749631364101,-0.0034490655220707016,-0.7672880620866414
executive_officer_departure,net,2024,protective_put,10,46,0.008869765384483523,0.002734947795159356,0.004899455422430377,0.6446384642969034
executive_officer_departure,net,2024,protective_put,21,46,0.010415463529895053,0.010203903344280047,-0.0035398183848478187,-0.44035808541748567
executive_officer_departure,net,2024,protective_put,42,44,0.028753279253113915,0.016848925841121454,0.004304936702857178,0.3252962434036685
executive_officer_departure,net,2024,protective_put,63,43,0.06570681945607183,0.024352642204590134,0.039511232509457664,1.792535752031252
executive_officer_departure,net,2024,protective_put,exp,38,0.039609490680095,0.021892612923513684,0.01676537548318709,0.722368497227764
executive_officer_departure,net,2024,collar,1,46,-0.00786492350396813,-0.00673180318218014,-0.0010059913039023557,-0.6466076577779059
executive_officer_departure,net,2024,collar,2,45,-0.006205488874800309,-0.006271653955458943,0.0006206749014567772,0.43389071148462593
executive_officer_departure,net,2024,collar,3,46,-0.008696697023299579,-0.005737395046947271,-0.003083779000764941,-1.6214874993138717
executive_officer_departure,net,2024,collar,5,46,-0.006395105677565642,-0.005776731638993886,-0.0004710038872326536,-0.20691845038437653
executive_officer_departure,net,2024,collar,10,46,-0.0011023140194124366,-0.004668369352531576,0.002845519250371002,0.8614368330464105
executive_officer_departure,net,2024,collar,21,45,0.002733651190840622,-8.661260784265582e-05,0.0007937039824213733,0.19745980061971422
executive_officer_departure,net,2024,collar,42,44,0.01411203459986781,0.004628748803260503,0.0057556093595008935,0.8829844963869323
executive_officer_departure,net,2024,collar,63,43,0.03505795923953976,0.012914549977363302,0.02257344012686586,2.6785515233244177
executive_officer_departure,net,2024,collar,exp,37,0.021835426313961938,0.016259875478689272,0.007697116016587003,0.709686208158251
executive_officer_departure,net,2024,cash_secured_put,1,46,-0.003940645259110779,-0.0023095854448126505,-0.0017943765688769597,-2.026441971830355
executive_officer_departure,net,2024,cash_secured_put,2,47,-0.004280208614381515,-0.0021906518317283126,-0.002033881644186543,-1.7490259677697664
executive_officer_departure,net,2024,cash_secured_put,3,46,-0.00428871206267422,-0.002199795777369025,-0.002439684963970179,-1.470510915483077
executive_officer_departure,net,2024,cash_secured_put,5,47,-0.002366801366626695,-0.002402158024589658,0.00013240332421897148,0.07496009320477438
executive_officer_departure,net,2024,cash_secured_put,10,47,-8.082594386124335e-05,-0.004330809468711861,0.002329452553773588,0.8625912924310403
executive_officer_departure,net,2024,cash_secured_put,21,47,0.0012797918099324182,-0.000312834786647823,-0.00045974779422786906,-0.18047254021756795
executive_officer_departure,net,2024,cash_secured_put,42,47,0.00705849840969696,0.003830927017215677,0.0010538439071490302,0.28070539114631554
executive_officer_departure,net,2024,cash_secured_put,63,45,0.012493628944834939,0.004723840018745086,0.006116078672705784,1.0819136220197787
executive_officer_departure,net,2024,cash_secured_put,exp,40,0.008523557128716266,0.010690405365013672,0.002261664926716921,0.36265697023061877
executive_officer_departure,net,2024,stock,1,48,-0.005153719296268459,0.002437093917312668,-0.007562260957724126,-3.242415798498379
executive_officer_departure,net,2024,stock,2,46,-0.004164512273335111,0.0028404374144374795,-0.00614146693185051,-1.8347862246312179
executive_officer_departure,net,2024,stock,3,47,-0.006989284281659807,0.004333659301058415,-0.011791376477839247,-2.621451061873725
executive_officer_departure,net,2024,stock,5,47,0.0008515594883976638,0.006482320488105857,-0.0056032116470654866,-0.9067290945580126
executive_officer_departure,net,2024,stock,10,47,0.015869937936726742,0.005748736925414921,0.005412660064720379,0.5287296165160718
executive_officer_departure,net,2024,stock,21,47,0.01958795842767997,0.018922709378569963,-0.007363790240751276,-0.7139780496452987
executive_officer_departure,net,2024,stock,42,44,0.04182267280551075,0.032845831433937996,-0.002679807782987369,-0.16838020203031492
executive_officer_departure,net,2024,stock,63,44,0.08617801949464933,0.04011822243003411,0.043402396243234664,1.7096211268194677
executive_officer_departure,net,2024,stock,exp,43,0.07223424929580667,0.05012126639031378,0.015333582281910386,0.5778004809277019
executive_officer_departure,net,2025,long_call,1,68,-0.006688188313645171,-0.007237389036638568,0.0002871980346739778,0.33980585050291445
executive_officer_departure,net,2025,long_call,2,68,-0.003509894557137715,-0.008117969144278652,0.004438732494191882,1.671804509236607
executive_officer_departure,net,2025,long_call,3,67,-0.006282263039191394,-0.008655601779457784,0.0021483572345168344,0.6834133229417083
executive_officer_departure,net,2025,long_call,5,67,-0.006899029325203689,-0.00748875091542029,8.700229382746397e-05,0.018256141824137175
executive_officer_departure,net,2025,long_call,10,67,-0.010374022563937994,-0.004354630521078243,-0.006671857645498556,-1.5458163092823627
executive_officer_departure,net,2025,long_call,21,67,-0.01366045043573707,-0.005901094028939407,-0.007612099368065408,-1.2121874378659885
executive_officer_departure,net,2025,long_call,42,67,-0.008881881425969912,0.0004665439771818539,-0.009883897014305634,-0.9920027508423374
executive_officer_departure,net,2025,long_call,63,64,-0.017237912345869265,0.0032566832927339597,-0.024621520848085474,-1.7851666175655534
executive_officer_departure,net,2025,long_call,exp,64,-0.01828073167875165,0.009867727082747451,-0.03391309738000373,-2.1971502968728203
executive_officer_departure,net,2025,covered_call,1,67,-0.00445564478533934,-0.003945979166255713,-0.000983977544010697,-0.7264549874357265
executive_officer_departure,net,2025,covered_call,2,67,-0.0006813985575574558,-0.005035835473689308,0.0038317341895765977,1.5163961407983304
executive_officer_departure,net,2025,covered_call,3,65,-0.003361488773041988,-0.0050317008991071464,0.0010539705105307915,0.32063337570613276
executive_officer_departure,net,2025,covered_call,5,63,-0.00799931627430822,-0.004178629848801143,-0.004814875237781054,-0.9522369764307234
executive_officer_departure,net,2025,covered_call,10,65,-0.008487654651451836,0.0008498860988552192,-0.010345365443372485,-2.2791662517392135
executive_officer_departure,net,2025,covered_call,21,63,-0.01057907408076445,0.0006266045271470739,-0.009498565199387549,-1.311260510231436
executive_officer_departure,net,2025,covered_call,42,63,-0.0034852579915605523,0.0069807042322328075,-0.011894114145518825,-1.2517439424439352
executive_officer_departure,net,2025,covered_call,63,61,0.0022076323140701364,0.017498781065886836,-0.025436265179661476,-2.1224133867923
executive_officer_departure,net,2025,covered_call,exp,56,0.022054870232300326,0.03331061859046299,-0.02157676889479321,-1.711055953816493
executive_officer_departure,net,2025,protective_put,1,65,-0.0038991416067867056,-0.0035237759159369524,-0.0006772451454011963,-0.5547817925530653
executive_officer_departure,net,2025,protective_put,2,65,-0.0007835899195472249,-0.005230803740563812,0.00424829266328778,1.4281861698950797
executive_officer_departure,net,2025,protective_put,3,63,-0.004562934730294284,-0.005300397655777885,0.001078986799307365,0.2805827712142278
executive_officer_departure,net,2025,protective_put,5,63,-0.006388001648337323,-0.003997204588345013,-0.003129125936330563,-0.48620388152181854
executive_officer_departure,net,2025,protective_put,10,63,-0.010532213967536473,0.0015992555420429855,-0.013889477403723089,-2.716136210696965
executive_officer_departure,net,2025,protective_put,21,60,-0.014528626276014773,0.0018808871971221642,-0.01495232818314867,-2.1885449275262725
executive_officer_departure,net,2025,protective_put,42,61,0.00033192279279601076,0.009898995269881958,-0.011326947910063619,-0.9878468638095572
executive_officer_departure,net,2025,protective_put,63,60,-0.007889704079511407,0.018200542303354373,-0.030981252771061223,-1.8098037542186145
executive_officer_departure,net,2025,protective_put,exp,58,-0.004183408967733933,0.014790843806602,-0.028723653675718733,-1.667955294158288
executive_officer_departure,net,2025,collar,1,64,-0.008426345595651296,-0.007842515532541668,-0.0010632871110275066,-0.8153722406736017
executive_officer_departure,net,2025,collar,2,64,-0.005245071375928839,-0.008732264717446864,0.0029019688260188323,1.1175804210720153
executive_officer_departure,net,2025,collar,3,62,-0.006643994901762587,-0.00865605264584713,0.0015958568353011259,0.5651251801625347
executive_officer_departure,net,2025,collar,5,61,-0.009681164261705214,-0.007867103353357104,-0.0027617573371775733,-0.7766520856696973
executive_officer_departure,net,2025,collar,10,63,-0.010151013649606296,-0.005436683972791101,-0.005480989695923137,-2.3179782069405315
executive_officer_departure,net,2025,collar,21,59,-0.010568817762489606,-0.00427963505937944,-0.006163795835895409,-2.00289686305208
executive_officer_departure,net,2025,collar,42,61,-0.007005447622496727,-0.00045446533000211356,-0.008013493449170492,-1.9088551252120802
executive_officer_departure,net,2025,collar,63,58,-0.007271023238403885,0.005935433222496,-0.015612055330590712,-2.4979607679297064
executive_officer_departure,net,2025,collar,exp,52,0.00437759263201353,0.0089345435426473,-0.009216158072458076,-1.1856140772092205
executive_officer_departure,net,2025,cash_secured_put,1,65,-0.004064671003448788,-0.004098833214764411,6.777504455622486e-05,0.10347727029779237
executive_officer_departure,net,2025,cash_secured_put,2,65,-0.003581075856163956,-0.0043309607792598485,0.0007929534711607882,0.8082927341895498
executive_officer_departure,net,2025,cash_secured_put,3,65,-0.005424136068671387,-0.004416320235934184,-0.0009950439744004118,-0.6417000405603759
executive_officer_departure,net,2025,cash_secured_put,5,66,-0.006100631293825221,-0.00432653554944289,-0.002007396030432584,-0.9123401705707802
executive_officer_departure,net,2025,cash_secured_put,10,66,-0.006344061935412849,-0.002616606952973064,-0.004027575817863734,-1.4615145487560228
executive_officer_departure,net,2025,cash_secured_put,21,62,-0.010853286850109837,-0.0032195426040198343,-0.006694024862653865,-1.6254869956885787
executive_officer_departure,net,2025,cash_secured_put,42,66,-0.007696184389355233,-0.0032770867636594506,-0.00415621136068754,-0.7838192571606803
executive_officer_departure,net,2025,cash_secured_put,63,63,0.0008322279192715718,0.001166957693787638,-0.0040836049903233305,-0.6003545135347198
executive_officer_departure,net,2025,cash_secured_put,exp,63,0.011228727979780773,0.0057495615089166174,-0.004113162467255068,-0.6500285868576324
executive_officer_departure,net,2025,stock,1,68,5.45254150469011e-05,0.00029564264150343115,-0.0005458870988188278,-0.4038802887763248
executive_officer_departure,net,2025,stock,2,68,0.003959470281569589,-0.0015340201081036748,0.005372666665258035,1.64022206386032
executive_officer_departure,net,2025,stock,3,66,-0.0010868464596336487,-0.0017083997238140157,0.00045453372995437214,0.10276494051746157
executive_officer_departure,net,2025,stock,5,65,-0.004693869764468441,-0.00021759652620116028,-0.0052895806530544485,-0.6827833660622356
executive_officer_departure,net,2025,stock,10,65,-0.008776740510326526,0.007704289675496435,-0.018246762546942692,-2.5462914507636594
executive_officer_departure,net,2025,stock,21,65,-0.011200702321189557,0.006869855230204837,-0.017123330794773593,-1.5337329127341055
executive_officer_departure,net,2025,stock,42,63,0.0037175382548744382,0.018856636938241893,-0.01815707169836833,-1.0845975961282834
executive_officer_departure,net,2025,stock,63,63,0.00030784764133695775,0.0299883892968073,-0.04141530744920768,-1.900050319773638
executive_officer_departure,net,2025,stock,exp,61,0.013838856588690157,0.04560015342111088,-0.04617861392946035,-2.0702221111263337
