ceo_id,name,ticker,tenure_start,tenure_end,listed_start,search_name
musk,Elon Musk,TSLA,2008-10-01,,2010-06-29,Elon Musk
huang,Jensen Huang,NVDA,1993-04-05,,1999-01-22,Jensen Huang
karp,Alex Karp,PLTR,2003-05-01,,2020-09-30,Alex Karp
zuckerberg,Mark Zuckerberg,META,2004-07-29,,2012-05-18,Mark Zuckerberg
cook,Tim Cook,AAPL,2011-08-24,,1980-12-12,Tim Cook
nadella,Satya Nadella,MSFT,2014-02-04,,1986-03-13,Satya Nadella
pichai,Sundar Pichai,GOOGL,2015-10-02,,2004-08-19,Sundar Pichai
jassy,Andy Jassy,AMZN,2021-07-05,,1997-05-15,Andy Jassy
su,Lisa Su,AMD,2014-10-08,,1979-01-01,Lisa Su
dimon,Jamie Dimon,JPM,2006-01-01,,1969-01-01,Jamie Dimon
armstrong,Brian Armstrong,COIN,2012-06-01,,2021-04-14,Brian Armstrong
benioff,Marc Benioff,CRM,1999-03-08,,2004-06-23,Marc Benioff
khosrowshahi,Dara Khosrowshahi,UBER,2017-09-05,,2019-05-10,Dara Khosrowshahi
gelsinger,Pat Gelsinger,INTC,2021-02-15,2024-12-01,1971-10-13,Pat Gelsinger
iger,Bob Iger,DIS,2022-11-20,,1957-11-12,Bob Iger
barra,Mary Barra,GM,2014-01-15,,2010-11-18,Mary Barra
farley,Jim Farley,F,2020-10-01,,1956-01-17,Jim Farley
saylor,Michael Saylor,MSTR,1989-11-17,2022-08-08,1998-06-11,Michael Saylor
moynihan,Brian Moynihan,BAC,2010-01-01,,1973-01-01,Brian Moynihan
solomon,David Solomon,GS,2018-10-01,,1999-05-04,David Solomon
