year,SWML_in_gross,SWML_in_net,WML_in_gross,WML_in_net,WML_all_gross,WML_all_net
2007,0.2033,0.1476,0.1933,0.1380,0.5295,0.5067
2008,0.2023,0.1466,0.2661,0.2077,-0.0247,-0.0374
2009,-0.0954,-0.1314,-0.0381,-0.0835,-0.5561,-0.5641
2010,0.1145,0.0885,-0.0017,-0.0486,0.0318,0.0149
2011,0.0108,-0.0289,0.0284,-0.0198,0.0946,0.0792
2012,0.1009,0.0496,0.1296,0.0770,0.1390,0.1235
2013,0.0413,-0.0074,0.0401,-0.0086,0.3036,0.2874
2014,0.0818,0.0313,0.0204,-0.0274,-0.0289,-0.0413
2015,0.2179,0.1616,0.1990,0.1435,0.3621,0.3457
2016,-0.0609,-0.1052,-0.0625,-0.1067,-0.2144,-0.2263
2017,0.0242,-0.0238,0.0243,-0.0237,0.0571,0.0425
2018,-0.0464,-0.0914,-0.0414,-0.0866,0.1201,0.1058
2019,0.0612,0.0116,0.0436,-0.0053,0.0301,0.0161
2020,0.1656,0.1115,0.1281,0.0756,0.3640,0.3460
2021,0.1351,0.1086,0.2141,0.1579,-0.0185,-0.0327
2022,0.2526,0.1947,0.2098,0.1537,0.5578,0.5386
2023,0.0214,-0.0265,0.0188,-0.0290,-0.1849,-0.1969
2024,0.1625,0.1085,0.1406,0.0876,0.4092,0.3894
2025,0.0530,0.0037,0.0091,-0.0383,0.2062,0.1902
2026,0.0603,0.0229,0.0447,0.0078,0.1108,0.1006
