id,ceo,ticker,statement_date,venue,on_video,statement_paraphrase,contradicting_event_date,contradicting_event,stock_reaction,sources,verdict,safe_wording
C01,"Elon Musk (prior reassurance came from Lars Moravy, VP Vehicle Engineering, not Musk)",TSLA,2025-02-24,"Ride the Lightning podcast interview (Moravy); reversal by Musk on Q4 2025 earnings call","podcast audio (video URL UNVERIFIED); earnings call = audio webcast","Moravy: Model S/X 'not going anywhere anytime soon', refresh coming in 2025, no immediate plans to change",2026-01-28,"Musk on Q4 2025 call (5:30pm ET): wind down and stop Model S/X production next quarter; convert Fremont S/X space to an Optimus line (long-run 1M units/yr). Last cars built ~May 2026","TSLA 2026-01-29: -3.45% raw, -3.25% vs SPY (1d), -4.57% 5d abnormal; confounded by Q4 results and capex guidance. Moravy podcast day 2025-02-24: -1.70% vs SPY","https://www.torquenews.com/11826/tesla-confirms-model-s-x-will-get-refresh-few-months-adds-there-no-plan-discontinue-vehicles ; https://electrek.co/2025/02/24/tesla-announces-model-s-and-model-x-refresh-later-this-year/ ; https://www.fool.com/earnings/call-transcripts/2026/01/28/tesla-tsla-q4-2025-earnings-call-transcript/ ; https://www.cnbc.com/2026/01/28/tesla-ending-model-s-x-production.html ; https://techcrunch.com/2026/01/28/tesla-is-killing-off-the-model-s-and-model-x/",partially_confirmed,"In Feb 2025 a Tesla engineering VP said the Model S/X were not going anywhere; about 11 months later CEO Elon Musk announced their end on the Q4 2025 call. We found no record of Musk himself denying a discontinuation about a month before."
C02,Alex Karp,PLTR,2025-12-03,"NYT DealBook Summit on-stage interview with Andrew Ross Sorkin",yes,"Anecdote checked: Karp 'does handstands before earnings calls'. Not documented. Documented instead: visible fidgeting/restlessness on stage; he describes dyslexia as formative; daily cross-country skiing and tai chi/qigong",2025-12-07,"Palantir announced a 'Neurodivergent Fellowship' (inviting people 'unable to sit still'); viral clips of Karp doing handstand push-ups on a chair were described by multiple outlets as AI-generated","PLTR 2025-12-03: +3.16% raw (+2.81% vs SPY); 2025-12-08: -0.15% (+0.15% vs SPY). No contradiction event","https://ca.news.yahoo.com/alex-karps-body-language-viral-142846277.html ; https://futurism.com/future-society/palantir-joke-ceo-cocaine ; https://magicmeme.com/meme/alex-karp-handstand-using-a-chair-ai-generated ; https://www.insidehook.com/wellness/palantir-ceo-alex-karp-workout-routine",unverifiable,"No credible source documents a handstand or any other pre-earnings ritual by Alex Karp. Handstand clips that circulated after his Dec 2025 DealBook appearance were described as AI-generated."
C03,Elon Musk,TSLA,2019-04-22,"Tesla Autonomy Investor Day (livestream)",yes,"'Next year for sure, we'll have over a million robotaxis on the road' (fast-forward a year, maybe a year and three months)",2022-07-28,"No robotaxi fleet in 2020. California DMV filed accusations (public 2022-08-05) that Autopilot/FSD marketing was misleading; an ALJ ruled the marketing deceptive on 2025-12-16 (suspension stayed; Tesla later dropped 'Autopilot' wording)","TSLA 2019-04-23: -0.46% vs SPY (statement); 2022-08-05: -6.63% raw, -6.46% vs SPY (DMV news, confounded by macro day); 2025-12-16: +3.34% vs SPY (ALJ ruling, no negative reaction)","https://www.cnbc.com/2019/04/22/elon-musk-says-tesla-robotaxis-will-hit-the-market-next-year.html ; https://techcrunch.com/2019/04/22/tesla-plans-to-launch-a-robotaxi-network-in-2020/ ; https://www.engadget.com/2019-04-22-tesla-elon-musk-self-driving-robo-taxi.html ; https://www.cnbc.com/2022/08/05/california-dmv-says-tesla-fsd-autopilot-marketing-deceptive.html ; https://www.engadget.com/transportation/evs/tesla-used-deceptive-language-to-market-autopilot-california-judge-rules-035826786.html",confirmed,"Musk's 2019 prediction of over a million robotaxis by 2020 did not materialize; California's DMV later challenged, and a judge found deceptive, Tesla's Autopilot/FSD marketing (the ruling addressed marketing generally, not this quote)."
C04,Elon Musk,TSLA,2022-04-28,"Tweet on X/Twitter (text, not spoken)",no,"'No further TSLA sales planned after today'",2022-08-09,"Form 4s filed late 8/9 showed ~$6.9B of TSLA sold Aug 5-9 2022; further sales ~$3.95B (Nov 2022) and ~$3.6B (Dec 2022)","TSLA 2022-04-29: -0.77% raw (+2.93% vs SPY); 2022-08-10: +3.89% raw (+1.79% vs SPY); 2022-11-09: -5.11% vs SPY","https://electrek.co/2022/08/09/elon-musk-sells-massive-6-5-billion-chunk-of-tesla-tsla-stake/ ; https://www.cnn.com/2022/08/09/investing/elon-musk-tesla-stock-sale/index.html ; https://gizmodo.com/elon-musk-tesla-stock-price-billion-wouldnt-sell-more-1849393836 ; https://www.cnn.com/2022/11/08/business/elon-musk-tesla-stock-sale-twitter-purchase",confirmed,"Musk's April 2022 post said no further TSLA sales were planned; SEC filings show further sales in Aug, Nov and Dec 2022. Text, not spoken: not usable for audio/video features."
C05,Elon Musk,TSLA,2018-08-07,"Tweet on X/Twitter (text, not spoken)",no,"'Am considering taking Tesla private at $420. Funding secured.'",2018-09-27,"SEC complaint alleging the tweets lacked adequate basis; settled 2018-09-29 ($20M each from Musk and Tesla, Musk stepped down as chairman, no admit/deny). Feb 2023 jury found Musk/Tesla not liable in the investor class action","TSLA 2018-08-07: +10.99% raw (+10.66% vs SPY); 2018-09-28: -13.90% raw (-13.91% vs SPY)","https://www.sec.gov/files/litigation/complaints/2018/comp-pr2018-219.pdf ; https://www.npr.org/2018/09/29/653014733/elon-musk-settles-with-sec-agrees-to-step-down-as-tesla-chairman ; https://www.cbc.ca/news/business/elon-musk-settlement-securities-fraud-charges-tesla-1.4844353 ; https://insights.issgovernance.com/posts/musk-tesla-win-rare-securities-class-action-trial/",confirmed,"Musk's 2018 'funding secured' post was the subject of an SEC complaint settled without admission; a 2023 jury found him not liable to investors. Text, not spoken."
C06,Jensen Huang,NVDA,2017-08-10,"Earnings calls (audio) and 10-Q MD&A for Q2/Q3 FY2018 (written)",audio_only,"Gaming GPU growth attributed to gaming; crypto described as a separate, modest contributor (exact Huang quote UNVERIFIED in this session)",2018-11-15,"Q3 FY2019 miss: Huang cited 'excess channel inventory post the cryptocurrency boom' / 'crypto hangover'. SEC settled order 2022-05-06: NVIDIA failed to disclose that cryptomining was a significant element of FY2018 gaming revenue growth ($5.5M, no admit/deny). Supreme Court dismissed NVIDIA's appeal 2024-12-11, letting the private suit over Huang's statements proceed","NVDA 2018-11-16: -18.76% raw (-19.02% vs SPY), -24.78% 5d abnormal; SEC order day 2022-05-06: -0.30% vs SPY","https://www.cnn.com/2022/05/06/tech/nvidia-sec-settlement-crypto-mining/index.html ; https://www.theregister.com/2022/05/06/nvidia_pays_55m_sec_fine/ ; https://edition.cnn.com/2018/11/16/tech/nvidia-stock-earnings-cryptocurrency/index.html ; https://www.cnbc.com/2018/11/16/heres-what-wall-street-analysts-had-to-say-about-nvidias-earnings.html ; https://courthousenews.com/supreme-court-dumps-nvidia-brawl-against-fraud-by-hindsight-suit/",partially_confirmed,"The SEC found NVIDIA's FY2018 filings did not disclose that cryptomining significantly drove gaming growth (settled without admission). Claims about Huang's spoken statements are allegations in a pending private suit."
C07,Dennis Muilenburg,BA,2019-04-29,"Press conference after Boeing annual meeting, Chicago (filmed by press)",yes,"'There was no surprise or gap ... that somehow slipped through [the] certification process'; Boeing 'followed exactly the steps in our design and certification processes'",2019-10-18,"Release of 2016 Forkner instant messages on MCAS; SEC charged Boeing and Muilenburg 2022-09-22 with materially misleading statements, including this one ($200M Boeing, $1M Muilenburg, no admit/deny)","BA 2019-04-29: -0.61% vs SPY (statement); 2019-10-18: -6.79% raw (-6.35% vs SPY); 2022-09-22: -2.36% vs SPY","https://www.sec.gov/newsroom/press-releases/2022-170 ; https://www.npr.org/2022/09/22/1124617261/boeing-will-pay-200-million-to-settle-sec-charges-over-737-max-crashes ; https://www.cnn.com/2022/09/22/business/boeing-737-sec ; https://www.irishtimes.com/business/2022/09/23/boeing-to-pay-200m-penalty-over-misleading-investors-about-737-max/",confirmed,"The SEC alleged, in a settled action, that Muilenburg's April 2019 statement about the 737 MAX certification process was materially misleading; neither he nor Boeing admitted wrongdoing."
C08,Trevor Milton,NKLA,2016-12-01,"Nikola One unveiling, TV interviews, podcasts, social media (2016-2020)",yes,"Claims about working truck prototypes, in-house technology and hydrogen production; a 2018 promo video showed the Nikola One 'in motion' (date of first statement approximate)",2020-09-10,"Hindenburg report (9/10); Nikola acknowledged the truck in the video was rolling downhill; Milton resigned 2020-09-21; SEC charges and indictment 2021-07-29; jury conviction Oct 2022 (1 securities fraud, 2 wire fraud); sentenced to 4 years 2023-12-18; pardoned March 2025","NKLA (delisted; no yfinance data): 2020-09-10 about -11% intraday (reported); 2020-09-21 closed -19% at $27.58 (reported)","https://www.cnn.com/2020/09/11/business/nikola-motor-stock-hindenburg-short-seller-allegations ; https://www.cnbc.com/2020/09/21/nikola-founder-trevor-milton-to-voluntarily-step-down-as-executive-chairman.html ; https://www.cnbc.com/2023/12/18/nikola-founder-trevor-milton-sentencing-fraud-charges.html ; https://www.cnn.com/2023/12/18/business/trevor-milton-nikola-sentenced ; https://www.yahoo.com/news/trump-pardons-trevor-milton-accused-194720999.html",confirmed,"A jury convicted Nikola founder Trevor Milton in 2022 of securities and wire fraud over public statements about the company's technology; he was pardoned in 2025."
C09,Steve Burns,RIDE,2020-10-26,"SEC filings, earnings calls and media appearances, Aug 2020 to Mar 2021 (start date approximate)",yes,"Endurance pickup backed by 100,000+ (non-binding) pre-orders presented as evidence of fleet demand (exact on-video quote UNVERIFIED; on CNBC in Mar 2021 Burns said 'we've never said we had orders')",2021-06-14,"Special committee: pre-order disclosures were 'in certain respects, inaccurate'; CEO Burns and CFO resigned 2021-06-14. SEC settled charges vs Lordstown and Burns 2024-02-29 (no admit/deny): many pre-orders came from non-fleet companies","RIDE (bankrupt; no yfinance data): 2021-06-14 -18.84% (reported)","https://techcrunch.com/2024/02/29/lordstown-motors-sec-charged-misleading-investors/ ; https://www.sec.gov/files/litigation/complaints/2024/comp25954.pdf ; https://businessjournaldaily.com/sec-settles-fraud-charges-against-former-lordstown-motors-ceo/ ; https://www.cnbc.com/2021/06/14/lordstown-motors-ceo-and-cfo-resign-.html ; https://www.youtube.com/watch?v=qj24AIO6jf8",partially_confirmed,"Lordstown's special committee found its pre-order disclosures partly inaccurate and Burns resigned; the SEC later settled charges with him without admission. The specific spoken on-video statement is not pinned down."
C10,Tim Cook,AAPL,2018-11-01,"FQ4 2018 earnings call (audio)",audio_only,"On emerging-market pressure (Brazil, India, Russia, Turkey): 'I would not put China in that category'",2019-01-02,"Letter to investors cut FQ1 revenue guidance (to about $84B), citing Greater China weakness; class action settled for $490M (March 2024, no admission)","AAPL 2018-11-02: -6.63% raw (-6.04% vs SPY; also earnings reaction); 2019-01-03: -9.96% raw (-7.57% vs SPY)","https://www.fastcompany.com/91061197/apple-tim-cook-comment-just-cost-490-million-class-action-lawsuit ; https://www.nzherald.co.nz/business/apple-reaches-us490m-settlement-over-tim-cooks-china-demand-comments/NTHWUUU7NVDF5BU35GU2QRTXFQ/ ; https://www.barchart.com/story/news/24826240/apple-to-pay-490-million-to-settle-allegations-that-it-misled-investors-about-iphone-sales-in-china",confirmed,"Cook's November 2018 remark that China was not among pressured markets was followed two months later by a guidance cut citing China; Apple settled the resulting suit for $490M without admitting wrongdoing."
C11,Jamie Dimon,JPM,2012-04-13,"Q1 2012 earnings call (audio)",audio_only,"Called press coverage of the CIO 'London Whale' positions a 'tempest in a teapot'",2012-05-10,"JPM disclosed a ~$2B trading loss on the CIO positions (later ~$6.2B); Dimon later called his remark a mistake","JPM 2012-04-13: -3.64% raw (-2.45% vs SPY); 2012-05-11: -9.28% raw (-8.98% vs SPY), -12.92% 5d abnormal","https://www.npr.org/sections/money/2012/05/11/152488354/jp-morgans-2-billion-loss-explained ; https://en.wikipedia.org/wiki/2012_JPMorgan_Chase_trading_loss ; https://www.cnbc.com/2013/06/11/jpmorgan-ceo-dimon-defends-disclosures-in-whale-episode.html",confirmed,"Dimon's April 2012 'tempest in a teapot' remark was followed four weeks later by disclosure of a multibillion-dollar loss on the same positions."
C12,John Stumpf,WFC,2016-09-20,"Senate Banking Committee testimony (C-SPAN video); 2015-16 SEC certifications (written)",yes,"Testimony framed unauthorized accounts as employee misconduct; earlier certified filings touting the cross-sell metric",2020-11-13,"SEC settled charges: Stumpf certified 2015-16 statements on the Community Bank cross-sell metric he should have known were misleading ($2.5M, no admit/deny). He resigned 2016-10-12","WFC 2016-09-08 (fines announced): +0.49% vs SPY; 2016-09-20: +1.19% vs SPY; 2020-11-13: -0.29% vs SPY","https://www.sec.gov/newsroom/press-releases/2020-281 ; https://www.cnbc.com/2020/11/13/ex-wells-fargo-ceo-john-stumpf-misled-investors-on-metric-tied-to-fake-accounts-scandal-sec-says.html ; https://www.cnn.com/2020/11/13/business/wells-fargo-ceo-stumpf-charged-sec",partially_confirmed,"The SEC's settled finding concerns Stumpf's written certifications about the cross-sell metric, not his spoken testimony; do not describe the testimony itself as contradicted."
C13,Mark Zuckerberg,META,2021-03-25,"House Energy & Commerce hearing (video)",yes,"'The research that we've seen is that using social apps to connect with other people can have positive mental-health benefits'",2021-09-14,"WSJ 'Facebook Files' reported internal research finding Instagram harmful for a sizable share of teen girls (e.g., 'we make body image issues worse for one in three teen girls'); Haugen Senate testimony 2021-10-05. Meta disputed the characterization","META 2021-03-25: -1.77% vs SPY; 2021-09-14: +0.54% vs SPY; 2021-10-04: -3.60% vs SPY (confounded by global outage)","https://www.congress.gov/117/meeting/house/114054/documents/HHRG-117-IF02-20210922-SD003.pdf ; https://www.blumenthal.senate.gov/download/8421_-facebook---kids-mental-health-letter ; https://techcrunch.com/2021/11/24/head-of-instagram-adam-mosseri-will-testify-before-the-senate-on-teen-mental-heath",partially_confirmed,"Zuckerberg's March 2021 testimony on social apps and mental health was later contrasted by reporters and senators with internal Instagram research; Meta disputed that reading and no regulator has made a finding on it."
C14,Pat Gelsinger,INTC,2024-02-21,"Intel Foundry event and earnings calls, Jan-Aug 2024 (audio/video)",yes,"Foundry business showing 'significant traction' and 'growing demand' (quoted in the complaint)",2024-08-01,"Q2 2024 miss, 15% job cuts, dividend suspended from Q4 2024 (foundry 2023 operating loss of ~$7B disclosed 2024-04-02). Shareholder suit DISMISSED: Mar 2025 with leave to amend, July 2025 without leave; court held the statements were not misleading","INTC 2024-04-03: -8.22% raw (-8.33% vs SPY); 2024-08-02: -26.06% raw (-24.20% vs SPY), -26.74% 5d abnormal","https://www.claimsjournal.com/news/national/2025/03/06/329304.htm ; https://www.trendforce.com/news/2025/03/07/news-intel-wins-shareholder-lawsuit-over-alleged-foundry-loss-cover-up/ ; https://www.foxbusiness.com/markets/intel-shares-sink-15-workforce-getting-axed-suspends-dividend ; https://www.rappler.com/technology/intel-job-cuts-suspend-dividend-august-2024/",unverifiable,"Large negative surprise, but a federal court found Gelsinger's challenged foundry statements not misleading. Use as a negative control, not as a contradiction case."
C15,Andrew Witty,UNH,2025-04-17,"Q1 2025 earnings call (audio)",audio_only,"Revised 2025 adjusted EPS outlook to $26.00-26.50 and committed to returning to a 13-16% long-term growth rate",2025-05-13,"Outlook suspended entirely 26 days later; Witty stepped down. WSJ reported a DOJ criminal probe of Medicare Advantage practices on 2025-05-14 (UNH then said it had not been notified; on 2025-07-24 it said it was cooperating with DOJ)","UNH 2025-04-17: -22.38% raw (-22.52% vs SPY); 2025-05-13: -17.79% raw (-18.45% vs SPY); 2025-05-15: -10.93% raw (-11.42% vs SPY)","https://www.statnews.com/2025/04/17/unitedhealth-first-quarter-earnings-2025-cut-profits-3-billion-medicare-patients/ ; https://www.cnbc.com/2025/05/13/unitedhealth-group-ceo-andrew-witty-steps-down.html ; https://www.unitedhealthgroup.com/newsroom/2025/2025-05-13-uhg-announces-leadership-transition.html ; https://www.cnbc.com/2025/05/15/unitedhealth-group-stock-doj-investigation-report.html ; https://www.cnn.com/2025/07/24/business/unitedhealth-investigation-doj",partially_confirmed,"UnitedHealth withdrew the 2025 outlook it gave on the April 17 call 26 days later, and the CEO departed. There is no finding of any misstatement. OOS period: do not use for tuning."
C16,Charles Liang,SMCI,2024-08-06,"Earnings calls (audio); no specific contradicted CEO statement identified",audio_only,"None identified. Included as a negative control: large governance shocks without a contradicted CEO statement",2024-10-30,"Hindenburg report 2024-08-27; 10-K delayed 2024-08-28; EY resignation disclosed 2024-10-30 (letter dated 10/24); special committee found no evidence of misconduct 2024-12-02","SMCI 2024-08-28: -18.44% vs SPY; 2024-10-30: -32.37% vs SPY; 2024-12-02: +28.50% vs SPY","https://www.cnbc.com/2024/12/02/super-micro-computer-pops-14percent-after-special-committee-finds-no-evidence-of-misconduct.html ; https://ir.supermicro.com/news/news-details/2024/Supermicro-Announces-Completion-of-Review-by-Independent-Special-Committee/default.aspx ; https://www.datacenterdynamics.com/en/news/supermicro-says-it-found-no-evidence-of-fraud-or-misconduct-but-will-replace-its-cfo/",unverifiable,"No CEO statement was shown to be contradicted; the company's special committee found no evidence of misconduct. Negative control only."
C17,Greg Becker,SIVB,2023-03-09,"~10-minute conference call with VC clients, ~11:30am PT (audio, private; reported by press)",audio_only,"Asked clients to stay calm: 'We now ask you not to panic'",2023-03-10,"California regulator closed Silicon Valley Bank and FDIC was appointed receiver the next morning; SIVB trading halted","SIVB (no yfinance data): 2023-03-09 about -60% close to ~$106 (reported); halted 3/10, never reopened on Nasdaq","https://www.theinformation.com/articles/silicon-valley-bank-ceo-tells-vc-clients-to-stay-calm ; https://news.bloomberglaw.com/tech-and-telecom-law/svb-ceo-becker-asks-silicon-valley-bank-clients-to-stay-calm ; https://fortune.com/2023/03/21/svb-crisis-communication-banks-greg-becker-lessons/ ; https://www.cnbc.com/2023/03/09/svb-financial-falls-more-than-50percent-as-tech-bank-looks-to-raise-more-cash.html",confirmed,"Becker's reassurance call to clients on March 9 2023 was followed the next day by the bank's closure by regulators. The statement was a plea, not a factual claim."
