category,earnings_family,events,priced,tickers,weeks,best_cell,best_gap,best_t,luck_p,fake_best_t_median,fake_best_t_95,cells_abs_t_over_2,median_implied_move
shareholder_proposal_outcome,False,121,115,76,37,cash_secured_put @ 1,0.001444250541267983,3.327892587182597,0.0325,2.000090094124813,2.938854156672078,8,0.11649207982127888
preliminary_results,True,25,22,9,17,long_call @ 1,0.00698580059885257,2.3910345028400553,0.055,1.5922627794968311,2.403677617250842,2,0.11963235483632165
quarterly_earnings,True,131,119,27,46,cash_secured_put @ 2,-0.0027898673428784155,-2.747665995133129,0.055,1.9898720310719424,2.75118247602723,1,0.11510618759846288
executive_officer_departure,False,132,116,63,72,long_call @ 1,-0.0023203896375989324,-2.9606713678769263,0.0725,2.201409572320201,3.077196749803579,8,0.11656057710333971
annual_meeting_results,False,150,139,87,41,collar @ exp,0.014559799548017768,2.8410068030714446,0.075,2.012813207020013,3.0042083940885043,11,0.11695028910882607
merger_agreement,False,27,25,11,21,long_call @ 21,-0.023975421511322193,-2.554729699991528,0.0775,1.928524795175449,2.677927618737835,6,0.1384995848578672
equity_compensation_grant,False,33,26,22,24,long_call @ 3,0.011013848021674771,2.8752637692084297,0.0975,1.9848270711245983,3.168753990259849,11,0.1414994756040878
combo:deal_signed,False,53,46,24,37,long_call @ 21,-0.022931564601149323,-2.9716585428025906,0.1025,2.2450404557775423,3.167898745321113,3,0.1419361788213659
underwriting_agreement,False,146,135,63,66,covered_call @ 1,0.0024210003471276786,2.396255495697245,0.1625,1.9634967160605943,2.765461655424329,4,0.11488905388240973
debt_retirement,False,40,35,19,31,protective_put @ 63,-0.040104733481093,-2.4728685674631,0.165,1.8905617877995669,2.891162806886369,2,0.11671422676580125
dividend_declaration,False,79,72,17,53,long_call @ 42,-0.04584788206416071,-2.2871085767824755,0.1775,1.841303566697758,2.682731961948999,3,0.11880059639665871
share_repurchase_program,False,36,32,22,29,protective_put @ 3,-0.011292737852610632,-2.8845823294844295,0.18,2.2757808425174497,3.5458863766581032,4,0.13144082553434028
combo:debt_offering,False,292,260,81,85,covered_call @ 1,0.001929888772543982,2.135878040773859,0.2025,1.797753924434084,2.5111330320378116,2,0.11489973516013818
charter_amendment,False,36,35,27,27,protective_put @ exp,0.06673750151563981,2.740178991308032,0.2425,2.238888955669016,3.489074211670099,8,0.11930168008326829
business_update,False,54,49,11,35,long_call @ 42,-0.13680523082076337,-2.1650408997921415,0.2475,1.9441775262224184,2.589597652870518,1,0.12828101873662928
guidance_issuance_or_update,True,60,53,25,42,collar @ 21,0.009387108320095296,2.221442133039908,0.2625,1.9327967280648086,2.6117911203495137,1,0.1250321065169297
material_charge_or_gain,True,29,29,19,25,cash_secured_put @ exp,0.007440675666482252,2.0265690617680696,0.35,1.8088279179870936,2.819874379901927,1,0.10849359836702452
acquisition_completion,False,24,21,16,20,covered_call @ exp,-0.0569964205847851,-2.2959926694715547,0.38,2.0991097439110518,3.404582048111357,1,0.11676740593352285
debt_issuance,False,277,246,78,84,collar @ 1,0.0010379547262361706,1.7798933915524502,0.56,1.821936491902092,2.532062633184053,0,0.1139439496579168
cfo_appointment,False,34,32,27,27,collar @ 2,0.004312131297871225,1.9356151082123216,0.6075,2.060180286453272,3.3061213805310876,0,0.11155354079299101
preferred_stock_modification,False,20,18,11,17,collar @ exp,0.02801262708082302,1.9520898517244258,0.71,2.2834609466943117,3.309576401328257,0,0.11668475241896056
bylaw_amendment,False,47,44,40,35,cash_secured_put @ exp,-0.01837088515099307,-1.8188464296159998,0.72,2.0951479428843705,3.427363797499242,0,0.11633217871689622
deal_termination,False,25,23,20,20,cash_secured_put @ 1,0.002234184616576937,1.7902302803162586,0.7675,2.181074128486306,3.5395753821685876,0,0.13193310227358657
settlement_agreement,False,24,21,18,19,covered_call @ exp,-0.03732598161388565,-1.6535322719275778,0.8075,2.125325652694669,3.588151956891041,0,0.11046120785272212
director_departure,False,101,91,55,59,collar @ 3,-0.0020866147951803275,-1.6592861817084594,0.8325,2.08443550956751,3.086262259203836,0,0.11621823897681093
guarantee_or_letter_of_credit,False,42,35,19,27,long_call @ 1,-0.003082061990231212,-2.0095534770539993,0.85,2.6047937282325737,3.807520952120542,1,0.11117629210632383
combo:new_leadership,False,49,45,35,32,covered_call @ 63,-0.03003798361496142,-1.5693454864683751,0.8675,2.0817380823818605,3.2304524169036295,0,0.11203060866104109
strategic_initiative,False,34,31,19,26,protective_put @ 63,-0.038439320427018794,-1.5002763182030103,0.8875,2.116344741612068,3.347482678091291,0,0.11869779924519383
executive_compensation_change,False,174,153,74,75,protective_put @ 21,-0.010588293003524653,-1.4626610142929841,0.895,1.9604561494858301,2.8581696220570985,0,0.13002928955444332
acquisition_agreement,False,29,24,18,21,long_call @ 10,-0.01112816929972261,-1.7509915223823886,0.8975,2.524169501664537,3.9114010369264878,0,0.14211152131837118
investor_presentation,False,149,139,36,63,protective_put @ exp,-0.0480973072917945,-1.444684653884723,0.91,1.8468007506488031,2.6505059349884315,0,0.12170889802621214
credit_facility,False,62,58,36,46,protective_put @ exp,0.0292799905859083,1.3619616211382795,0.935,1.9854016521409754,3.0504402846858274,0,0.11582863378434857
executive_officer_appointment,False,105,89,52,62,protective_put @ 21,-0.01099724057011061,-1.3866213791881747,0.9375,2.084750162944226,3.0444461233523903,0,0.11841470461083131
director_appointment,False,97,87,58,58,collar @ 1,0.0011096139762366457,1.3264089540909332,0.9775,2.1319308191690842,3.1534868078798963,0,0.12312105687180104
ceo_departure,False,31,29,23,24,protective_put @ exp,-0.03240047943556648,-1.3520928659271614,0.985,2.37813248504372,3.5422338663503328,0,0.12665760841892815
cfo_departure,False,31,30,23,27,collar @ 2,0.002895022995702692,1.2334052961816833,0.9875,2.2804782475548304,3.355574816602986,0,0.11918923704265606
combo:leadership_exit,False,61,58,39,42,cash_secured_put @ 42,-0.008159193340366546,-1.156786356042368,0.99,2.0507684988042394,3.0044459683255753,0,0.12243151699286924
