group,utc_bar_start,jst_bar_start,mean_bp,n,cum_bp
gotobi,20:00,05:00,0.4671560071254528,1044,0.4671560071254528
gotobi,21:00,06:00,0.8322324995996155,340,1.2993885067250683
gotobi,22:00,07:00,-3.8257708764055276,2,-2.5263823696804595
gotobi,23:00,08:00,0.4548851971451021,707,-2.071497172535357
gotobi,00:00,09:00,0.5832854846397525,1050,-1.4882116878956044
gotobi,01:00,10:00,-0.7000525361161265,1050,-2.188264224011731
gotobi,02:00,11:00,-0.7764889420858518,1050,-2.9647531660975828
gotobi,03:00,12:00,-0.6531516311222944,1049,-3.617904797219877
gotobi,04:00,13:00,-0.32805515690239645,1049,-3.9459599541222734
control,20:00,05:00,0.5195252396975673,2124,0.5195252396975673
control,21:00,06:00,1.031309400142463,712,1.5508346398400303
control,22:00,07:00,-8.05926016544181,10,-6.50842552560178
control,23:00,08:00,-0.515718940622579,1439,-7.024144466224358
control,00:00,09:00,0.5432607843072628,2172,-6.480883681917096
control,01:00,10:00,-0.3136597681027516,2173,-6.794543450019847
control,02:00,11:00,-0.39403702385715467,2173,-7.1885804738770025
control,03:00,12:00,-0.17518360688613535,2173,-7.363764080763137
control,04:00,13:00,0.28944874618009536,2174,-7.0743153345830425
