,"In-sample, gross",In-sample,Out-of-sample,"In-sample, costs x2","Out-of-sample, costs x2"
ann_return,1.8%,1.5%,0.3%,1.1%,-0.1%
ann_vol,1.6%,1.6%,1.3%,1.6%,1.3%
sharpe,1.13,0.90,0.20,0.66,-0.10
sharpe_95ci,"[0.47, 1.79]","[0.24, 1.55]","[-1.18, 1.59]","[0.01, 1.32]","[-1.49, 1.28]"
max_drawdown,-1.8%,-2.1%,-3.2%,-2.7%,-3.5%
max_dd_days,345 days,569 days,630 days,580 days,637 days
turnover,18.7x/yr,18.7x/yr,18.8x/yr,18.7x/yr,18.8x/yr
worst_day,-0.7%,-0.7%,-0.7%,-0.7%,-0.7%
worst_month,-0.5%,-0.6%,-2.1%,-0.6%,-2.2%
skew,7.04,7.00,0.59,6.93,0.61
n_obs,"2,231","2,231",503,"2,231",503
