date,ar,held,entries,cost,keep
2023-02,-0.07106356875274593,0.7894736842105263,2.0,0.010966666666666666,False
2023-03,0.010475764644899178,2.0,0.0,0.0008333333333333334,False
2023-04,0.07878953421645046,2.1578947368421053,1.0,0.0026869918699186993,False
2023-05,-0.051136850233453365,4.7272727272727275,4.0,0.004217948717948718,False
2023-06,-0.05111871341047333,5.0,0.0,0.0008333333333333334,False
2023-07,-0.00896639330284525,5.35,3.0,0.003076323987538941,False
2023-08,-0.008317989062686243,5.739130434782608,3.0,0.0029242424242424247,False
2023-09,0.0323897231002998,8.6,3.0,0.0022286821705426356,False
2023-10,0.007483259599758795,8.090909090909092,3.0,0.0023164794007490635,False
2023-11,-0.006546177426508099,7.476190476190476,1.0,0.0013683651804670912,False
2023-12,-0.054116692720987805,7.9,5.0,0.0033649789029535867,False
2024-01,0.02584474423663785,9.80952380952381,2.0,0.0016488673139158578,False
2024-02,-0.02537030654114327,10.7,9.0,0.004197819314641745,True
2024-03,-0.01416043131452923,11.3,1.0,0.0011873156342182892,True
2024-04,0.022590266023188203,10.636363636363637,6.0,0.0030897435897435897,True
2024-05,0.026078021701047498,15.772727272727273,10.0,0.0033693563880883765,True
2024-06,0.01861326002014436,20.63157894736842,5.0,0.0018027210884353742,True
2024-07,-0.04519006525908116,20.318181818181817,3.0,0.001423937360178971,True
2024-08,0.042985439319357714,15.454545454545455,7.0,0.0026450980392156865,True
2024-09,-0.02532422994774818,13.75,4.0,0.001996969696969697,True
2024-10,-0.0034832114855214862,12.217391304347826,2.0,0.0014881376037959668,True
2024-11,-0.007229531808199555,13.3,11.0,0.0041416040100250625,True
2024-12,-0.0072419772594228176,15.142857142857142,3.0,0.0016257861635220127,True
2025-01,-0.04455347554764617,15.9,1.0,0.0010849056603773584,True
2025-02,-0.01366271248927576,14.105263157894736,10.0,0.0036691542288557217,True
2025-03,-0.012896162700752535,17.761904761904763,8.0,0.0026349419124218052,True
2025-04,0.0351013359591397,19.142857142857142,3.0,0.0014601990049751246,True
2025-05,0.014935439231663664,17.0,5.0,0.0020098039215686275,True
2025-06,-0.013911255666205205,13.65,6.0,0.0025915750915750917,True
2025-07,0.04432761252406163,13.181818181818182,2.0,0.0014402298850574712,True
2025-08,-0.01783582323035647,20.0,17.0,0.004233333333333334,True
2025-09,0.03171989927461972,21.857142857142858,3.0,0.0013823529411764706,True
2025-10,0.04848810464879311,22.26086956521739,7.0,0.0020911458333333333,True
2025-11,0.0018820903295434944,28.736842105263158,23.0,0.0040347985347985345,True
2025-12,-0.0024258591966404086,35.04545454545455,6.0,0.0015181582360570688,True
2026-01,-0.05208979692519941,35.2,5.0,0.0014015151515151514,True
2026-02,-0.013137831319828222,25.736842105263158,18.0,0.0036308793456032726,True
2026-03,0.02150456037345174,32.77272727272727,14.0,0.0025420711974110033,True
2026-04,0.02968706458825691,33.76190476190476,8.0,0.0017811471556182417,True
2026-05,0.03640731954399105,35.8,19.0,0.0029562383612662946,True
2026-06,-0.014597282422544735,31.19047619047619,4.0,0.0013463104325699745,True
2026-07,-0.001122615012787616,29.136363636363637,0.0,0.0008333333333333334,True
2026-08,0.034954245134714054,5.761904761904762,0.0,0.0008333333333333334,False
2026-09,0.049319806208190764,0.23809523809523808,0.0,0.0008333333333333334,False
