video_id,ceo,kind,day,S,hedged_ret,signed_net,sample
hjjHdys2Ph4,karp,a_native,2021-06-14,-1.8320539765815058,0.0026187294249569604,-0.0031147259028885786,IS
phmJhHhNOUs,karp,a_native,2021-10-18,-2.828619850910025,-0.0057163089892316235,0.005195774931871192,IS
adobyve9ros,karp,a_native,2022-01-21,-1.5430402408238044,-0.023620161553728314,0.023093293246526845,IS
FNrOWWSbz3A,karp,a_native,2022-02-16,-0.07122874804810185,-0.0028958925299267836,0.002340129271158081,IS
d1XiIBiRSQ8,karp,a_native,2022-02-23,0.6363294363596473,0.025048353601540972,0.024480953251282515,IS
mnyz9goTJ2I,karp,b_tv,2022-05-24,0.10132486201410783,-0.014203138234038654,-0.014778540579104153,IS
0sddHG0D0Y4,karp,a_native,2022-09-13,-0.5761755173499383,0.028037788703243895,-0.028620017986412956,IS
YXzOj_RWkWs,karp,a_native,2022-09-15,-0.9629208691235229,-0.004474495224614862,0.0038944296987332406,IS
rJqx6GzyCHU,karp,b_tv,2022-09-23,-0.8869857350930094,0.038865028987697295,-0.039442132715469105,IS
hzxzcgVSn-U,karp,b_tv,2022-10-20,0.3632287612533641,0.044851009998910084,0.044281727094133194,IS
OdiAE2VLuic,karp,b_tv,2022-10-20,0.6322275384117788,0.044851009998910084,0.044281727094133194,IS
ZUZR7NtpRO4,karp,a_native,2022-10-31,-1.9112569211789896,0.02008843889635627,-0.020654235351323456,IS
FoFCewgD2zs,karp,b_tv,2022-12-05,0.5750756621721123,-0.00486027689970232,-0.00542270426039411,IS
KngJ_6X2zWY,karp,a_native,2022-12-16,0.5742436573118542,0.005675738681131764,0.005111741567423415,IS
sgl6YSpfwRw,karp,b_tv,2023-01-17,-0.007662901132352127,0.018225472431407035,-0.01879020222494508,IS
9BpKijrg9iw,karp,a_native,2023-02-08,-0.06884038203764521,0.013337230886944423,-0.013903170340455254,IS
hkeohWt6rGA,karp,a_native,2023-03-09,-0.8521582771528701,-0.016658360914629383,0.01609084892257088,IS
oHGRDWgLYs8,karp,a_native,2023-05-08,-1.1707197182358047,0.008271560307521197,-0.00883718637978796,IS
ov3iILzXFt8,karp,a_native,2023-06-06,-1.1572971647230368,0.003594456004355244,-0.004148778254635786,IS
BqW5fk6x858,karp,a_native,2023-07-14,0.32025147226690115,-0.01836532202170173,-0.018915080768955504,IS
7zhHkabWX2c,karp,a_native,2023-09-06,-0.5226550842471075,0.017389544510107602,-0.017945487938279492,IS
3UjvRi6k5Gk,karp,a_native,2023-09-18,-2.8328629773843375,-0.0046883765644942284,0.004129821742700144,IS
47PCH8Xec-I,karp,a_native,2023-10-04,0.1901129537700072,-0.0016163979315515047,-0.0021861027646641663,IS
TOKxGT2womY,karp,b_tv,2024-01-18,-0.6052657092758899,-0.03594290324934369,0.035320730226109584,IS
NgAGvX_siGU,karp,b_tv,2024-01-25,0.7358149515719375,-0.001870061968794516,-0.002490286240414475,IS
gTnbzjSZj5c,karp,a_native,2024-02-23,-0.40934992148896876,0.0001006675547757886,-0.0007109926425855259,IS
MxraZmkCWfg,karp,b_tv,2024-03-14,0.6588448206297719,-0.003118516208816034,-0.0037227082470017484,IS
MqXQFfCIOiA,karp,a_native,2024-05-10,0.5327636986501383,-0.029956834786550455,-0.030581565026229905,IS
7_wwnJ1eRJ4,karp,b_tv,2024-06-21,0.07872884825016788,-0.03161498808868185,-0.03222656509344115,IS
W5_rSPG3A84,karp,b_tv,2024-09-18,-1.199503661534424,0.025446255117602616,-0.026020951277252024,IS
loUkPwrdA2Y,karp,b_tv,2024-10-29,-0.19157814143403004,-0.01060970018344308,0.010047108876039774,OOS
9ldE_5F13eg,karp,b_tv,2024-12-09,-0.026698229961084362,-0.0912463634903597,0.0907020615234346,OOS
l-NVtsOF6qU,karp,b_tv,2025-02-18,-0.44341914436815655,0.03354057847025227,-0.034099773382766506,OOS
KZWB5XGZy-Q,karp,a_native,2025-02-19,-0.7255239455956564,-0.09404843447245513,0.09348988309572005,OOS
QdqHf71Tep0,karp,a_native,2025-02-28,-0.4673988482864176,0.0339418132113147,-0.03450648983634709,OOS
zv_HnVsb4qk,karp,a_native,2025-05-05,-0.5007481048384675,-0.0027782811332222393,0.0022067327353389662,OOS
lvLxM6kQK7Y,karp,a_native,2025-05-23,-0.996709539362717,-0.009183476259239418,0.008611505785450009,OOS
PRi22OS98NY,karp,a_native,2025-09-05,-0.7252164118607698,-0.016790940577735187,0.01621624578039682,OOS
Y-IH7EVrBbQ,karp,a_native,2025-09-10,-0.23385005742060086,0.01300552354240786,-0.013581245849440211,OOS
mqa1yEd891o,karp,b_tv,2025-11-04,-1.2468557399590263,0.011206941315440977,-0.011784625062503518,OOS
HabEH_Yu4wI,karp,b_tv,2025-11-07,-0.25971071646186716,0.0044152790209885905,-0.004995515017645495,OOS
wWxWTfjTR5A,karp,a_native,2025-11-10,0.5350264044582274,0.038153019001888354,0.037577258864889405,OOS
RG9fdLzxTaw,karp,a_native,2025-11-11,-0.3878397944326827,0.001173192165591083,-0.0017490582221338078,OOS
_fqxZKdb3J0,karp,a_native,2026-01-20,-0.031137481533729614,0.005929447301475415,-0.006519146872403972,OOS
dRgPbNJ5RJc,karp,a_native,2026-01-21,-0.289749559044325,-0.03876967033971422,0.03818053087940414,OOS
b-JCYM5jW0Y,karp,a_native,2026-03-06,0.6559760101481563,0.04623001577710013,0.04564841598786819,OOS
S9V-5VQ_Epg,karp,a_native,2026-06-05,0.2567875286858451,0.01868744231277327,0.018131212623196488,OOS
jlIYbP5XJ-g,karp,b_tv,2026-06-10,0.13358033742867817,-0.004045571770157498,-0.004592334276373012,OOS
wdyKBzBxM6w,karp,a_native,2026-09-02,-0.9403296927779924,0.0010605119598703363,-0.0015905451175050878,OOS
MevKTPN4ozw,musk,a_native,2018-08-20,-0.4968481028762315,0.06036084320334539,-0.060887022833310045,IS
52x0ukhE2Vo,musk,b_tv,2018-12-10,-0.12521642757924148,0.0017912451008804745,-0.0022949412493121725,IS
23GzpbNUyI4,musk,b_tv,2018-12-10,-1.6069990672733199,0.0017912451008804745,-0.0022949412493121725,IS
dEv99vxKjVI,musk,a_native,2019-04-12,-0.33953482422145287,-0.002146164459754301,0.0016485107736813006,IS
cIQ36Kt7UVg,musk,a_native,2019-10-01,-2.601589111230165,0.02527033594391629,-0.02577756448169252,IS
DaJ0n0j-UB8,musk,a_native,2019-10-11,-2.908823645616602,0.0014094572647201562,-0.0019093272871099419,IS
ilNPyQiEh2E,musk,a_native,2019-11-18,-0.13372728794708955,-0.009291053337058932,0.008778083087123403,IS
HPV8Xp3pEpI,musk,a_native,2020-03-10,-1.0247669870086709,-0.04739045265797541,0.04683207308045928,IS
PZz2r9j1Lfo,musk,b_tv,2020-05-13,-0.46932393206874634,-0.018771962686048037,0.018248430195474893,IS
V1nQFotzQMQ,musk,a_native,2020-12-09,-3.1006197093873196,-0.024934756544260115,0.02439458117669086,IS
cDQa40B9Lxo,musk,a_native,2021-02-11,-1.5521511842982065,-0.0011232744805454017,0.0005844691730672736,IS
O4b63Viqqlk,musk,a_native,2021-04-20,-0.25417209391057316,0.012683100309288476,-0.013282935827050207,IS
BN88HPUm6j0,musk,a_native,2021-04-23,-1.4292320856817906,-0.008154571436837545,0.007555125580577627,IS
ippYts_JvUk,musk,b_tv,2021-05-12,0.9208743321316002,-0.0005096469445309768,-0.001106593586835371,IS
t705r8ICkRw,musk,a_native,2021-08-04,-1.084592589005242,-0.0035349956759015183,0.0029408014871646244,IS
2MDs56gT-a8,musk,a_native,2021-09-27,0.11850639166582433,0.022590579003708703,0.0220198795874606,IS
HZP67-DECVw,musk,a_native,2021-10-04,-0.17995493141786245,-0.002953839810725274,0.0023878701262115064,IS
lh-5w6xC6VE,musk,b_tv,2021-12-20,-0.9680056167772713,-0.013906410113223763,0.013324904041128936,IS
jvGnw1sHh9M,musk,a_native,2021-12-22,-0.022580349844064925,0.020366568721277414,-0.02094903673154985,IS
M-ZH3psUbfU,musk,a_native,2021-12-30,-2.5640401771454253,-0.0019088097385272923,0.0013233130064723149,IS
cdZZpaB2kDM,musk,a_native,2022-04-14,0.8621479102809158,0.005463288017911886,0.004900512225865386,IS
2WX_mgnAFA0,musk,a_native,2022-04-18,-0.29282766780568065,0.007603576700337353,-0.008166406148659516,IS
YRvf00NooN8,musk,a_native,2022-04-18,0.7275231816137688,0.007603576700337353,0.007040747252015191,IS
TjBA6jy4ako,musk,b_tv,2022-06-21,-0.2955256061757935,0.04065120044785728,-0.04121225714968595,IS
HxvWGWxEWk4,musk,b_tv,2022-06-22,-0.03715048188918087,-0.006051935207496313,0.005488809435142602,IS
E-squeb0YJA,musk,a_native,2023-01-04,0.026181536994784597,0.017909058330940454,0.017362139942976033,IS
MHTc77PTLVI,musk,b_tv,2023-04-13,-1.2015123543518278,-0.0047247303200135884,0.004177609817521276,IS
JikteM9YmNA,musk,b_tv,2023-04-18,-0.6763946970426232,-0.0049817806478270055,0.004434997201365692,IS
qbxStDmHFAE,musk,b_tv,2023-04-18,-1.1058910546159093,-0.0049817806478270055,0.004434997201365692,IS
3Frx4IMX_Sw,musk,b_tv,2023-04-19,-0.09841166567523413,-0.0027655186389316383,0.0022187788212258697,IS
MpSvyWLEu8M,musk,b_tv,2023-04-19,-0.910358381254848,-0.0027655186389316383,0.0022187788212258697,IS
oO8w6XcXJUs,musk,b_tv,2023-05-01,-0.6412081804147988,-0.008853246065554677,0.00830627624557176,IS
rShnvN93NMc,musk,a_native,2023-05-17,-1.147713802258208,0.019083006318792346,-0.019632470032995702,IS
2KuSMIFuMyU,musk,b_tv,2023-05-17,0.1374249096055185,0.019083006318792346,0.01853354260458899,IS
ZTI3IfIMS0E,musk,b_tv,2023-05-17,0.48602098042145403,0.019083006318792346,0.01853354260458899,IS
6pLLVqqF8VA,musk,b_tv,2023-05-17,-0.49479842524238893,0.019083006318792346,-0.019632470032995702,IS
ad3PmrRnejM,musk,b_tv,2023-05-17,0.189055585362231,0.019083006318792346,0.01853354260458899,IS
6sUwRiIncKU,musk,b_tv,2023-05-17,-0.5910443037986174,0.019083006318792346,-0.019632470032995702,IS
bWr-DA5Wjfw,musk,b_tv,2023-05-17,0.8634042598360433,0.019083006318792346,0.01853354260458899,IS
NHaczOsMQ20,musk,a_native,2023-06-02,-2.332530808309967,-0.009376843479049464,0.008832388390186905,IS
tMdFGrnp5XI,musk,a_native,2023-06-16,-0.062289352514058004,0.014258174084763327,-0.014801956144982144,IS
t_WFsgjqpOU,musk,a_native,2023-06-23,-1.614984499082335,-0.004657420088879243,0.004117893539792438,IS
AjdVlmBjRCA,musk,a_native,2023-11-03,0.6575009188583054,-0.019032621160274273,-0.01959861263131976,IS
Zl8S-T33mbs,musk,a_native,2023-11-28,-0.1314296084768429,0.001978819614318835,-0.0025545649128576927,IS
sctgA2qa-rA,musk,b_tv,2023-11-30,-2.9085072694183123,-0.01478749884558939,0.01421019743302031,IS
2BfMuHDfGJI,musk,a_native,2023-11-30,-2.79836461744474,-0.01478749884558939,0.01421019743302031,IS
hhsfjBpKiTw,musk,a_native,2024-03-18,0.5080823497269398,0.027390422590008602,0.0268269357633128,IS
akXMYvKjUxM,musk,a_native,2024-03-26,-1.1593384259199433,0.005926406383546296,-0.0064897947714924395,IS
CDZ9REOh2xA,musk,a_native,2024-08-05,-1.1139171963971497,0.03185260201368019,-0.032415117077672834,IS
eV396ioBs3g,musk,a_native,2025-02-13,-0.6131576621551182,0.01090272678501026,-0.011491977142965345,OOS
hMbcMO5JgEo,musk,b_tv,2025-02-19,-0.8961362638348928,0.015349646591858813,-0.01593982642132907,OOS
T6DiMIJIvYw,musk,b_tv,2025-03-11,-0.08016455656037752,0.025888185586251083,-0.02649261872898566,OOS
aMcmuKTfr54,musk,a_native,2025-03-24,0.2998076487184305,0.06721514937090395,0.06660802000763143,OOS
l7kQNwJ4H_w,musk,b_tv,2025-03-28,0.015441660477348162,0.0040218318169784675,0.003408983268484602,OOS
YgRMZouYRhU,musk,b_tv,2025-03-31,1.1001455355670071,0.007385226549721895,0.006773388640529621,OOS
xqXa-i-Fr-M,musk,a_native,2025-05-19,1.1588457560753638,0.0010501442607011705,0.0004494945558290973,OOS
iTRY86NEIbg,musk,a_native,2025-05-20,-1.9868440938502718,-0.008532588670283234,0.007930706317584689,OOS
gPGZRJDVXcU,musk,a_native,2025-05-20,-1.7816787070970979,-0.00892410132496946,0.008322218972270914,OOS
DsGhjZ1LAuo,musk,b_tv,2025-05-20,-0.696891940785276,-0.01089570571408497,0.010293823361386425,OOS
ey1rpNtRADg,musk,b_tv,2025-06-02,-1.8835945356426123,-0.025553617373282773,0.024951117811789342,OOS
jAUj4nc9M3k,musk,b_tv,2025-11-13,-2.3702032546904523,0.00828202218571615,-0.008878836781953628,OOS
Rni7Fz7208c,musk,a_native,2025-12-01,0.7929689288644844,-0.0001746713294664779,-0.0007733337943990648,OOS
80I8LbQvHUU,musk,b_tv,2025-12-26,-1.7476753252676178,-0.018232410763965295,0.017638277011769714,OOS
e4BGKkglmzM,musk,a_native,2026-01-02,0.2994700216535449,-0.012284897641494544,-0.012877432537104912,OOS
UrB2tQDVLLo,musk,a_native,2026-01-22,-3.9387271729532514,0.025412959887035673,-0.026002076507665912,OOS
IgifEgm1-e0,musk,a_native,2026-01-22,-4.582750486813491,0.027000957696622092,-0.02759007431725233,OOS
zVMJsCbCyIE,musk,a_native,2026-01-22,-1.3217891765746237,0.005880516169036053,-0.006469632789666292,OOS
adgbH9FixW0,musk,b_tv,2026-05-19,-0.9774695457991777,-0.0014403274424258207,0.0008780494264482778,OOS
XuoqKYxDHVc,musk,b_tv,2026-07-29,0.22066484200515005,0.0035491376438798253,0.00298939676523255,OOS
F-y9PqkgO50,musk,a_native,2026-09-10,0.6424231649548309,-0.004699705676350006,-0.00525531071860047,OOS
34-5wOGmCKc,musk,b_tv,2026-09-25,-2.925568687349069,0.0002903115115567871,-0.0008426677776936999,OOS
