minutes,low tell (calm),mid,high tell (stressed)
0,0.0,0.0,0.0
5,-2.019614024456084,0.44670051704754843,2.8872703311978816
10,-2.013763277890131,3.0258660555248773,1.120892629243298
15,-2.136203732206945,7.654800041241908,1.5706008210694862
20,-1.7661563258992208,5.57243273280381,3.1954013014548086
25,-1.73935119617682,5.704697495975458,3.4812421776848708
30,-1.8499270011321418,7.815587465385565,3.849261273380931
35,-1.9289001359800535,9.62112958382435,2.703380963185126
40,-2.370433054859781,10.349212008835796,3.1617129559349295
45,-1.5344319530286192,12.460547977142813,3.0201884586581444
50,0.7403981111856389,11.720531100279633,5.088870628907956
55,1.3575952583519044,10.842074430371033,5.37667407489682
60,1.9987633164988186,11.614688702780027,6.550276978123141
65,2.039554036473075,11.096077602904534,3.671563459148747
70,2.4550183883001733,11.694936439149918,3.8214244733983875
75,1.9254074809084167,13.959907708227755,4.272226130653108
80,2.2707716099387976,14.26957895659233,3.121404660090652
85,2.613266223251599,13.791448881390373,2.525636391492623
90,2.631418604463815,13.791230257706225,2.609087716514851
95,3.254312524924655,14.350820992782893,2.55735150314051
100,4.984109202815042,15.400524048727755,3.7743798758170075
105,5.528284814204439,15.022517695704005,4.8943421196764225
110,6.041925622629179,14.67008309793188,3.7680821827466806
115,6.252179051007023,14.0667318696835,3.7803055477204985
120,7.215517119032441,14.869415812569466,2.2079952935574356
125,7.0538208515075285,15.405842926890536,3.2013261230283243
130,6.454373438066321,14.274535418798118,3.501233165083781
135,6.427390642102618,13.494809753502027,4.094619143610649
140,6.778171437624204,13.663588009855332,4.0601984045429145
145,7.594897003254994,13.068913666347235,2.8268265796934386
150,8.270296171777343,14.237431117647532,2.8401872306484095
155,7.098767843971976,15.10016024800049,3.19444799218166
160,8.145855588236355,13.47713300846433,3.1742712025067386
165,8.130746778876151,12.759086118141662,4.541808845426152
170,8.71041895294097,14.463013800113329,4.497892932991779
175,7.515026046907779,15.84336849441394,5.233290641118577
180,7.029950977655869,16.28747804257882,5.567638867334879
185,7.364584966444883,18.092356567393537,5.385719445193221
190,6.270907211637834,16.890037549527584,5.739831082846283
195,5.638832310434637,16.589913452421168,5.1085013087518645
200,4.554383309814021,16.4899208429054,4.467873464187755
205,4.447778560347424,17.294568068399713,3.227095619843944
210,3.6981997500652466,16.472533769757785,3.470011513128685
215,3.8351823363479047,17.355113229607458,4.87227486787503
220,2.772120662429223,18.14344388656262,4.387055109305772
225,3.398329795635241,17.3912250188936,5.243469339626944
230,3.9020115795100745,19.05046684139952,6.440172607042361
235,4.36926216955743,17.592251201532548,8.676674904172543
240,3.558660616701362,18.5096062955974,8.35735235803779
245,3.4119554040060036,18.745744461866547,11.109438291704507
250,4.6607007502914355,18.414157238877525,11.452985144947414
255,4.868662042728854,18.801332997020175,10.376490582662397
260,5.525155738460457,19.32783568754512,11.323846759048363
265,4.8135366603607075,18.94149364088797,11.417627336297654
270,5.312113207878713,16.891171690424816,12.938266335194562
275,4.5132426515663,16.94901550517073,13.316552198234078
280,3.9526566559465697,17.01285624347859,12.475276114216966
285,3.5064799498400605,17.27854415625837,13.133190116186807
290,3.2309439606550456,17.495174426376916,12.823206376942714
295,3.5802686681668647,17.88031180862553,13.239835554646909
300,2.559899229021079,19.69341172732743,13.005525401557394
305,3.7941409799939456,21.652965540596053,13.833300507138501
310,3.155452333203448,21.54106374480728,14.079319740955162
315,2.9019008824470873,19.803098530873434,12.32520619213647
320,3.612911751660264,21.207587450623922,11.588151031767895
325,2.256671589346416,21.644658039031544,12.989398533228481
330,4.242174273759699,20.763554092988965,10.743444417548208
335,4.296582540917811,22.371796777399247,10.033162214521402
340,3.7386628197855596,23.27934022334392,9.630472379568083
345,4.5740796246594515,21.996979867702183,11.946976686992548
350,4.426331160530961,23.284834488824057,11.37245166832258
355,4.246313208049967,23.48960575269995,11.10814992757712
360,4.702452532038212,25.162403920030325,10.98388496314386
365,6.172317998958912,24.070317446254418,11.83702063866173
370,3.746977192830768,22.969563054832943,12.338121298336134
375,1.9684543868979265,23.99591250887318,12.797776733960323
380,1.2502253122625426,23.54522381159501,11.333969207348773
385,4.608062115259855,23.089794499861227,11.134652169180852
390,,,
