Date,voice_only,hedge_QQQ
2024-10-01,0.0,0.0
2024-10-02,0.0,0.0
2024-10-03,-0.0018110750007940544,-0.0034876206451429142
2024-10-04,-0.0010569182875776405,-0.0019441570949865624
2024-10-07,-0.0004483320745100837,-0.0015396694622194956
2024-10-08,0.0007372580140454433,0.0009308116590423809
2024-10-09,-0.002795934838834718,-0.005732935706947953
2024-10-10,-0.0004951591269906094,-0.0009953147135731452
2024-10-11,-0.0028213447962855466,-0.0020813350367299244
2024-10-14,0.003460348889142218,0.00668043752409037
2024-10-15,0.0022414164007271593,0.0055849553872743905
2024-10-16,-0.0023476229371831372,-0.001320423593306889
2024-10-17,-0.004514350402188447,-0.003623270441208501
2024-10-18,0.00021095451107144386,0.002044058879482082
2024-10-21,0.00204055096692006,0.002787823454244982
2024-10-22,0.003567162420133276,-0.001851019039685026
2024-10-23,-0.0002532953269148191,-0.00300693814986239
2024-10-24,-0.00039864373323018903,-0.003042713544653078
2024-10-25,0.009639322423339767,0.011735519848949036
2024-10-28,-0.002457273444881083,0.009451966660380845
2024-10-29,0.026556851730487312,0.020999396609611438
2024-10-30,-0.011265011318549163,-0.013173639245323021
2024-10-31,-0.0020222909202254075,-0.007492168358992125
2024-11-01,-0.00016464241640117518,0.0012343050994115987
2024-11-04,-0.0036638230901459273,-0.006291143210869151
2024-11-05,-0.00252085644820993,-0.009063373274228882
2024-11-06,0.0039725910738752646,-0.0004727613074150008
2024-11-07,0.0033332903111674846,0.0046501518872498725
2024-11-08,-0.0003886740014244649,-0.005166560650934862
2024-11-11,0.00016306517536049042,-0.0017783515990116906
2024-11-12,0.0001788073632179729,0.001618063582074514
2024-11-13,-0.007324294508714154,-0.004709743708541243
2024-11-14,-0.0013193671923891954,0.002048615065694
2024-11-15,0.0029689974287506714,-0.0014692963401264452
2024-11-18,0.0067353144530582325,0.006311635167915684
2024-11-19,0.0008332211387327428,0.0016679250755811806
2024-11-20,-0.0008490117723167513,-0.00036492151168431166
2024-11-21,-0.007661800440621488,-0.005434157612412773
2024-11-22,-0.001976047245692091,-0.007004129579984062
2024-11-25,-0.0014052505448495496,0.00647944764348244
2024-11-26,1.4093842741747449e-05,-0.010145011403283723
2024-11-27,0.0020712649123715075,0.0008199639837056711
2024-11-29,-0.0035312395409041707,-0.0038221915171149324
2024-12-02,0.0043744042382166115,0.0061030477122225694
2024-12-03,0.005834011074408892,-0.0011097437033986575
2024-12-04,0.0045828151840613,0.001109944534602876
2024-12-05,-0.01078507332013209,-0.006566142802316686
2024-12-06,-0.002254443233132719,-0.005409133149222242
2024-12-09,0.005447564392189622,-0.012784920428639261
2024-12-10,-0.006980914870670919,-0.00781424676939305
2024-12-11,0.0016521223378250418,0.0032126558274783996
2024-12-12,-0.0019088681843368034,-0.00026650836654733794
2024-12-13,-0.0058762857548905175,-0.006198833803196783
2024-12-16,0.0025257540410648653,-0.0022974087182927507
2024-12-17,-0.005983164538077671,-0.005644637897000289
2024-12-18,0.0037017328685821464,0.0050425343972489226
2024-12-19,-0.002248564069860748,-0.006598622070870081
2024-12-20,-0.007092491123126692,-0.006151920467195941
2024-12-23,0.01278291634692174,0.010992423533038347
2024-12-24,-0.00738395894849848,-0.011984144375056262
2024-12-26,0.0021584108997783264,-0.0011467109370933341
2024-12-27,0.01058835918353588,0.01305655054526164
2024-12-30,-0.0004587680017603157,-0.0015212551408853763
2024-12-31,0.0024187447846525257,0.0031817530333920117
2025-01-02,-0.0032510987198332347,0.007833659204168156
2025-01-03,0.003255729769767551,0.0038871802878805307
2025-01-06,0.006551651137424716,0.0010675676925693128
2025-01-07,-0.0010778462242590557,-0.0018557199403108505
2025-01-08,-0.005455737894712402,-0.002728320025453986
2025-01-10,-0.003008671206786935,0.0019334442290314124
2025-01-13,0.0049574493979660655,0.0015658526690767137
2025-01-14,0.001007174289028963,-0.00417617234411172
2025-01-15,-0.0056225611650471425,-0.0052293226625198886
2025-01-16,0.002070235763873376,0.0012377830319975176
2025-01-17,-0.004313688357555451,-0.004556358415819156
2025-01-21,-0.0012237381645173503,0.0021970165958056028
2025-01-22,-0.0011382200647519138,0.0007753240899467616
2025-01-23,0.002057098046089163,-0.0021428046614510314
2025-01-24,-0.008071361865592019,-0.013219185063640048
2025-01-27,-0.0038536295733730777,-0.009346914983611242
2025-01-28,0.002139340004885005,0.006401434756468797
2025-01-29,-0.009738307518553676,-0.007095221009236314
2025-01-30,0.0010974346852082727,-0.0015286656854752731
2025-01-31,0.004957667840515149,0.016403878724651908
2025-02-03,-0.010315316429933991,-0.014743299003642298
2025-02-04,-0.004360066274762209,-0.0012699451016069039
2025-02-05,0.013528329485529397,0.01346278212865322
2025-02-06,-0.0005025802017252368,0.003492330811094325
2025-02-07,0.0010994052902620103,0.0011618039122560288
2025-02-10,0.01307844176888534,0.015599085978369055
2025-02-11,-0.0035094224597622993,0.0012197323067857514
2025-02-12,-0.003091255891549722,-0.007974520192566505
2025-02-13,-0.001944038927760523,0.000907724184508831
2025-02-14,0.0009913485302673975,0.007246052001805428
2025-02-18,-0.0007330468639043899,0.0046360685532653495
2025-02-19,0.013760299006185858,0.005428189448179939
2025-02-20,0.0034344196918806636,0.004880679657090835
2025-02-21,0.008575652362375528,0.00866251366306499
2025-02-24,-0.009777212573808428,-0.005941233186832564
2025-02-25,-0.0010475622602410927,0.005630647632158184
2025-02-26,-0.00252164075034785,0.004553494666554239
2025-02-27,0.004314529022276327,0.00243567914446594
2025-02-28,0.004879973681522418,-0.0002844609666950422
2025-03-03,-0.004892659051676072,-0.0007581314895440448
2025-03-04,0.013643293286740873,-0.00212125333482904
2025-03-05,0.002955502255762944,-0.0004835825635161254
2025-03-06,-0.0005641914572142427,0.004330880774041964
2025-03-07,-0.0021260693421301757,0.0013508610252018838
2025-03-10,-0.005580547950319186,0.006469320234913854
2025-03-11,0.018062916710927555,-0.005562229100779819
2025-03-12,0.004538794679165978,-0.0010451960785845449
2025-03-13,0.004085297868046658,-0.0036979764342769655
2025-03-14,-0.00529834895450269,-0.0030304266785429698
2025-03-17,-0.008717008888616663,0.004400715025560297
2025-03-18,0.004215212739670502,0.0006500326216664639
2025-03-19,0.0027370366501419346,0.001133893140337023
2025-03-20,-0.0011564398554606932,-0.006335528759036879
2025-03-21,0.006003435225458487,-0.0018108020725542283
2025-03-24,0.0011776486157152484,0.002449430597872467
2025-03-25,-0.0005765093247834836,-0.001205473310755332
2025-03-26,-0.0010512090261659173,0.00611417049028967
2025-03-27,-0.006733244282023259,-0.0030594174037474786
2025-03-28,-0.0020840361317101853,0.007157278649817847
2025-03-31,0.006546988683624398,0.0037508046129924007
2025-04-01,-0.0014695455874727927,-7.14836012361586e-05
2025-04-02,0.011479267070128559,0.018657318888713106
2025-04-03,0.0014619738874431581,0.015527018324695302
2025-04-04,0.002247566461319671,-0.0030090624772393837
2025-04-07,-0.0005825283052858369,-0.009429739257866034
2025-04-08,-0.002673459607723069,0.0073638808207514735
2025-04-09,0.00486929565618664,-0.0028570932802769265
2025-04-10,-0.007621730805550432,0.007092965404423674
2025-04-11,-0.002297037061459186,-0.0041522914075711615
2025-04-14,-0.012895728657676271,-0.014023665721613841
2025-04-15,-0.0039588685638331155,-0.003634288855625965
2025-04-16,0.0005773181037282019,-0.00037320954496412726
2025-04-17,-0.0011809030477607128,-0.0007109055877545245
2025-04-21,0.0007688597642694183,0.000346914848227074
2025-04-22,0.00331682311445423,-0.00041073021857254797
2025-04-23,-0.0008087389087927246,0.0016640392598046626
2025-04-24,0.005121853777094177,0.0015819163816110297
2025-04-25,0.0014491975994383596,-0.001053155648225673
2025-04-28,0.0057612155078993164,0.002357264289263239
2025-04-29,-0.0016314898372603974,1.1228140267151948e-05
2025-04-30,-0.00777876114510051,0.0065022758317221825
2025-05-01,0.011438028492793144,0.006244374575836988
2025-05-02,-0.00042621139142589676,0.001401057449139885
2025-05-05,0.001973837412148502,0.0005573279150649047
2025-05-06,-0.000636588245738571,0.0007772623761672029
2025-05-07,-0.0028832099886070064,-0.0023220121911686625
2025-05-08,0.000973254507744181,0.004184198700798789
2025-05-09,0.00281006238914192,-0.0005156669941187367
2025-05-12,0.00010324258648144251,-0.005975659849687334
2025-05-13,0.0017222783363417275,-0.00157798362208171
2025-05-14,-0.002828895438765299,-0.0038466377857574105
2025-05-15,-0.008132299620831571,0.0020764413629241947
2025-05-16,-0.00043562725268514186,0.00020310956846880963
2025-05-19,0.002825286951875012,0.00022596208330010026
2025-05-20,0.0023916131372624955,0.0006535526244419879
2025-05-21,0.005078965472325363,0.002126349318989212
2025-05-22,-0.010071667485667306,-0.009356358894991906
2025-05-23,0.004323683569098628,0.0027224539970926226
2025-05-27,-0.00819984202732062,-0.00010909836338156299
2025-05-28,0.00577877146743255,0.0005841580153764974
2025-05-29,0.00017453395025997134,-0.0014727321207038738
2025-05-30,0.006610211707401486,-0.002693317281381675
2025-06-02,0.00748744111784504,0.004004114974220321
2025-06-03,-0.0027039822816148375,0.004257926003994553
2025-06-04,0.018088078417575888,0.019342732049837615
2025-06-05,0.014017244636006837,0.020821965123208705
2025-06-06,0.009720909790603713,0.004141322629545309
2025-06-09,-0.013123914737749704,-0.025229156666051095
2025-06-10,-0.010804061742516996,-0.014029352577312469
2025-06-11,0.000461644422136519,-0.003167774522870585
2025-06-12,-0.0021668614348291306,0.0050591254871010915
2025-06-13,-0.005793700571025898,-0.012289800725036016
2025-06-16,0.00201459521890758,0.002351411714216821
2025-06-17,0.0075029553288825344,0.009595272791733722
2025-06-18,-0.00514183564262136,0.0023953696423458077
2025-06-20,-0.0037888162258044467,-0.0005066595018859614
2025-06-23,0.0008029047207705884,-0.0035674335438763147
2025-06-24,0.006654537549401672,0.016151534301235008
2025-06-25,0.009465807993388024,0.007353890085416523
2025-06-26,0.001982323938980673,0.0013363497639937271
2025-06-27,0.009069867109605287,0.000417548161756994
2025-06-30,0.010038610298543508,0.013991727311307068
2025-07-01,0.002571778346877682,0.0003532230734738694
2025-07-02,-0.0018133692186125458,0.0028250660009589133
2025-07-03,0.0026484437147154104,0.0014293144148481035
2025-07-07,-0.0041661279934635306,-4.777048687362178e-05
2025-07-08,0.002361941959565659,0.004555208602960079
2025-07-09,-0.002017037288160269,0.004776898708723861
2025-07-10,-0.0038298567755611773,-0.0014626104299235126
2025-07-11,-0.0008340320681579913,-0.001212086284578256
2025-07-14,0.0014306706311504735,-0.00018427664149922308
2025-07-15,-0.0015510464993438037,-0.0003948136182042393
2025-07-16,0.00291564066238962,0.0010619782232731661
2025-07-17,0.0005453649557620412,0.00016578476753088505
2025-07-18,-0.0009729886684419386,-0.0014470036871211472
2025-07-21,-0.003731604671828122,-0.0018699727273984515
2025-07-22,0.0023999693746779975,0.001457470306044925
2025-07-23,-0.001204415211848671,0.003937698010979986
2025-07-24,-0.002975857356836573,-0.0014310863018232455
2025-07-25,-0.0005048903248437624,-0.0012986697231755925
2025-07-28,-1.7242401234632011e-07,-0.0018849891827316758
2025-07-29,8.801839460381208e-05,0.0016011212041556536
2025-07-30,0.0013331027039774387,-0.004281912931060904
2025-07-31,-0.0005787359868168004,0.0012090037299975502
2025-08-01,-0.0008688175199397487,0.0010674337340466928
2025-08-04,-1.6589633835339467e-06,0.000597117149635955
2025-08-05,-0.0003464458226248256,-0.0022995221369963782
2025-08-06,0.0003323801748606081,0.002933440483047141
2025-08-07,-0.0003134322954360158,0.0026708149481299254
2025-08-08,0.000832504789094854,-0.0046391626853098345
2025-08-11,-1.0418232893647356e-05,-0.0030678905319416936
2025-08-12,-0.0019294586349864174,-0.0009722687732839309
2025-08-13,0.0024231736634122776,0.0068783091001676806
2025-08-14,-0.0032306281808221716,-0.005650571501118916
2025-08-15,0.005251657838971156,-0.0028048883403991045
2025-08-18,-0.003926774378780228,-0.003436023364098948
2025-08-19,-0.00844532238338379,-0.003284289310313188
2025-08-20,-0.0031455497228686097,-0.00019568843565133208
2025-08-21,-0.0020134903566477237,-0.0007179412851895697
2025-08-22,0.002099230410496924,0.0010822954382103595
2025-08-25,-0.0016280037118843178,0.005042826346618379
2025-08-26,-0.004100827772890652,-0.004248115531583044
2025-08-27,-0.0030049149568165843,-0.002522723085291279
2025-08-28,-0.010703216298645481,-0.004891747098660162
2025-08-29,-0.004126315867678874,-0.008559532309316966
2025-09-02,-0.0008741003365247193,0.0012179715042665699
2025-09-03,-0.0013857572020045607,0.004035419884610762
2025-09-04,-0.0030033715064452303,-0.0032758545774823904
2025-09-05,0.007139901323589637,0.012546012969139627
2025-09-08,0.013576438965957267,0.004931067880599586
2025-09-09,-0.014489637631999968,-0.00557556386475449
2025-09-10,-0.012217252153122117,-0.0024717575812834634
2025-09-11,0.005502938847877229,0.0009650374203953765
2025-09-12,-0.003193806459255333,0.00041533427688470104
2025-09-15,0.0024514336934383634,0.001961635079989752
2025-09-16,-0.007781812221687633,-0.0021715784269753773
2025-09-17,-0.007145047509664948,-0.0027105849321371863
2025-09-18,-0.006459204944561985,-0.0022262172418027483
2025-09-19,-0.0014677540286349424,0.012431364236003547
2025-09-22,0.005353359503703076,0.008112247353946764
2025-09-23,-0.0012343885419563345,0.0014624312389861023
2025-09-24,0.0039654710463166674,0.0027040908358264876
2025-09-25,-0.003275692802702401,-0.004730248473752611
2025-09-26,0.00358343168551707,-0.001967574356279311
2025-09-29,-0.001167607876149006,-0.0018831567162637113
2025-09-30,-0.0020829883514813376,0.015017438494721239
2025-10-01,-0.007796207474856194,0.011488945060611629
2025-10-02,-0.0041307756164226704,-0.0014801271833647777
2025-10-03,-0.03175780429495283,-0.03037607223945439
2025-10-06,0.006433813024721042,3.299361483104274e-05
2025-10-07,-0.008678408111605501,-0.002432592529406988
2025-10-08,-0.0020951528167745593,0.010072630245706744
2025-10-09,-0.005590651286813755,-0.0023490628212607546
2025-10-10,0.002233436100663447,-0.0033679537657740105
2025-10-13,-0.0009583183803792256,0.004348642857896376
2025-10-14,0.0016171954345970182,-0.01094758771497952
2025-10-15,-0.015570479832840779,0.0010107617141498714
2025-10-16,0.005121225898663039,0.0007030097103668309
2025-10-17,0.006307582255490234,0.008138045694845412
2025-10-20,-0.00819856597405212,0.0044270390826884705
2025-10-21,-0.005943075038958299,0.0009427217889819697
2025-10-22,0.0043266756684829585,-3.721992712261586e-05
2025-10-23,0.0049946231308025035,0.0062146924817315435
2025-10-24,0.01040396503854049,-0.005626715530264013
2025-10-27,-0.0013569450047734716,-0.0042387184330983495
2025-10-28,0.007326074795239054,-0.0007223020751055148
2025-10-29,0.0003731696794234018,-0.014990463931942354
2025-10-30,-0.006358398937255202,0.0017473704416528808
2025-10-31,-0.002563107488499101,0.003190560461505718
2025-11-03,-0.005129438041769749,0.00047915085713448824
2025-11-04,0.0031535562679227956,-0.0036886460916942697
2025-11-05,0.004249231645043345,0.004264803305743253
2025-11-06,0.009306035408814318,-0.004202785204998858
2025-11-07,0.0008551867898228944,0.006391032627402977
2025-11-10,-0.0003966536375748317,-0.006057895774214324
2025-11-11,-0.002327157047459376,-0.010547013921439276
2025-11-12,-0.0038539751610478946,0.0053954955253908725
2025-11-13,0.0015574618624916148,0.005107694263026179
2025-11-14,0.004060889029224162,0.012028910284056579
2025-11-17,-0.006752860174223245,-0.013334088492443528
2025-11-18,0.006379911426676375,-0.00495411866520994
2025-11-19,0.004023874850016189,0.01677977157774375
2025-11-20,0.008628775316900988,-0.014339622031780335
2025-11-21,-0.008702170393557048,0.008993163805364735
2025-11-24,-0.0077531111674983355,0.0010692232313377697
2025-11-25,0.0025375765722997694,0.00532746795187281
2025-11-26,0.0010968682566608171,-0.005482071298842948
2025-11-28,-0.004740526185890739,-0.007671230471566788
2025-12-01,0.004460085164264371,0.007762292287609374
2025-12-02,0.003401437309406054,0.00796270787213883
2025-12-03,0.0053886089567033064,-0.007851935790935577
2025-12-04,0.0005194856680056966,0.0013585824385430585
2025-12-05,-0.005261947042198391,-0.012331486467765624
2025-12-08,-0.004019251350231812,-0.007978219232695039
2025-12-09,0.022742419914039576,0.02248870782080467
2025-12-10,-0.015414330177607604,-0.009016484995820901
2025-12-11,-0.019581054297638244,-0.017500237762466366
2025-12-12,0.0042227572678861175,-0.0004560097395159825
2025-12-15,0.001183066307096445,0.007001268706008298
2025-12-16,0.009050172494511542,0.002903721094573893
2025-12-17,-0.0023919700128930987,0.00032104405514045057
2025-12-18,0.008918031909652001,0.007663164268775744
2025-12-19,-0.00657308288420845,-0.0008608846542953189
2025-12-22,-0.007130688053336059,-0.009160040938194752
2025-12-23,-0.0002781625966181592,0.002677394435324212
2025-12-24,-0.00437053162397867,-0.00279230657921716
2025-12-26,0.00464960410479671,0.0019087125096751277
2025-12-29,0.006271248736020223,0.008573169054637762
2025-12-30,0.004822317357304245,0.006087544834135157
2025-12-31,-0.0034425710531229415,9.09521824579829e-05
2026-01-02,0.003460754970614557,0.00230683671545667
2026-01-05,-0.002019109457842709,-0.010049531359176925
2026-01-06,0.008331449357075577,0.003715401002185888
2026-01-07,-0.002409876469793742,0.009164241164232482
2026-01-08,-0.0011027084402468667,-0.007397527314470141
2026-01-09,-0.0031151714439360094,-0.0027416152934784553
2026-01-12,-0.006662066379496935,-0.0042955381453487936
2026-01-13,-0.00672789722909444,0.008118178951846598
2026-01-14,0.0018808782105381252,0.0008904233111100906
2026-01-15,-0.0017509184502207185,-0.009242594233466907
2026-01-16,-0.005091787235974015,-0.005159628146397496
2026-01-20,0.002852562469665798,-0.0011834424348862872
2026-01-21,0.0035672523068528777,0.00862448239644146
2026-01-22,-0.016295665570867757,-0.01653695499403789
2026-01-23,0.0019717403102676423,-0.0018813766227197411
2026-01-26,0.003037449097218238,0.012092504417096476
2026-01-27,-0.004081477992661634,0.00500306576510376
2026-01-28,0.007450065310155016,0.0070194884597751285
2026-01-29,-0.004640148145069449,-0.0036126354021070047
2026-01-30,0.004750381695246689,-0.0019332641212282185
2026-02-02,0.008727279518121113,0.012419998354950751
2026-02-03,-0.003138321723579149,0.0001787303724360132
2026-02-04,-0.004934571107913012,-0.0006309482614554492
2026-02-05,0.006897718173215594,0.0025303106354243343
2026-02-06,-0.007690147338432631,-0.005870141116675664
2026-02-09,-0.006855572477270983,-0.009334659254595498
2026-02-10,-0.002877903976081801,-0.004051765038309893
2026-02-11,0.008225427701207669,0.003090267552041181
2026-02-12,-0.003883909294920105,-0.008108023321450733
2026-02-13,0.0071009643978989226,0.01500828088278698
2026-02-17,-0.005145756654904924,-0.004850812792846301
2026-02-18,0.0023748978126073737,0.002384504587108109
2026-02-19,-0.0015005609971752844,-0.010055641208591204
2026-02-20,0.0039996017990267425,-0.00484224649295718
2026-02-23,-0.0006794203810917345,0.012779707877314516
2026-02-24,0.0010655443337200634,-0.0041601331586875855
2026-02-25,0.0006748461746358967,-0.0019539676284198587
2026-02-26,-5.0264214111454314e-05,0.0023520856352566054
2026-02-27,0.0006513273247029066,0.004398938771958552
2026-03-02,0.0013482261520634724,0.0031910340914407245
2026-03-03,0.0012756803191239056,-0.005394575427952843
2026-03-04,-0.0002433321928091749,-0.0009464796236295521
2026-03-05,-0.0036953339132805322,0.0035832283827617606
2026-03-06,0.0007801358920138645,0.0015712340628938042
2026-03-09,0.00025927164274974215,-0.009279981459957443
2026-03-10,-0.0015294304668461657,-0.0007408589915578948
2026-03-11,-0.0010824506916586264,-0.0032979201711934047
2026-03-12,0.003953107328825915,0.0026582983099463736
2026-03-13,-0.0019626614962255204,0.0010747082659175258
2026-03-16,0.00040963908630220665,-0.007591199053004586
2026-03-17,0.0019145360662271272,-0.0032850685739692752
2026-03-18,-0.0006425762345280736,0.004120790307265236
2026-03-19,0.00019987262142830107,-0.0012433937118417335
2026-03-20,0.0008597009725032507,-0.0001093659295652931
2026-03-23,-0.0017650185961252706,0.0033775294231523168
2026-03-24,0.004191853843574687,0.005222956748929553
2026-03-25,-0.0024274460085337785,-0.0036866693184114795
2026-03-26,-0.002449733771241657,0.00538114831639263
2026-03-27,0.0004034938053328553,-0.0022282882349873787
2026-03-30,0.0012820133083014007,-0.002897408254613688
2026-03-31,0.00024298616918878665,-0.00551170687224815
2026-04-01,-0.002245079648354676,0.003532462857114394
2026-04-02,-0.00012608218205178683,-0.0020919297857073032
2026-04-06,-0.0025957096846356037,-0.0037506258612214406
2026-04-07,0.0011303998432384697,-0.0051612264777585164
2026-04-08,-0.009976573694248248,-0.0029534588618129725
2026-04-09,0.0012281398512217132,0.0037741236974975323
2026-04-10,-0.008230195028237448,-0.006974667026471307
2026-04-13,0.012079448323773568,0.007690665136364152
2026-04-14,-0.000673942135529924,-0.001627858748596682
2026-04-15,0.004616249451231989,0.0030054596745052987
2026-04-16,-0.002563495130435989,-0.0024967134070292656
2026-04-17,-0.002915191188993679,0.0004347420299708416
2026-04-20,0.004971697166636109,0.002815139964589467
2026-04-21,0.0011260885206564358,0.0006183135638291319
2026-04-22,-0.011881378378243325,-0.01225176745332473
2026-04-23,-0.006829842509738649,-0.004845205923546349
2026-04-24,0.01002376570333725,-0.0009189352828276537
2026-04-27,0.003870356772738599,0.0024928499905564473
2026-04-28,-0.00011242444358482994,-0.0032145961878027106
2026-04-29,-0.001519266760947502,0.0029862227862964053
2026-04-30,-0.012333445176594073,-0.00017388219087525772
2026-05-01,0.0006248851869862155,0.003768112528987425
2026-05-04,0.0009708972274439443,0.0026349892768339272
2026-05-05,-0.0019500411500036681,0.0005524863275178644
2026-05-06,0.004246343973476281,-0.0017781168390268417
2026-05-07,0.0075878875148304315,0.0030689316000558015
2026-05-08,0.004099265054567382,0.0073557809800449655
2026-05-11,0.005388029469833715,0.003294761952778027
2026-05-12,0.0033743393678759676,-0.0025195732567411047
2026-05-13,0.00037592013946576556,-0.03411498505259421
2026-05-14,0.0014952783107417713,-0.003936844474679114
2026-05-15,0.0022426587568139997,0.0007463719567627977
2026-05-18,-0.008506767497553927,0.010095294735056132
2026-05-19,0.004601147456288336,0.003632910904669467
2026-05-20,-0.013136002983103903,-0.008989126530020368
2026-05-21,0.0009853195681769399,-0.008012066780892486
2026-05-22,-0.006846438280357391,-0.014690983395652496
2026-05-26,-0.0005370108953500795,0.0011857459580992442
2026-05-27,0.012814668504466031,-0.0015314939162087322
2026-05-28,-0.0011627797186274005,-0.0117247266268662
2026-05-29,-7.907110659586457e-05,-0.006379300614147563
2026-06-01,0.0062999543315400315,0.011036980167958971
2026-06-02,-0.003970581619627563,0.016681187760383628
2026-06-03,-0.011703095812535072,-0.014160240027051877
2026-06-04,0.004195820869613175,-0.003492653293061593
2026-06-05,0.01393835689585481,0.004470121804826873
2026-06-08,-0.006004739336418605,0.0012736526058342644
2026-06-09,0.0062527014517650414,-0.008979066891939894
2026-06-10,-0.0059898033939494635,0.0038126582253236105
2026-06-11,0.00524997342136397,0.003747523571547263
2026-06-12,-0.0007132161728488733,-0.002203352786635575
2026-06-15,0.00397063331643388,0.005731243100808917
2026-06-16,-0.006856919011236499,-0.010903748045687191
2026-06-17,-0.010017810653265064,-0.0030441777556404373
2026-06-18,0.003359063937186996,0.0071866424664575835
2026-06-22,-0.008069076294915505,-0.006522323749797794
2026-06-23,0.009485522328449564,-0.003811574234225875
2026-06-24,0.003972660874251426,-0.004896836259571242
2026-06-25,-0.0038395896312261703,-0.006505269000972032
2026-06-26,0.0077345291039505265,0.01212305665448833
2026-06-29,0.005716055401976496,0.0011214129107628506
2026-06-30,-0.00010172714887580541,0.0026428084229685547
2026-07-01,-0.007837548015969448,0.0048579483335130565
2026-07-02,0.007064449029509837,0.000893057074093632
2026-07-06,-0.004788936442914884,-0.0029291300434759393
2026-07-07,0.002437325070586211,0.0020494838668734306
2026-07-08,-0.004749797674346082,0.00048116348514774766
2026-07-09,0.0027561084871114056,-0.0010522771977074532
2026-07-10,-0.0004198811391256062,-0.004203273231733382
2026-07-13,0.00010017988359232376,-0.0001377756762695162
2026-07-14,0.0027143415988400517,-0.0006658238149238869
2026-07-15,0.0031944770530050836,-0.006451430501244507
2026-07-16,-0.004775925241274089,0.000591107224826025
2026-07-17,-0.0010837562506562145,-8.609609593714393e-05
2026-07-20,0.0013459755744418115,0.005463043141301168
2026-07-21,-0.0017073380368882916,-0.002227990690053129
2026-07-22,-0.005826579497129455,0.005134070622560552
2026-07-23,-0.0014507850023402031,-0.00035198545554158115
2026-07-24,-0.0010226887932820734,-0.00030190176204578713
2026-07-27,0.023177259620042977,0.00185319225928353
2026-07-28,0.004763569688489742,-0.0006465774491312821
2026-07-29,-0.003836771577609171,0.0011479673903661875
2026-07-30,-0.012837392624957143,-0.0005037987630330453
2026-07-31,0.01690768032782908,0.002909201909482749
2026-08-03,-0.014679331396185906,-0.004228236892393946
2026-08-04,0.005087113645913731,0.013576101102616821
2026-08-05,-0.0031744739269201055,-0.011779974287493047
2026-08-06,-0.004554638204441198,-0.0015100055396521216
2026-08-07,0.00981799839691172,-0.005042825537005253
2026-08-10,0.007746683797566836,-0.001634973927334309
2026-08-11,-0.0006235803406967774,0.0014061007217960166
2026-08-12,-0.002719781971833696,0.002097686306359311
2026-08-13,0.0002541813923923912,-0.0003605454984796467
2026-08-14,-0.007036107833408682,-0.003960588802064948
2026-08-17,0.005518764223100501,0.0017396353786741326
2026-08-18,0.0016938749835714003,4.682908208931434e-05
2026-08-19,0.0053940070833619035,0.0010554941681899328
2026-08-20,-0.0032809912035974883,-0.0009848754327522406
2026-08-21,-0.00388549815194473,-0.007397462964848024
2026-08-24,0.009452028251163262,0.010293581094378059
2026-08-25,-0.006323965175737864,-0.005915454195234535
2026-08-26,-0.00329993015549403,-0.0015868407789295545
2026-08-27,0.0035887629827473463,0.0025233216747680256
2026-08-28,0.003645309542873403,0.0038045565902238773
2026-08-31,-0.0036994796159816666,-0.004507581540627564
2026-09-01,0.004593392903958479,0.003761234100190397
2026-09-02,-0.004637164690232589,-0.009024332425797055
2026-09-03,-0.005442973581903041,-0.0018130503187813725
2026-09-04,0.00422460999391507,0.004717433690130523
2026-09-08,-0.008150484587172355,-0.002895282375688325
2026-09-09,0.008136194424658608,0.007892130908497984
2026-09-10,0.006773214107604546,0.006064316401804559
2026-09-11,-0.005452789413210225,0.0013241086703261705
2026-09-14,0.0054414364490228614,0.0009254909120769376
2026-09-15,-0.001475077113132032,-0.004221380565925003
2026-09-16,0.004492804356092664,0.010655944116254205
2026-09-17,-0.003280092780987465,-0.003806387729995718
2026-09-18,-0.015579421993201618,-0.0011430761460005363
2026-09-21,0.0022880056239917576,0.0008940857927576109
2026-09-22,-0.014386745874343593,-0.00886338084546198
2026-09-23,0.0006308599432325852,0.003771506958658191
2026-09-24,-0.006154196850069423,-0.00019412687153178907
2026-09-25,0.00909320116242877,-0.0012599718438963364
2026-09-28,-0.011011511856570058,0.0032030789989769006
2026-09-29,-0.006220365355711876,0.0028422520376597295
2026-09-30,-0.012340859528424937,-0.008912007358638027
