variant,signal,sign,horizon,hedge,is_sharpe,n_traded
text_only|-|h20|SPY,text_only,-1,20,SPY,0.31695934958210564,665
text_only|-|h60|SPY,text_only,-1,60,SPY,0.25840147560824317,665
primary|+|h20|QQQ,primary,1,20,QQQ,0.21714223012542888,661
voice_only|+|h20|SPY,voice_only,1,20,SPY,0.2148111564062491,648
equal_feature_weights|-|h60|SPY,equal_feature_weights,-1,60,SPY,0.1883084059075073,661
text_only|-|h40|SPY,text_only,-1,40,SPY,0.1801022978421192,665
face_only|+|h20|QQQ,face_only,1,20,QQQ,0.16653050633113023,672
no_incongruence|+|h20|QQQ,no_incongruence,1,20,QQQ,0.14681650935274151,661
voice_only|+|h20|QQQ,voice_only,1,20,QQQ,0.12784469605084078,648
face_only|-|h5|SPY,face_only,-1,5,SPY,0.12592262262818946,672
voice_only|+|h40|SPY,voice_only,1,40,SPY,0.12103502897547835,648
face_only|+|h20|SPY,face_only,1,20,SPY,0.09981656774839347,672
equal_feature_weights|-|h60|QQQ,equal_feature_weights,-1,60,QQQ,0.09417661055750225,661
text_only|-|h20|QQQ,text_only,-1,20,QQQ,0.09160701855846469,665
primary|+|h20|SPY,primary,1,20,SPY,0.07406546390850156,661
equal_feature_weights|-|h40|SPY,equal_feature_weights,-1,40,SPY,0.06664110388876886,661
voice_only|+|h10|SPY,voice_only,1,10,SPY,0.06231587592768391,648
equal_feature_weights|+|h20|QQQ,equal_feature_weights,1,20,QQQ,0.054878284064933155,661
text_only|-|h60|QQQ,text_only,-1,60,QQQ,0.0306586199052594,665
no_incongruence|-|h60|SPY,no_incongruence,-1,60,SPY,0.026554762462708797,661
no_incongruence|+|h20|SPY,no_incongruence,1,20,SPY,0.020026435456698823,661
equal_feature_weights|-|h10|SPY,equal_feature_weights,-1,10,SPY,0.017608787458022603,661
primary|+|h40|QQQ,primary,1,40,QQQ,0.012723844748053487,661
text_only|-|h10|SPY,text_only,-1,10,SPY,0.004884253394286727,665
no_incongruence|-|h40|SPY,no_incongruence,-1,40,SPY,-0.0031977160564617686,661
primary|+|h60|QQQ,primary,1,60,QQQ,-0.009217668342654231,661
primary|+|h10|QQQ,primary,1,10,QQQ,-0.01715551025456962,661
voice_only|+|h40|QQQ,voice_only,1,40,QQQ,-0.017164222606825028,648
primary|+|h2|QQQ,primary,1,2,QQQ,-0.023412345384340113,661
face_only|-|h5|QQQ,face_only,-1,5,QQQ,-0.024719720234808347,672
equal_feature_weights|-|h40|QQQ,equal_feature_weights,-1,40,QQQ,-0.030300189530619158,661
equal_feature_weights|+|h20|SPY,equal_feature_weights,1,20,SPY,-0.032106053266384674,661
text_only|-|h5|SPY,text_only,-1,5,SPY,-0.034296776416571126,665
equal_feature_weights|-|h5|SPY,equal_feature_weights,-1,5,SPY,-0.03481073107112811,661
no_incongruence|-|h60|QQQ,no_incongruence,-1,60,QQQ,-0.03761470846304958,661
voice_only|+|h60|SPY,voice_only,1,60,SPY,-0.0398985506693488,648
no_incongruence|+|h10|QQQ,no_incongruence,1,10,QQQ,-0.044198409420211124,661
face_only|-|h10|SPY,face_only,-1,10,SPY,-0.04562588000866174,672
voice_only|-|h60|QQQ,voice_only,-1,60,QQQ,-0.053670886212013796,648
equal_feature_weights|+|h1|QQQ,equal_feature_weights,1,1,QQQ,-0.05610457657367729,661
primary|-|h60|SPY,primary,-1,60,SPY,-0.05624412482009993,661
face_only|-|h3|SPY,face_only,-1,3,SPY,-0.05799045336756867,672
voice_only|+|h10|QQQ,voice_only,1,10,QQQ,-0.058246927337485654,648
text_only|+|h2|QQQ,text_only,1,2,QQQ,-0.06688029721505732,665
text_only|-|h40|QQQ,text_only,-1,40,QQQ,-0.07275142819191058,665
voice_only|+|h3|SPY,voice_only,1,3,SPY,-0.07658916150569339,648
face_only|+|h60|QQQ,face_only,1,60,QQQ,-0.07882444592648677,672
primary|-|h10|SPY,primary,-1,10,SPY,-0.0805472138982953,661
no_incongruence|-|h40|QQQ,no_incongruence,-1,40,QQQ,-0.08264118325226456,661
equal_feature_weights|+|h2|QQQ,equal_feature_weights,1,2,QQQ,-0.08742326332311857,661
text_only|+|h10|QQQ,text_only,1,10,QQQ,-0.08976169292630332,665
face_only|+|h40|QQQ,face_only,1,40,QQQ,-0.09002669517483801,672
face_only|-|h60|SPY,face_only,-1,60,SPY,-0.09055217736955076,672
no_incongruence|+|h2|QQQ,no_incongruence,1,2,QQQ,-0.09746449274186021,661
no_incongruence|-|h10|SPY,no_incongruence,-1,10,SPY,-0.09809513416146266,661
face_only|-|h40|SPY,face_only,-1,40,SPY,-0.10406677715727199,672
primary|-|h40|SPY,primary,-1,40,SPY,-0.10455776616112787,661
face_only|-|h40|QQQ,face_only,-1,40,QQQ,-0.10993312522244564,672
face_only|+|h40|SPY,face_only,1,40,SPY,-0.11450257118909499,672
text_only|+|h40|QQQ,text_only,1,40,QQQ,-0.11520720681866027,665
face_only|-|h60|QQQ,face_only,-1,60,QQQ,-0.11925811034044619,672
primary|+|h40|SPY,primary,1,40,SPY,-0.12007117196060342,661
no_incongruence|+|h40|QQQ,no_incongruence,1,40,QQQ,-0.12396471348429691,661
primary|+|h3|QQQ,primary,1,3,QQQ,-0.12440976653024184,661
voice_only|+|h5|SPY,voice_only,1,5,SPY,-0.12476851330906587,648
face_only|+|h60|SPY,face_only,1,60,SPY,-0.12790292196098274,672
primary|+|h5|QQQ,primary,1,5,QQQ,-0.12916228229100066,661
voice_only|-|h5|QQQ,voice_only,-1,5,QQQ,-0.1323847383398776,648
voice_only|+|h60|QQQ,voice_only,1,60,QQQ,-0.13310689988350327,648
text_only|+|h2|SPY,text_only,1,2,SPY,-0.13636590913108781,665
no_incongruence|-|h5|SPY,no_incongruence,-1,5,SPY,-0.1450243456662118,661
face_only|+|h10|QQQ,face_only,1,10,QQQ,-0.14715652258470735,672
equal_feature_weights|+|h10|QQQ,equal_feature_weights,1,10,QQQ,-0.1481739549689793,661
primary|+|h2|SPY,primary,1,2,SPY,-0.1488131237956867,661
equal_feature_weights|+|h1|SPY,equal_feature_weights,1,1,SPY,-0.15326392080398868,661
no_incongruence|+|h60|QQQ,no_incongruence,1,60,QQQ,-0.15659163775405902,661
primary|+|h60|SPY,primary,1,60,SPY,-0.15746647901740335,661
voice_only|-|h60|SPY,voice_only,-1,60,SPY,-0.15972974999367137,648
equal_feature_weights|-|h10|QQQ,equal_feature_weights,-1,10,QQQ,-0.16254431069498188,661
equal_feature_weights|+|h40|QQQ,equal_feature_weights,1,40,QQQ,-0.16269506095093555,661
text_only|-|h3|SPY,text_only,-1,3,SPY,-0.1697574197308869,665
primary|-|h5|SPY,primary,-1,5,SPY,-0.17054281307107402,661
no_incongruence|+|h2|SPY,no_incongruence,1,2,SPY,-0.17836105419933762,661
equal_feature_weights|-|h5|QQQ,equal_feature_weights,-1,5,QQQ,-0.17995392010075675,661
voice_only|-|h40|QQQ,voice_only,-1,40,QQQ,-0.17996675120943262,648
primary|-|h60|QQQ,primary,-1,60,QQQ,-0.18048505012592297,661
face_only|-|h10|QQQ,face_only,-1,10,QQQ,-0.18332107400726344,672
equal_feature_weights|-|h3|SPY,equal_feature_weights,-1,3,SPY,-0.1872385833305604,661
primary|+|h1|QQQ,primary,1,1,QQQ,-0.18859712392472003,661
face_only|-|h3|QQQ,face_only,-1,3,QQQ,-0.19534318648490495,672
equal_feature_weights|+|h2|SPY,equal_feature_weights,1,2,SPY,-0.19958661546918263,661
text_only|+|h5|QQQ,text_only,1,5,QQQ,-0.2010654986235335,665
voice_only|+|h2|SPY,voice_only,1,2,SPY,-0.2047996208043305,648
no_incongruence|+|h5|QQQ,no_incongruence,1,5,QQQ,-0.20682080609015577,661
primary|-|h40|QQQ,primary,-1,40,QQQ,-0.21054899629423857,661
text_only|+|h60|QQQ,text_only,1,60,QQQ,-0.214194841557464,665
equal_feature_weights|-|h20|SPY,equal_feature_weights,-1,20,SPY,-0.21773934881218032,661
voice_only|+|h3|QQQ,voice_only,1,3,QQQ,-0.21811172109463994,648
no_incongruence|+|h3|QQQ,no_incongruence,1,3,QQQ,-0.2198484286666247,661
no_incongruence|+|h40|SPY,no_incongruence,1,40,SPY,-0.23003622685925168,661
text_only|-|h5|QQQ,text_only,-1,5,QQQ,-0.2312541003847925,665
text_only|-|h10|QQQ,text_only,-1,10,QQQ,-0.23454984347076224,665
no_incongruence|+|h10|SPY,no_incongruence,1,10,SPY,-0.23888494048374914,661
no_incongruence|+|h60|SPY,no_incongruence,1,60,SPY,-0.24253761572488836,661
primary|+|h10|SPY,primary,1,10,SPY,-0.24435691395660986,661
no_incongruence|-|h5|QQQ,no_incongruence,-1,5,QQQ,-0.2484918809928843,661
voice_only|+|h2|QQQ,voice_only,1,2,QQQ,-0.2577175382308218,648
text_only|+|h3|QQQ,text_only,1,3,QQQ,-0.2661133754403365,665
text_only|+|h1|QQQ,text_only,1,1,QQQ,-0.26832335581342004,665
primary|+|h3|SPY,primary,1,3,SPY,-0.2712792993932648,661
voice_only|-|h10|QQQ,voice_only,-1,10,QQQ,-0.2718749558713527,648
equal_feature_weights|+|h5|QQQ,equal_feature_weights,1,5,QQQ,-0.2751237829325037,661
no_incongruence|-|h10|QQQ,no_incongruence,-1,10,QQQ,-0.2761211630081916,661
equal_feature_weights|+|h60|QQQ,equal_feature_weights,1,60,QQQ,-0.2806787300554384,661
no_incongruence|-|h20|SPY,no_incongruence,-1,20,SPY,-0.2807454062737426,661
equal_feature_weights|-|h20|QQQ,equal_feature_weights,-1,20,QQQ,-0.28525239616938275,661
primary|+|h5|SPY,primary,1,5,SPY,-0.2860416000873573,661
equal_feature_weights|+|h40|SPY,equal_feature_weights,1,40,SPY,-0.28696415069043596,661
primary|-|h10|QQQ,primary,-1,10,QQQ,-0.2910761227458474,661
face_only|+|h10|SPY,face_only,1,10,SPY,-0.2982500092335687,672
equal_feature_weights|-|h3|QQQ,equal_feature_weights,-1,3,QQQ,-0.3043519073321077,661
primary|-|h5|QQQ,primary,-1,5,QQQ,-0.30481951231879884,661
no_incongruence|-|h3|SPY,no_incongruence,-1,3,SPY,-0.3091741027596594,661
primary|+|h1|SPY,primary,1,1,SPY,-0.31113211710255356,661
no_incongruence|+|h3|SPY,no_incongruence,1,3,SPY,-0.31610718453282577,661
text_only|-|h3|QQQ,text_only,-1,3,QQQ,-0.3179645551181371,665
equal_feature_weights|+|h3|QQQ,equal_feature_weights,1,3,QQQ,-0.3183437311988313,661
face_only|+|h2|QQQ,face_only,1,2,QQQ,-0.31876923697177806,672
voice_only|+|h5|QQQ,voice_only,1,5,QQQ,-0.31930794050391476,648
primary|-|h20|SPY,primary,-1,20,SPY,-0.32370723299642423,661
text_only|+|h20|QQQ,text_only,1,20,QQQ,-0.32475768457818865,665
text_only|+|h10|SPY,text_only,1,10,SPY,-0.331074751151957,665
voice_only|-|h40|SPY,voice_only,-1,40,SPY,-0.33306889270046586,648
no_incongruence|+|h5|SPY,no_incongruence,1,5,SPY,-0.3332658311797247,661
no_incongruence|+|h1|QQQ,no_incongruence,1,1,QQQ,-0.3394082365613891,661
equal_feature_weights|+|h10|SPY,equal_feature_weights,1,10,SPY,-0.34503015635278234,661
voice_only|-|h5|SPY,voice_only,-1,5,SPY,-0.347656960916736,648
primary|-|h3|SPY,primary,-1,3,SPY,-0.3513846228130528,661
face_only|-|h2|SPY,face_only,-1,2,SPY,-0.3526588510457917,672
face_only|-|h20|SPY,face_only,-1,20,SPY,-0.3545500089209874,672
voice_only|-|h20|QQQ,voice_only,-1,20,QQQ,-0.36516997857737216,648
text_only|+|h1|SPY,text_only,1,1,SPY,-0.3738292927929717,665
text_only|+|h40|SPY,text_only,1,40,SPY,-0.3842921105258982,665
no_incongruence|-|h20|QQQ,no_incongruence,-1,20,QQQ,-0.3863989126781472,661
no_incongruence|-|h3|QQQ,no_incongruence,-1,3,QQQ,-0.3903740162321933,661
equal_feature_weights|+|h60|SPY,equal_feature_weights,1,60,SPY,-0.3984640674204393,661
text_only|+|h5|SPY,text_only,1,5,SPY,-0.40321656071659423,665
face_only|-|h20|QQQ,face_only,-1,20,QQQ,-0.4045018419707772,672
voice_only|-|h3|QQQ,voice_only,-1,3,QQQ,-0.4057154598123499,648
face_only|+|h1|QQQ,face_only,1,1,QQQ,-0.4063191854034724,672
face_only|+|h3|QQQ,face_only,1,3,QQQ,-0.40637326172547744,672
voice_only|-|h10|SPY,voice_only,-1,10,SPY,-0.4120330782350502,648
face_only|+|h5|QQQ,face_only,1,5,QQQ,-0.42166637488993247,672
no_incongruence|+|h1|SPY,no_incongruence,1,1,SPY,-0.42265822185009244,661
text_only|+|h3|SPY,text_only,1,3,SPY,-0.4266282293017135,665
face_only|+|h2|SPY,face_only,1,2,SPY,-0.4266886982253748,672
equal_feature_weights|+|h5|SPY,equal_feature_weights,1,5,SPY,-0.4435137709797462,661
primary|-|h20|QQQ,primary,-1,20,QQQ,-0.4473209279287501,661
equal_feature_weights|+|h3|SPY,equal_feature_weights,1,3,SPY,-0.44995997868825716,661
face_only|-|h2|QQQ,face_only,-1,2,QQQ,-0.45457956029434743,672
text_only|+|h60|SPY,text_only,1,60,SPY,-0.4597431258776955,665
voice_only|-|h20|SPY,voice_only,-1,20,SPY,-0.46987735384213053,648
primary|-|h3|QQQ,primary,-1,3,QQQ,-0.4824645514700865,661
voice_only|+|h1|QQQ,voice_only,1,1,QQQ,-0.49168097197606964,648
voice_only|+|h1|SPY,voice_only,1,1,SPY,-0.4979972980340906,648
face_only|+|h1|SPY,face_only,1,1,SPY,-0.5085948513616921,672
voice_only|-|h2|QQQ,voice_only,-1,2,QQQ,-0.5273643505517451,648
text_only|+|h20|SPY,text_only,1,20,SPY,-0.5609849922041468,665
voice_only|-|h3|SPY,voice_only,-1,3,SPY,-0.5646599956177711,648
face_only|+|h3|SPY,face_only,1,3,SPY,-0.5668292864291402,672
face_only|-|h1|SPY,face_only,-1,1,SPY,-0.5715060743166109,672
equal_feature_weights|-|h2|SPY,equal_feature_weights,-1,2,SPY,-0.5813180898721059,661
voice_only|-|h1|QQQ,voice_only,-1,1,QQQ,-0.593048135831094,648
face_only|+|h5|SPY,face_only,1,5,SPY,-0.5977315012279326,672
no_incongruence|-|h2|SPY,no_incongruence,-1,2,SPY,-0.6099742710064294,661
text_only|-|h2|SPY,text_only,-1,2,SPY,-0.6135583930237397,665
voice_only|-|h2|SPY,voice_only,-1,2,SPY,-0.6152931687743992,648
primary|-|h2|SPY,primary,-1,2,SPY,-0.6352075590194913,661
text_only|-|h1|SPY,text_only,-1,1,SPY,-0.639058125740288,665
voice_only|-|h1|SPY,voice_only,-1,1,SPY,-0.6395457870806149,648
text_only|-|h2|QQQ,text_only,-1,2,QQQ,-0.6747962865807908,665
no_incongruence|-|h1|SPY,no_incongruence,-1,1,SPY,-0.6830472827138083,661
no_incongruence|-|h2|QQQ,no_incongruence,-1,2,QQQ,-0.6874134973562133,661
face_only|-|h1|QQQ,face_only,-1,1,QQQ,-0.6875763105015137,672
equal_feature_weights|-|h2|QQQ,equal_feature_weights,-1,2,QQQ,-0.6918784501943194,661
text_only|-|h1|QQQ,text_only,-1,1,QQQ,-0.7182612678270553,665
primary|-|h2|QQQ,primary,-1,2,QQQ,-0.7579188765319886,661
no_incongruence|-|h1|QQQ,no_incongruence,-1,1,QQQ,-0.7585637130291927,661
primary|-|h1|SPY,primary,-1,1,SPY,-0.8012058521927156,661
equal_feature_weights|-|h1|SPY,equal_feature_weights,-1,1,SPY,-0.9208276229231619,661
primary|-|h1|QQQ,primary,-1,1,QQQ,-0.9287032543652002,661
equal_feature_weights|-|h1|QQQ,equal_feature_weights,-1,1,QQQ,-1.014144620364702,661
