variant,sharpe,ann_return,max_drawdown,n_traded
PRIMARY,0.07406546390850156,0.002526055152207274,-0.33312884535162524,661
costs_x2,-0.03618506033920921,-0.007952164118100291,-0.35014363367169987,661
horizon_1,-0.31113211710255356,-0.007438072969820686,-0.08385494827575446,661
horizon_2,-0.1488131237956867,-0.0052893612603013285,-0.1480268706211103,661
horizon_3,-0.2712792993932648,-0.011640438608418902,-0.24230453169579913,661
horizon_5,-0.2860416000873573,-0.016862834041744823,-0.2858178902747741,661
horizon_10,-0.24435691395660986,-0.0208974610020477,-0.32985092218770684,661
horizon_40,-0.12007117196060342,-0.018377479645348083,-0.4086468173165635,661
horizon_60,-0.15746647901740335,-0.02249903458106517,-0.406457445392723,661
hedge_QQQ,0.21714223012542888,0.016768367150413743,-0.23516753415210212,661
earnings_included,-0.019352931399181223,-0.007016877611388805,-0.31823937184934137,770
benchmark_short_every_interview,-0.5229416002617452,-0.05280171755367591,-0.5039120194153549,661
benchmark_long_every_interview,0.2829129640434547,0.02264086598487758,-0.2574558792645265,661
short_only,-0.04348891542679916,-0.007220176130485423,-0.34886056951069677,411
stack_overlap,0.13916181336164102,0.009296179513287539,-0.28356553781008587,661
dd_brake_0.10,0.05984337957753557,0.0017901177460886153,-0.24154766371901104,661
no_incongruence,0.020026435456698823,-0.0025847292533567323,-0.3361066166018948,661
equal_feature_weights,-0.032106053266384674,-0.007395043028574189,-0.3180394350379976,661
face_only,0.09981656774839347,0.005000461823345459,-0.3227978180003219,672
voice_only,0.2148111564062491,0.015804025179141146,-0.18988939426692153,648
text_only,-0.5609849922041468,-0.05550278190002089,-0.4570731114923543,665
leave_out_armstrong,0.09060362634148303,0.004113287750935557,-0.33312884535162524,642
leave_out_barra,0.062004726366805936,0.0014761126655620238,-0.3341307708692387,622
leave_out_benioff,0.09619724811201055,0.004638572462285717,-0.3465074299029881,614
leave_out_cook,0.1520837783319268,0.01002192204670238,-0.3199448088985809,628
leave_out_dimon,-0.06422909541534941,-0.01013493643645702,-0.3398258532745645,577
leave_out_farley,0.11139478960769539,0.006063416934825261,-0.33312884535162524,647
leave_out_gelsinger,-0.11141327057704926,-0.014390861283078316,-0.37181931053064465,642
leave_out_huang,0.12302118755142115,0.007188525105453092,-0.2951556696935349,637
leave_out_iger,0.05748538473362911,0.0009462715051822279,-0.33312884535162524,657
leave_out_jassy,0.11155134418115864,0.006102351762627967,-0.33312884535162524,652
leave_out_karp,-0.07975333067653989,-0.011557039497841037,-0.3549781929827335,633
leave_out_khosrowshahi,0.10731360041455268,0.005679429247413381,-0.33066090096287093,634
leave_out_moynihan,0.011792871122537036,-0.0032011630207151587,-0.35550451952990403,593
leave_out_musk,0.21313280784571656,0.015190021637962348,-0.26164787258350786,629
leave_out_nadella,0.1317511973675324,0.007993932709261076,-0.294808835292536,605
leave_out_pichai,0.11344371470584803,0.006256114683072855,-0.297553284646934,635
leave_out_saylor,0.09174735077957633,0.004220470160602785,-0.30919003899754294,619
leave_out_solomon,0.12159363849412162,0.007084432046810418,-0.3127624381562275,626
leave_out_su,0.06722253676371194,0.00190501442473745,-0.32809369383522125,640
leave_out_zuckerberg,0.057648920379060525,0.000985518787909312,-0.3360377296342235,627
ml_ridge_secondary,-0.04955995110443043,-0.007671337560400282,-0.22999381887417492,580
