Date,walk_forward
2018-01-02,-0.007359313108950842
2018-01-03,-0.003537436863025209
2018-01-04,0.009663407263691847
2018-01-05,-0.006660496095192157
2018-01-08,-0.00144319016039227
2018-01-09,0.0055826038445067235
2018-01-10,0.0022064701660498955
2018-01-11,0.002398057215941603
2018-01-12,0.0057075339788001025
2018-01-16,-0.009611389737125832
2018-01-17,0.0049062146344053936
2018-01-18,0.0005936336535201675
2018-01-19,0.00023247940742480465
2018-01-22,-0.0015222621782092726
2018-01-23,-0.0008737216972942456
2018-01-24,0.0020222967266684292
2018-01-25,0.002663583374637713
2018-01-26,-0.0022463399201330934
2018-01-29,-0.0005838921771096047
2018-01-30,-0.0012082232535547532
2018-01-31,0.006024490638151421
2018-02-01,-0.012667262416147183
2018-02-02,-0.0016171027549259842
2018-02-05,-0.003885338969977896
2018-02-06,0.004097689661172476
2018-02-07,-0.004929787381247911
2018-02-08,0.0005161089090220552
2018-02-09,-0.00019320024020501997
2018-02-12,-0.002189942901344103
2018-02-13,0.0026103399447466
2018-02-14,-0.001598114937158962
2018-02-15,-0.002524974328951196
2018-02-16,0.003526680661959494
2018-02-20,-0.0021682660861281062
2018-02-21,0.007142895485126709
2018-02-22,-0.005820808328686402
2018-02-23,-0.004689476604312051
2018-02-26,0.00017694402693983353
2018-02-27,-0.0020378914292846864
2018-02-28,0.0031600771667856633
2018-03-01,-0.0010364679560174736
2018-03-02,0.000966603913527482
2018-03-05,-0.012059820118805372
2018-03-06,0.005414992268273838
2018-03-07,-0.002043897191794998
2018-03-08,0.0022165917793843396
2018-03-09,0.003168989665577192
2018-03-12,-0.00030061046058626654
2018-03-13,-0.009794330765857116
2018-03-14,0.003039900768072607
2018-03-15,0.00853106136099963
2018-03-16,-0.007584900413725507
2018-03-19,-6.500998579528804e-05
2018-03-20,0.0006880564764435268
2018-03-21,0.007257404716685608
2018-03-22,0.0017584869588057296
2018-03-23,0.010631506118791125
2018-03-26,0.005651169767091717
2018-03-27,0.005899208846960117
2018-03-28,0.001145936639850772
2018-03-29,-0.0030548759589763093
2018-04-02,-0.00813470931089169
2018-04-03,0.006225372197879534
2018-04-04,-0.0155474856963915
2018-04-05,-0.0028696379456004013
2018-04-06,-0.0006705817539746231
2018-04-09,-0.003290674973145705
2018-04-10,0.0030315582531508104
2018-04-11,-0.002526641151293128
2018-04-12,3.958489894641464e-05
2018-04-13,0.012754896663674353
2018-04-16,-0.002731325539920755
2018-04-17,0.005709300512779473
2018-04-18,0.006907428883023074
2018-04-19,-0.0016166658376836017
2018-04-20,0.0022666926022618635
2018-04-23,-0.003090216542893204
2018-04-24,-0.003993705935752232
2018-04-25,0.01617695006951495
2018-04-26,0.0046505824915513755
2018-04-27,-0.005731756305315163
2018-04-30,0.004719518859023785
2018-05-01,0.0037833472369985053
2018-05-02,0.0031564052193827317
2018-05-03,-0.002706555243250229
2018-05-04,-0.0013770637197398259
2018-05-07,-0.0003746355039260374
2018-05-08,0.002276166955774986
2018-05-09,0.0017515304472089236
2018-05-10,0.002365607236152125
2018-05-11,0.0009076805903607524
2018-05-14,0.0002612412870394776
2018-05-15,0.0006235706664569636
2018-05-16,-0.0022882967128447606
2018-05-17,0.002955346403837364
2018-05-18,0.000745987564284748
2018-05-21,0.003653949248672722
2018-05-22,-0.0010383150187499458
2018-05-23,0.0005020990187612233
2018-05-24,0.002725887332269474
2018-05-25,0.004760900551911303
2018-05-29,0.0012290025731894413
2018-05-30,-0.014215367312783594
2018-05-31,-0.00841705432954515
2018-06-01,0.005362762589342785
2018-06-04,0.0035441045567014165
2018-06-05,0.001234248310963232
2018-06-06,-0.006051525893965572
2018-06-07,-0.0059221742476099635
2018-06-08,0.00041231583247185134
2018-06-11,-0.0016041803694814612
2018-06-12,0.006894042711535555
2018-06-13,0.00045308346561554716
2018-06-14,0.006688676710833571
2018-06-15,0.00032775797233849095
2018-06-18,-0.005511239417027989
2018-06-19,0.001447561748462512
2018-06-20,0.005893145453906032
2018-06-21,-0.00572620748433845
2018-06-22,-0.0015748800161160968
2018-06-25,0.004413209722604094
2018-06-26,-0.002214948276793742
2018-06-27,-0.0044773894273309935
2018-06-28,-0.003251420963682786
2018-06-29,0.012105175844849768
2018-07-02,0.0026442878490126314
2018-07-03,-0.00024436130399815674
2018-07-05,0.006407774220030825
2018-07-06,-0.001705534686685663
2018-07-09,-0.0088020900454027
2018-07-10,0.004278343835470311
2018-07-11,-0.00108443656256504
2018-07-12,0.0060495100342371
2018-07-13,-0.002437334424518166
2018-07-16,-0.01918195387621441
2018-07-17,0.005259351043637667
2018-07-18,0.0004586913606146204
2018-07-19,-0.0030320570821668917
2018-07-20,-0.006910520509527499
2018-07-23,-0.004475769347815128
2018-07-24,-0.005823947613262996
2018-07-25,0.023469418046111815
2018-07-26,0.001204824091847066
2018-07-27,-0.00706244700251548
2018-07-30,-0.005166312400561288
2018-07-31,-0.005039242424918797
2018-08-01,0.001227123304502279
2018-08-02,-0.004342387230495647
2018-08-03,-0.006179138489285594
2018-08-06,-0.007057861297775963
2018-08-07,0.007595972585719502
2018-08-08,-0.0064240026530324205
2018-08-09,0.009648841152262826
2018-08-10,-0.0015223541172900597
2018-08-13,0.0030100308106239563
2018-08-14,-0.0002105226214590376
2018-08-15,-0.0035396120432872606
2018-08-16,-0.007035669360763966
2018-08-17,-0.003791628995798893
2018-08-20,-0.004128437664136238
2018-08-21,-5.563265399529295e-05
2018-08-22,0.0035816059972981627
2018-08-23,0.0008645071869101962
2018-08-24,0.0033388987679651098
2018-08-27,-0.0036000846918021506
2018-08-28,0.004088861241515724
2018-08-29,0.006308682720432987
2018-08-30,0.0012217365672587584
2018-08-31,0.000520752043765407
2018-09-04,0.0012186356732293237
2018-09-05,-0.003135110485076739
2018-09-06,0.004394821744519364
2018-09-07,-0.0022929197746273306
2018-09-10,0.000975791688500683
2018-09-11,0.002177735326635926
2018-09-12,0.0012433145107640768
2018-09-13,0.0009071204099111193
2018-09-14,0.00018913427003148416
2018-09-17,-0.004325530870185355
2018-09-18,0.004000261427985645
2018-09-19,-0.01213516672770148
2018-09-20,0.0024828347370168757
2018-09-21,0.0005110990562040345
2018-09-24,0.00294895199707699
2018-09-25,-0.0031645463066235927
2018-09-26,-0.006172627001416
2018-09-27,0.0003970426861720447
2018-09-28,-0.009289503393635799
2018-10-01,0.0026461852948335813
2018-10-02,0.00484593926431476
2018-10-03,0.0025651273193591476
2018-10-04,-0.004471526715411346
2018-10-05,0.00480056688833898
2018-10-08,0.0028262364821350482
2018-10-09,-0.0017232611650479515
2018-10-10,0.002624797294269391
2018-10-11,0.005903552074809045
2018-10-12,0.00910973839430152
2018-10-15,0.002335472995736262
2018-10-16,-0.000741627263267305
2018-10-17,-0.004080738423928617
2018-10-18,0.002788535869143498
2018-10-19,0.0007632275392614619
2018-10-22,0.011087762287370193
2018-10-23,-0.00331658476662585
2018-10-24,0.0037419571950985365
2018-10-25,-0.0031561003063914337
2018-10-26,0.0031705657517212375
2018-10-29,-0.00959053541073061
2018-10-30,-0.007934253963167428
2018-10-31,-0.005507240444948953
2018-11-01,-0.0016600692861559027
2018-11-02,0.006160249948424645
2018-11-05,0.005331668419923654
2018-11-06,-0.0024520688029446265
2018-11-07,-0.00014993704548579948
2018-11-08,-0.004078946535202005
2018-11-09,-0.0005089722298945827
2018-11-12,0.009325582256186103
2018-11-13,-3.6513670158811156e-05
2018-11-14,-0.0062008920927920696
2018-11-15,0.0034272716738996786
2018-11-16,0.004402292318426924
2018-11-19,-0.011763346861531406
2018-11-20,0.00492042150247859
2018-11-21,0.00558783135504461
2018-11-23,-0.0013606895556150975
2018-11-26,0.004158785666299919
2018-11-27,0.0005328167970934755
2018-11-28,-0.001895338692183931
2018-11-29,0.0009538502693143088
2018-11-30,0.002142476346282492
2018-12-03,-0.0046788663515163875
2018-12-04,0.0026496720160586024
2018-12-06,0.002970420789930421
2018-12-07,0.001794727602842225
2018-12-10,-0.0031071925525460514
2018-12-11,-0.00600925453415922
2018-12-12,0.0017576862211731486
2018-12-13,0.0016543513142428887
2018-12-14,0.0019964583951751344
2018-12-17,0.005616455148992498
2018-12-18,0.0021815603320770945
2018-12-19,-0.011251585132232336
2018-12-20,0.009287584983556758
2018-12-21,-0.013022560999643704
2018-12-24,0.014270143173901828
2018-12-26,0.005892963829678341
2018-12-27,0.004285536592666936
2018-12-28,-0.006019742077409221
2018-12-31,0.005692941885387564
2019-01-02,0.0036827291462246162
2019-01-03,0.0052041139524299515
2019-01-04,-0.002503399700048412
2019-01-07,-0.008857375326973083
2019-01-08,0.0015218075357012236
2019-01-09,-0.011246584082553157
2019-01-10,-0.008728294499843876
2019-01-11,0.00209990921739437
2019-01-14,0.007287495085023789
2019-01-15,0.016646278909137068
2019-01-16,-0.0067742905490804405
2019-01-17,0.0008242759927026531
2019-01-18,-4.4377752331750546e-05
2019-01-22,0.009311035359264138
2019-01-23,-0.010602668793993547
2019-01-24,0.003788268399609511
2019-01-25,0.0015645595768240589
2019-01-28,0.005517884868233237
2019-01-29,-0.02132425290303812
2019-01-30,0.00034954943530083086
2019-01-31,-0.007592138959347145
2019-02-01,-0.0004578620043501617
2019-02-04,0.0020253780091221128
2019-02-05,-0.010315717655334056
2019-02-06,0.007694328472959571
2019-02-07,0.001380702155635746
2019-02-08,-0.0024733079254590745
2019-02-11,-0.0006435852617945973
2019-02-12,0.002599354698360013
2019-02-13,-0.0004933558432918545
2019-02-14,-6.133518995368037e-05
2019-02-15,0.002985715186576362
2019-02-19,-0.0038440704428577476
2019-02-20,-0.000833353459842469
2019-02-21,0.002436822597049626
2019-02-22,-0.003448576077204911
2019-02-25,0.0004883335979489447
2019-02-26,0.0025284438468960143
2019-02-27,0.006502699554853627
2019-02-28,-0.0006454708992001588
2019-03-01,0.0006992795076925895
2019-03-04,-0.00409130596214815
2019-03-05,-0.0020705259109523562
2019-03-06,0.003832476786800745
2019-03-07,0.001478751770492141
2019-03-08,-0.008846841266213589
2019-03-11,-0.005117623928628492
2019-03-12,-0.004437377705615253
2019-03-13,0.0035063659122952675
2019-03-14,0.0024849725975168045
2019-03-15,0.0020222295087323244
2019-03-18,0.004730235582009217
2019-03-19,-0.021717863072851444
2019-03-20,-0.014969530532113239
2019-03-21,-0.014805776280633374
2019-03-22,0.0026064760876040663
2019-03-25,0.0006109972416146961
2019-03-26,0.010353713648634867
2019-03-27,0.0008994148906940016
2019-03-28,0.0014391887438919358
2019-03-29,-0.0020922927600854277
2019-04-01,0.004975442319211226
2019-04-02,-0.004100892610175292
2019-04-03,-0.0032105039385482326
2019-04-04,-0.00550217041226773
2019-04-05,0.007291138602741862
2019-04-08,-0.0021159436864915814
2019-04-09,0.0005152769891882319
2019-04-10,0.005717968374103451
2019-04-11,0.0016511119910099935
2019-04-12,-0.013288243833635574
2019-04-15,-0.0027108577813080427
2019-04-16,-0.0017550392448520905
2019-04-17,0.002672732335086467
2019-04-18,-0.0038593882443424686
2019-04-22,-0.004374794509400909
2019-04-23,-0.002769181018493655
2019-04-24,-0.023086953395390946
2019-04-25,-0.004831268526167007
2019-04-26,-0.0014763002639161316
2019-04-29,0.003469193075390186
2019-04-30,0.005726013292938579
2019-05-01,0.001215236801078692
2019-05-02,-0.002506282774795502
2019-05-03,-0.0012732003273572528
2019-05-06,0.002860236768926113
2019-05-07,-0.0019449931426277702
2019-05-08,-0.003521284824357458
2019-05-09,-0.005132376072208869
2019-05-10,-0.001799448365802908
2019-05-13,0.004512703081381099
2019-05-14,0.0020161309919733746
2019-05-15,-0.00781411220511635
2019-05-16,-0.003672670062413706
2019-05-17,-0.00559663518990313
2019-05-20,0.00034069840371112715
2019-05-21,-0.0015668356222465595
2019-05-22,-0.005010164828362031
2019-05-23,0.005124936486305559
2019-05-24,-0.012299175908225
2019-05-28,-0.029261519739123876
2019-05-29,0.002118307200050764
2019-05-30,0.011973865797968651
2019-05-31,-0.007000408176085015
2019-06-03,0.023541363543226636
2019-06-04,0.005418961781718273
2019-06-05,-0.008253209590083289
2019-06-06,-0.007839000524310727
2019-06-07,-0.005617466064630441
2019-06-10,-0.00029327350744766894
2019-06-11,0.004213409369981223
2019-06-12,-0.0011224061008113405
2019-06-13,-0.0011352611648969319
2019-06-14,-0.004306796104946077
2019-06-17,-0.0018725541987850965
2019-06-18,0.011417460081145268
2019-06-19,0.0013203290059848616
2019-06-20,0.011624278736987997
2019-06-21,-0.002617372066319871
2019-06-24,-0.00014385706668962103
2019-06-25,0.0017222609441005577
2019-06-26,0.0034095833792089796
2019-06-27,-0.009379076082061458
2019-06-28,0.004498933805117848
2019-07-01,-0.0014934639118647207
2019-07-02,0.001242020281085114
2019-07-03,-0.007692549113080961
2019-07-05,-0.003367034666454107
2019-07-08,-0.005369335402217393
2019-07-09,-0.00955766173893335
2019-07-10,-0.0023315298778044235
2019-07-11,0.01135918560138203
2019-07-12,-0.005748946035619902
2019-07-15,-0.0030651785239780567
2019-07-16,-0.0014869764984030078
2019-07-17,0.0002741044155707013
2019-07-18,0.004680308375063201
2019-07-19,-0.0014127541842583248
2019-07-22,-0.00501471892470861
2019-07-23,0.002302510489555651
2019-07-24,-0.016571134067821215
2019-07-25,0.009028140912420709
2019-07-26,0.0017996686989507284
2019-07-29,0.006303117914855697
2019-07-30,0.004903656143535067
2019-07-31,0.0041741097346777506
2019-08-01,0.00892980564910981
2019-08-02,0.001652962051503839
2019-08-05,-0.00076866293474091
2019-08-06,0.008024885058583066
2019-08-07,0.0005833568193399758
2019-08-08,0.0005435554167494293
2019-08-09,0.002362685027372313
2019-08-12,0.0013955475739967367
2019-08-13,0.008469449307170994
2019-08-14,0.0010890005497457469
2019-08-15,0.0023335003485169567
2019-08-16,-0.006873097501783848
2019-08-19,0.006827010465146446
2019-08-20,0.002810745566142672
2019-08-21,-0.0016392418918712041
2019-08-22,-0.0005517050902299533
2019-08-23,-6.297493584318647e-05
2019-08-26,0.00011477884897371012
2019-08-27,0.0006649459585362419
2019-08-28,-0.0008754281069420589
2019-08-29,0.000952878720105798
2019-08-30,-3.617850460265477e-05
2019-09-03,-0.0010770901655604147
2019-09-04,0.0008827991375359818
2019-09-05,0.00023930186213112393
2019-09-06,-0.00023738668184968836
2019-09-09,0.0034788797023581216
2019-09-10,0.00034470229680823257
2019-09-11,-0.0009733791072201278
2019-09-12,0.001519978279753937
2019-09-13,-0.000431465919709268
2019-09-16,0.0006517444690647787
2019-09-17,-0.0002990531322945178
2019-09-18,0.0008863797521467667
2019-09-19,3.433493510559458e-05
2019-09-20,-0.0007529284438162253
2019-09-23,0.00017044275303941455
2019-09-24,-0.0011492042415807498
2019-09-25,0.0008090668255859663
2019-09-26,0.0003194115524075884
2019-09-27,6.093017693184701e-05
2019-09-30,-0.00013480341652533475
2019-10-01,-0.00035996390627866635
2019-10-02,0.00027838246678280504
2019-10-03,-0.00041386378694573583
2019-10-04,-0.0009216637564062185
2019-10-07,0.0019480537995001954
2019-10-08,0.0012250046610004456
2019-10-09,0.002157124461572952
2019-10-10,-0.0018543427550222118
2019-10-11,-0.0014063736902736599
2019-10-14,-7.507175729316841e-06
2019-10-15,0.0023528735008992454
2019-10-16,0.00022802607565960284
2019-10-17,0.0004403954848963776
2019-10-18,0.007127132222094536
2019-10-21,-0.004496142397879018
2019-10-22,0.00425009795248208
2019-10-23,-0.002537295977687323
2019-10-24,-0.0019793156778991016
2019-10-25,0.004677998207298082
2019-10-28,-0.0006322461317730675
2019-10-29,-0.0007679772895792783
2019-10-30,-0.008121479468549273
2019-10-31,0.005412848682406552
2019-11-01,-0.004705569493013469
2019-11-04,0.006112857887195693
2019-11-05,-0.003637534844825498
2019-11-06,0.00272354444103629
2019-11-07,0.0025205854087538265
2019-11-08,0.00150319105703581
2019-11-11,-0.0033138301105850748
2019-11-12,0.005252189808217613
2019-11-13,0.004092005890636768
2019-11-14,0.003517341211975472
2019-11-15,-0.0051367259931327635
2019-11-18,0.003120984105826766
2019-11-19,-0.003875992593222017
2019-11-20,-0.012232110764216795
2019-11-21,-0.008095569563815266
2019-11-22,0.010124306524991068
2019-11-25,-0.006510727014381503
2019-11-26,0.0015898692366583908
2019-11-27,-0.0009602695127321656
2019-11-29,0.0028335426066340296
2019-12-02,-0.006107250908253921
2019-12-03,-0.002700246291934311
2019-12-04,-0.00279807100708202
2019-12-05,0.0028570479215921708
2019-12-06,0.004453762517126665
2019-12-09,-0.0004329205807303284
2019-12-10,-0.00144479316117264
2019-12-11,-0.0024170371594892156
2019-12-12,0.004207493346520925
2019-12-13,-0.0009395665069780386
2019-12-16,0.003457106342219417
2019-12-17,-0.00149464728476223
2019-12-18,-0.0007383465153599839
2019-12-19,0.0009182424483321211
2019-12-20,-0.0027507244217599616
2019-12-23,-0.0016829059745212542
2019-12-24,2.5467549405150164e-05
2019-12-26,-0.0009540817597813193
2019-12-27,-0.0016051657231725834
2019-12-30,-0.0018105104193149903
2019-12-31,-0.0010653616287693343
2020-01-02,0.0
2020-01-03,0.0
2020-01-06,0.0
2020-01-07,0.0
2020-01-08,0.0
2020-01-09,0.0
2020-01-10,0.0
2020-01-13,0.0
2020-01-14,0.0005828259424470038
2020-01-15,-0.00022329602499010704
2020-01-16,-0.0017585241185630466
2020-01-17,0.0002095052232278923
2020-01-21,0.00020005124038865237
2020-01-22,-0.000353009172650554
2020-01-23,-0.0019940200387845533
2020-01-24,-0.005246350041449366
2020-01-27,0.00725416443852263
2020-01-28,0.00482992980028228
2020-01-29,0.00974623165561755
2020-01-30,-0.00684094860246352
2020-01-31,0.0038537328601066555
2020-02-03,0.008666191672428438
2020-02-04,0.007414781146222495
2020-02-05,-0.006632351629018124
2020-02-06,0.011704831189612297
2020-02-07,0.0042218719179294446
2020-02-10,0.001755852813427959
2020-02-11,0.003721031181651673
2020-02-12,-0.0029142314203203343
2020-02-13,-0.002630282454536918
2020-02-14,-7.255571901533425e-05
2020-02-18,-0.009117006096139014
2020-02-19,0.0023285150499688496
2020-02-20,-0.0011892629986997125
2020-02-21,0.00913472578558066
2020-02-24,0.009791087514740372
2020-02-25,0.00792732985412411
2020-02-26,-0.0006155065315796236
2020-02-27,0.009283938119296148
2020-02-28,0.003876243781490339
2020-03-02,-0.005456173450228628
2020-03-03,-0.0047530808333397425
2020-03-04,-0.0025169459143389097
2020-03-05,0.007923025039377167
2020-03-06,0.002256732647160885
2020-03-09,0.0007796382243380541
2020-03-10,0.0025180863545665702
2020-03-11,0.013197999732689834
2020-03-12,-0.007837489404520274
2020-03-13,0.00974744232650655
2020-03-16,-0.006754845783852801
2020-03-17,-0.0025964083309948224
2020-03-18,-0.005029761690975723
2020-03-19,0.01684982919390498
2020-03-20,-0.00011159516688508657
2020-03-23,-0.0005845088885937257
2020-03-24,0.009206714955361168
2020-03-25,-0.007454199244728677
2020-03-26,-0.000620280989418041
2020-03-27,-0.0024527945234131465
2020-03-30,-0.003778751629654301
2020-03-31,-0.003185219652307326
2020-04-01,0.00042714887390677764
2020-04-02,0.0010005670492983306
2020-04-03,-0.0019166944010235395
2020-04-06,-0.0020467522398958746
2020-04-07,0.004217976919409902
2020-04-08,0.005950181877864053
2020-04-09,0.008495866090988147
2020-04-13,-0.008372639134818356
2020-04-14,-0.020861138291734867
2020-04-15,-0.0023211577760359923
2020-04-16,-0.006322590132786076
2020-04-17,0.006494856005277964
2020-04-20,8.724543885517245e-05
2020-04-21,-0.0001722984147934794
2020-04-22,0.0
2020-04-23,0.0
2020-04-24,0.0
2020-04-27,0.0
2020-04-28,0.0
2020-04-29,0.0
2020-04-30,0.0
2020-05-01,0.0
2020-05-04,-3.944132703095342e-05
2020-05-05,-0.0006814044429831626
2020-05-06,-0.0016057646006197154
2020-05-07,0.0012386398634457044
2020-05-08,0.0011086139687483802
2020-05-11,0.0009272816475980326
2020-05-12,-0.0020059875395143866
2020-05-13,-0.0029551710326030855
2020-05-14,-0.0003436940798791784
2020-05-15,-0.0027169998281814877
2020-05-18,-0.0013156773007059301
2020-05-19,0.001145079623245547
2020-05-20,-0.0025792805227414966
2020-05-21,0.0028256930234019746
2020-05-22,-0.00041446601036463303
2020-05-26,0.001638609047938458
2020-05-27,-0.001065369363016962
2020-05-28,-0.0013445222885561346
2020-05-29,-0.001312412429116224
2020-06-01,0.0052657685175188495
2020-06-02,-0.0013611070098591524
2020-06-03,-0.0031448846599683973
2020-06-04,-0.009124476962302326
2020-06-05,0.0005180156650748506
2020-06-08,0.0015392359174948153
2020-06-09,0.00647454880990904
2020-06-10,-0.016435593951784285
2020-06-11,0.0017108217651097405
2020-06-12,-0.0017432747369017262
2020-06-15,0.004531314674153104
2020-06-16,-0.0030663790507805344
2020-06-17,-0.0020399192345775577
2020-06-18,-0.0010952771498644732
2020-06-19,-0.0016767023171333933
2020-06-22,-0.0032108345863612613
2020-06-23,-0.0007636165805264933
2020-06-24,0.00028489784721577653
2020-06-25,0.0008890632620059542
2020-06-26,0.002736521120224558
2020-06-29,-0.001129365467704318
2020-06-30,0.00046317059711603457
2020-07-01,0.0013972526760907568
2020-07-02,0.0023497999075764173
2020-07-06,-0.0038320047496510296
2020-07-07,0.002744821504684876
2020-07-08,0.0006376333773439945
2020-07-09,0.0016566687940386922
2020-07-10,0.004109750572939781
2020-07-13,-0.006781386076839377
2020-07-14,-0.003956153449371935
2020-07-15,0.0006182164602804778
2020-07-16,0.002291014551136364
2020-07-17,-0.0029444895833723762
2020-07-20,0.0071489123175157866
2020-07-21,-0.009494345025357917
2020-07-22,-0.002200311098156658
2020-07-23,0.00037292851988686166
2020-07-24,-0.00417058115175982
2020-07-27,-0.00013418207352743026
2020-07-28,0.0
2020-07-29,0.0
2020-07-30,0.0
2020-07-31,-0.0014525292425658725
2020-08-03,-0.00017159680180728337
2020-08-04,-0.00040312334667821486
2020-08-05,0.0009048922353496642
2020-08-06,-0.0022570207026322616
2020-08-07,0.005564711855303682
2020-08-10,0.0053793780575154045
2020-08-11,0.0022777299206204996
2020-08-12,-0.010468002537378115
2020-08-13,-0.0030860914928154104
2020-08-14,-0.001603138509432167
2020-08-17,-0.0017150760233040502
2020-08-18,-1.1012572763804313e-05
2020-08-19,-0.0033976090566064997
2020-08-20,0.010821087818349064
2020-08-21,-0.002571600052835133
2020-08-24,-0.002770513608359298
2020-08-25,0.004894288564527306
2020-08-26,-0.002529052721058868
2020-08-27,-0.003345320612576894
2020-08-28,0.0007082708121021471
2020-08-31,0.0068141413283445956
2020-09-01,-0.0013466547080921943
2020-09-02,0.006253952329374267
2020-09-03,0.0009303064954754839
2020-09-04,0.018844908922083792
2020-09-08,0.005294788792818844
2020-09-09,-0.006870318604929211
2020-09-10,-0.006649847046050606
2020-09-11,-0.00263420653351262
2020-09-14,-0.0006998983523213572
2020-09-15,-0.0070666972327916135
2020-09-16,-0.011913125811409589
2020-09-17,0.005441205501452469
2020-09-18,-0.006680311817741967
2020-09-21,0.018136202418511767
2020-09-22,-0.002438576604638825
2020-09-23,-0.0011968501771562644
2020-09-24,0.008611224561101551
2020-09-25,0.004131978267853706
2020-09-28,-0.004550236856136416
2020-09-29,0.004093343105978791
2020-09-30,0.0001364437888553768
2020-10-01,0.0009588069965695221
2020-10-02,0.0005289479875300534
2020-10-05,0.006351922457075323
2020-10-06,0.0027604867306125188
2020-10-07,-0.004750509131595931
2020-10-08,-0.005131985808966226
2020-10-09,-0.00208025778356907
2020-10-12,0.004470845164374764
2020-10-13,0.002349613393284887
2020-10-14,-0.0019095339696995116
2020-10-15,-0.001131112670349275
2020-10-16,0.0008718850780500907
2020-10-19,-0.0018305704570608435
2020-10-20,-0.004755193317751966
2020-10-21,-0.007403211882348657
2020-10-22,0.002223782255735218
2020-10-23,-0.00179389246382005
2020-10-26,0.007940094578565393
2020-10-27,-0.00388754948636507
2020-10-28,0.012726112200884921
2020-10-29,-0.03380559144316526
2020-10-30,0.0062325655247346115
2020-11-02,0.0015519122178040963
2020-11-03,-0.007840678431927369
2020-11-04,-0.004089179996227195
2020-11-05,0.004573082702096986
2020-11-06,0.003345868983368475
2020-11-09,0.0004790506309271251
2020-11-10,-0.001044045052588999
2020-11-11,-0.00012793468173883944
2020-11-12,9.031405421308654e-05
2020-11-13,-4.87054053255045e-05
2020-11-16,-1.5099428764631248e-06
2020-11-17,0.0
2020-11-18,0.00021670183427045784
2020-11-19,-0.0034659149534636857
2020-11-20,-0.00921631324247946
2020-11-23,-0.0016643673367368699
2020-11-24,-0.016743159036143485
2020-11-25,-0.0010023744174642122
2020-11-27,-0.030198530120855743
2020-11-30,-0.011532301131608958
2020-12-01,0.0037199666143525436
2020-12-02,-0.0028106707232766785
2020-12-03,0.0006157170836846485
2020-12-04,-0.0001352741898274613
2020-12-07,-6.989731856555054e-05
2020-12-08,0.0025953297475825236
2020-12-09,0.004119814488076448
2020-12-10,0.008600565222832297
2020-12-11,0.0005948081556246304
2020-12-14,0.006161030604915779
2020-12-15,-0.0033648619302932407
2020-12-16,0.0014327459756038625
2020-12-17,0.011363970932260206
2020-12-18,0.016273957058252554
2020-12-21,-0.0012923781884957987
2020-12-22,-0.008144623578149391
2020-12-23,0.007748592052808995
2020-12-24,-0.00011303008782435516
2020-12-28,0.00046230279644834845
2020-12-29,0.0010480450895040934
2020-12-30,0.002070093872045943
2020-12-31,0.0020415706870610586
2021-01-04,0.0
2021-01-05,0.0
2021-01-06,0.004013750512215738
2021-01-07,-0.00020252984109539327
2021-01-08,-0.0018433263702145484
2021-01-11,-0.00013829165847233422
2021-01-12,0.0
2021-01-13,0.0
2021-01-14,-0.005639110554249264
2021-01-15,-0.0005382981503443304
2021-01-19,0.002929884922694481
2021-01-20,-2.560385448010065e-05
2021-01-21,0.0
2021-01-22,0.0029385853877242117
2021-01-25,-0.001822125623303772
2021-01-26,-0.0006698513448764378
2021-01-27,-4.809253262588792e-05
2021-01-28,0.0
2021-01-29,0.005255101821243351
2021-02-01,0.0005573869196667402
2021-02-02,0.0023881769535603605
2021-02-03,-0.0032894765718070604
2021-02-04,-0.0033362672273084095
2021-02-05,0.002907373917027067
2021-02-08,-7.141340495370586e-05
2021-02-09,0.0
2021-02-10,0.0
2021-02-11,-1.6114836082975394e-05
2021-02-12,-0.001607349484175288
2021-02-16,-0.0074466802942217665
2021-02-17,0.00047936454131434234
2021-02-18,1.763472955531614e-05
2021-02-19,-4.64767582230826e-06
2021-02-22,0.0
2021-02-23,0.0
2021-02-24,0.003151484885584462
2021-02-25,-0.0039317471867668305
2021-02-26,0.002600145460220894
2021-03-01,0.00019213139060781344
2021-03-02,-0.003807621833171228
2021-03-03,-0.003711357792387565
2021-03-04,0.000426890603062981
2021-03-05,-0.0028235730723542504
2021-03-08,2.3882893178841075e-05
2021-03-09,0.0019757237075649146
2021-03-10,-0.0038080502360121307
2021-03-11,-7.270501875322483e-05
2021-03-12,-1.7446388510471843e-05
2021-03-15,0.0
2021-03-16,0.00019208206411135579
2021-03-17,-0.003782863885532443
2021-03-18,0.0016080056230017518
2021-03-19,-0.000178338061521697
2021-03-22,0.0
2021-03-23,0.0
2021-03-24,0.0
2021-03-25,0.0
2021-03-26,0.0
2021-03-29,0.0
2021-03-30,0.0
2021-03-31,0.0
2021-04-01,0.0
2021-04-05,0.0
2021-04-06,0.0
2021-04-07,-3.0543669108519936e-05
2021-04-08,0.002596067876718712
2021-04-09,-0.0021715209214633493
2021-04-12,-0.0018687713571672049
2021-04-13,-0.00015849633590173784
2021-04-14,0.0
2021-04-15,0.0
2021-04-16,0.0
2021-04-19,0.0
2021-04-20,8.987162381308988e-06
2021-04-21,-0.0018768483684933714
2021-04-22,0.0007315172451489823
2021-04-23,-0.0016240963728076287
2021-04-26,0.0003350272069551323
2021-04-27,9.018059751296051e-06
2021-04-28,-4.517734680718796e-06
2021-04-29,0.0
2021-04-30,0.0
2021-05-03,0.0
2021-05-04,0.0
2021-05-05,0.0
2021-05-06,0.0
2021-05-07,0.0
2021-05-10,0.0027467341619565266
2021-05-11,-0.0012813814045563557
2021-05-12,0.0008427427311669852
2021-05-13,0.0049184067499319795
2021-05-14,0.0009271361972068204
2021-05-17,0.0015669868434699467
2021-05-18,-0.00010293830701357284
2021-05-19,3.687125022975785e-05
2021-05-20,-0.00019669448755450317
2021-05-21,0.00027118378365644457
2021-05-24,-0.002533307127009102
2021-05-25,-0.00028267146369227627
2021-05-26,-0.0008773884640510058
2021-05-27,-9.368179575841253e-05
2021-05-28,0.0
2021-06-01,-0.0036775445003150112
2021-06-02,0.0030345677702218734
2021-06-03,-0.00044643083881892143
2021-06-04,-0.00017365596515219844
2021-06-07,1.6897764192176083e-05
2021-06-08,-0.00026212018468307094
2021-06-09,0.0039481314704837
2021-06-10,0.002573780489382337
2021-06-11,0.002046472143100913
2021-06-14,0.005531093016204196
2021-06-15,-0.0016192613638874149
2021-06-16,0.0016824534406680166
2021-06-17,0.0004228811259901887
2021-06-18,-0.0011215819398533778
2021-06-21,-0.0026740208004526877
2021-06-22,1.0618153964493495e-05
2021-06-23,0.0012424830954486982
2021-06-24,-0.00017124981794076942
2021-06-25,-0.0006240002685363314
2021-06-28,-0.002890139674596932
2021-06-29,0.0013231494781531599
2021-06-30,-0.0001614090173264918
2021-07-01,-1.8683126133573296e-05
2021-07-02,0.0
2021-07-06,0.0006943429837766184
2021-07-07,-0.0028932011921409023
2021-07-08,-0.0015371405062256777
2021-07-09,-0.0002536408003610785
2021-07-12,0.0017925381830629365
2021-07-13,0.00044406965628832534
2021-07-14,-0.0012341950726665572
2021-07-15,0.0009467980161358242
2021-07-16,0.0009427866420542607
2021-07-19,-0.00017009982186149436
2021-07-20,-0.0009392689331714878
2021-07-21,-3.730937857002612e-05
2021-07-22,2.724931903794638e-05
2021-07-23,-0.00017119343488420372
2021-07-26,0.0003808443983802471
2021-07-27,-7.040839232137086e-05
2021-07-28,0.0
2021-07-29,0.0
2021-07-30,0.0
2021-08-02,0.0008227844558541428
2021-08-03,-0.00037931094575157894
2021-08-04,0.002726175580517306
2021-08-05,-0.006129590160154165
2021-08-06,-0.0033714220691643836
2021-08-09,0.0007412947406965988
2021-08-10,-0.00010063088146351384
2021-08-11,0.0
2021-08-12,0.0
2021-08-13,0.0
2021-08-16,0.0
2021-08-17,-0.008621298043572112
2021-08-18,0.0029122745418098867
2021-08-19,-0.009434273077769296
2021-08-20,-0.000619706844736461
2021-08-23,0.000498632029917789
2021-08-24,-0.0003833216294905306
2021-08-25,-0.0003785541134324518
2021-08-26,-1.1630591587972276e-05
2021-08-27,-4.981589026519662e-05
2021-08-30,5.696429069974183e-05
2021-08-31,7.532947210413171e-06
2021-09-01,-1.8835224936574484e-06
2021-09-02,0.0
2021-09-03,0.0
2021-09-07,-0.0012359892599367976
2021-09-08,-0.0011137634251815432
2021-09-09,-0.0006982526119756573
2021-09-10,-0.0001071359905452323
2021-09-13,0.0
2021-09-14,-0.0001933508792955837
2021-09-15,-0.00014548272629610765
2021-09-16,2.7809267855856328e-05
2021-09-17,-5.5518009553214305e-06
2021-09-20,-3.147902827796706e-06
2021-09-21,0.0
2021-09-22,0.0
2021-09-23,0.0
2021-09-24,0.0
2021-09-27,-0.0010825488988866112
2021-09-28,-0.0007330127841519902
2021-09-29,0.0010210421066462556
2021-09-30,-0.0013591881819678938
2021-10-01,-0.001157881783745276
2021-10-04,-0.0019449590189867252
2021-10-05,0.0027360129348592177
2021-10-06,-0.0020940813765808123
2021-10-07,-0.0006412151617146973
2021-10-08,-0.00023722584703136075
2021-10-11,0.0019750279818469807
2021-10-12,-0.0023324591006349833
2021-10-13,0.0022745043859440134
2021-10-14,-7.764864340966905e-05
2021-10-15,0.0
2021-10-18,-0.002242535950740513
2021-10-19,-0.0019080671363672086
2021-10-20,0.00030301703080023507
2021-10-21,4.1671479703856934e-05
2021-10-22,0.0006475272833730755
2021-10-25,-0.000399930346000703
2021-10-26,-0.0014246141872230878
2021-10-27,0.0003308456784445465
2021-10-28,0.00020100608954293916
2021-10-29,-4.9061304614939985e-05
2021-11-01,0.0
2021-11-02,0.0
2021-11-03,0.0
2021-11-04,0.0014986818199236227
2021-11-05,0.002871846287962327
2021-11-08,-0.0033680766806181072
2021-11-09,-0.00018252058579800638
2021-11-10,0.0003417863468112703
2021-11-11,-0.00018218434882556392
2021-11-12,0.010619526473754602
2021-11-15,-0.0022001603548369233
2021-11-16,-0.0021676130076964707
2021-11-17,-0.008058929529843483
2021-11-18,-0.0002470983499934253
2021-11-19,5.773539409243814e-05
2021-11-22,-0.0058684470828046734
2021-11-23,0.0011200872800302725
2021-11-24,0.0002077577524587611
2021-11-26,-0.0009829226928413353
2021-11-29,0.003999401839586444
2021-11-30,-0.0013469428302109903
2021-12-01,-0.0006975701184095633
2021-12-02,-0.006926430826549605
2021-12-03,-0.013852157264184227
2021-12-06,0.005847900168079128
2021-12-07,9.301010736377672e-05
2021-12-08,0.0001500639926374239
2021-12-09,-6.34317807705344e-05
2021-12-10,0.005495338531003457
2021-12-13,0.0020209040456547725
2021-12-14,-0.007468153474164592
2021-12-15,0.005376278873358175
2021-12-16,0.0017391684098077844
2021-12-17,-0.005012099766413058
2021-12-20,-0.0007672060148153266
2021-12-21,0.0002289352357484534
2021-12-22,0.0020747797145491353
2021-12-23,-0.0021176573913227682
2021-12-27,7.283088447387055e-05
2021-12-28,0.0012921224912724688
2021-12-29,0.0008915380381738138
2021-12-30,-0.0011335696265346949
2021-12-31,-2.6861758248568486e-05
2022-01-03,0.007242897310997123
2022-01-04,-0.0007183854154274224
2022-01-05,-0.00867121999530692
2022-01-06,0.00240956864180676
2022-01-07,0.009192714497595237
2022-01-10,-0.01058315259419776
2022-01-11,-0.009219072919354115
2022-01-12,-0.0017732294383243656
2022-01-13,0.002155205223411617
2022-01-14,-0.005539869408712271
2022-01-18,0.0033364268396963853
2022-01-19,0.0003395098736526811
2022-01-20,0.010208715503866999
2022-01-21,0.012808314662707675
2022-01-24,-0.00465831312019874
2022-01-25,-0.0019776417223851548
2022-01-26,0.00976310844617366
2022-01-27,-0.0015988180913201436
2022-01-28,0.005846890444333151
2022-01-31,-0.012815545809073417
2022-02-01,0.005712355518670976
2022-02-02,0.01648784453627693
2022-02-03,0.005459377172294504
2022-02-04,-0.005907207033257325
2022-02-07,0.011658400789333683
2022-02-08,-0.00654628293978832
2022-02-09,-0.005542215171825181
2022-02-10,-0.0021560444756436948
2022-02-11,0.0011003343691474076
2022-02-14,-0.005439874946176121
2022-02-15,-0.0036985033192953923
2022-02-16,0.010668723705615602
2022-02-17,-0.00022680291972721617
2022-02-18,0.006953161161361048
2022-02-22,0.0011500974965331114
2022-02-23,0.00047736221315072754
2022-02-24,-0.00694132717265062
2022-02-25,0.001937469139311459
2022-02-28,0.003181499404444611
2022-03-01,-0.005294628882418248
2022-03-02,0.004112941500029617
2022-03-03,-0.0009551231737086799
2022-03-04,0.0005900181784553039
2022-03-07,-0.004410380779525688
2022-03-08,-0.0007859130269444231
2022-03-09,0.004396517022162773
2022-03-10,-0.008035398823339437
2022-03-11,-0.001196169524656132
2022-03-14,0.017689810859938787
2022-03-15,-0.002791054848770481
2022-03-16,0.0012953506815310252
2022-03-17,0.0024657353619818934
2022-03-18,-0.004544385509693871
2022-03-21,0.0030890918621534727
2022-03-22,-0.004327896757121105
2022-03-23,0.0019139529595844679
2022-03-24,-0.009736004803988205
2022-03-25,-0.008328881232978638
2022-03-28,0.007131217907755384
2022-03-29,-0.0017263600150043633
2022-03-30,0.0074196424683535146
2022-03-31,0.004548058877469954
2022-04-01,0.013963616122827
2022-04-04,-0.0014804059052907059
2022-04-05,0.0006226976050053333
2022-04-06,-0.0007394744980608823
2022-04-07,-0.004385936285554986
2022-04-08,-0.000384070966959496
2022-04-11,0.0020622136445205335
2022-04-12,-0.0013574615692722519
2022-04-13,0.005919165069027798
2022-04-14,0.0015247763354788951
2022-04-18,-0.001408685492185146
2022-04-19,-0.002328283026604126
2022-04-20,-0.009603367135608254
2022-04-21,-0.008948956358827484
2022-04-22,0.009372890150333445
2022-04-25,0.00806107322510649
2022-04-26,-0.00748801655487756
2022-04-27,-0.00723759912417021
2022-04-28,-0.006989668207997875
2022-04-29,-0.0005364178570414125
2022-05-02,0.012720207387545852
2022-05-03,0.0032195314624462214
2022-05-04,-0.00721735378688399
2022-05-05,-0.008672197169735071
2022-05-06,-0.024079761340638065
2022-05-09,-0.020167625532112755
2022-05-10,-0.04709416206455501
2022-05-11,-0.018780878358457428
2022-05-12,0.05096865852530167
2022-05-13,-0.0028558016606321976
2022-05-16,-0.0105674102521011
2022-05-17,0.00579612984327198
2022-05-18,0.0045923716608170335
2022-05-19,0.015173671193567216
2022-05-20,-0.013549589553280873
2022-05-23,0.0028056758184755322
2022-05-24,-0.01054766019444562
2022-05-25,0.0030051570973969595
2022-05-26,0.005864565268325327
2022-05-27,-0.0012865468123786875
2022-05-31,0.0037017988390220134
2022-06-01,-0.003042021101141124
2022-06-02,0.005028343594300171
2022-06-03,-0.0012668019249867052
2022-06-06,-0.0011711315236917872
2022-06-07,-0.005606589125026908
2022-06-08,0.0040372068406142785
2022-06-09,0.006044411320161048
2022-06-10,0.005453210532454292
2022-06-13,-0.014247146469203453
2022-06-14,0.014782797357003788
2022-06-15,0.0017085606794320523
2022-06-16,-0.000697899569259888
2022-06-17,0.007405594938821344
2022-06-21,-0.0033192728535410285
2022-06-22,0.0022097220510058223
2022-06-23,-0.012160282437288304
2022-06-24,0.012940375247244828
2022-06-27,0.0053750274169038215
2022-06-28,0.0035261511983332937
2022-06-29,-0.006017643583165146
2022-06-30,-0.01064200010609718
2022-07-01,-0.0004407511512113583
2022-07-05,-0.007474800263775208
2022-07-06,0.0016713751694305806
2022-07-07,-0.0022509561219003758
2022-07-08,-0.009192072274405765
2022-07-11,-0.0012657456509143291
2022-07-12,0.005630037863640648
2022-07-13,-0.005840823940818471
2022-07-14,0.003812470665479459
2022-07-15,0.006670220593430754
2022-07-18,0.0023648980753125494
2022-07-19,-0.002502074559830815
2022-07-20,0.0022023262897010584
2022-07-21,-0.009060767610513124
2022-07-22,-0.0046935003100105855
2022-07-25,0.0020138135043663683
2022-07-26,0.0014336027283304404
2022-07-27,0.007277247601364639
2022-07-28,-0.04993088204261894
2022-07-29,0.008698444446492036
2022-08-01,0.013308055897073864
2022-08-02,-0.004603162512853998
2022-08-03,0.004929612793419922
2022-08-04,-0.004450019460803107
2022-08-05,0.002668607419975264
2022-08-08,0.0001635396316452808
2022-08-09,-0.007421768625415902
2022-08-10,0.00810809730299729
2022-08-11,0.0032157066174624536
2022-08-12,-0.0018684342993253204
2022-08-15,0.0011188373825116013
2022-08-16,-0.0012183835345305897
2022-08-17,-0.008014305690018573
2022-08-18,-0.004361257312297998
2022-08-19,-0.014924472228899057
2022-08-22,0.005461367240499164
2022-08-23,0.004186653325800474
2022-08-24,0.0027911835560229985
2022-08-25,-0.002809794516332345
2022-08-26,0.004565174706256978
2022-08-29,0.00912002695910825
2022-08-30,0.0019851103138552517
2022-08-31,-0.002306614123505555
2022-09-01,-0.006102590036850549
2022-09-02,0.00011147157100776932
2022-09-06,0.0011471408138282618
2022-09-07,-0.005075624323467539
2022-09-08,-0.0018789840471025716
2022-09-09,-0.00507206903889881
2022-09-12,-0.0008267669256536069
2022-09-13,-0.0029375808645991527
2022-09-14,-0.00038816361984567817
2022-09-15,0.006280995455384022
2022-09-16,0.001863329005335608
2022-09-19,-0.007215345587194828
2022-09-20,-0.0156577782398999
2022-09-21,0.01450801417037065
2022-09-22,-0.006692106079952728
2022-09-23,0.008194112146872021
2022-09-26,0.000949137042332654
2022-09-27,-0.0018879147139723431
2022-09-28,-0.004806961625777743
2022-09-29,-0.002971753564427764
2022-09-30,-1.5372974799701873e-05
2022-10-03,0.0004055456366393823
2022-10-04,0.0017025316609390417
2022-10-05,-0.0012483091034634992
2022-10-06,0.0067361882124066415
2022-10-07,-0.0043731895866493545
2022-10-10,0.005855835167865663
2022-10-11,-0.005070940865913763
2022-10-12,0.013245095297780304
2022-10-13,0.0027336884266451434
2022-10-14,0.012424907807766075
2022-10-17,0.0030949790212185403
2022-10-18,-0.0006167428533554802
2022-10-19,-0.002622484934565031
2022-10-20,0.0001192365326473676
2022-10-21,0.007631534016227239
2022-10-24,-0.0043604848578819065
2022-10-25,0.002538438509941737
2022-10-26,0.003188272748170617
2022-10-27,0.0016144394727402435
2022-10-28,-0.0028244805837143814
2022-10-31,-0.003774644238813736
2022-11-01,0.005896571838757417
2022-11-02,0.0063374856035119
2022-11-03,0.0026758228762138936
2022-11-04,0.003775717910365504
2022-11-07,-0.003465595947218422
2022-11-08,-0.011012685210253215
2022-11-09,0.0035195190143673446
2022-11-10,-0.007743286750005324
2022-11-11,0.01910121543801461
2022-11-14,-0.00601017463747762
2022-11-15,0.0007384087369105099
2022-11-16,-0.008926796750274643
2022-11-17,0.0016991870869506108
2022-11-18,-0.01256293412980462
2022-11-21,-0.005742150466795983
2022-11-22,0.00479693662846737
2022-11-23,-0.002641027620805765
2022-11-25,-0.004674265852930783
2022-11-28,0.0037816962637762267
2022-11-29,0.00036617401981845724
2022-11-30,-0.0038906205009224632
2022-12-01,0.0009690370246598466
2022-12-02,0.007002752687287381
2022-12-05,0.0018120310054438986
2022-12-06,-0.004715288148143063
2022-12-07,-0.003221476270317701
2022-12-08,-0.003299839083848549
2022-12-09,0.0013109333940772093
2022-12-12,-0.006390755617295815
2022-12-13,-0.00030029031260052255
2022-12-14,0.003811525303024317
2022-12-15,0.0011279470627634043
2022-12-16,-0.005452695559007775
2022-12-19,-0.015227830691992746
2022-12-20,-0.0022382636678440525
2022-12-21,-0.007054150745652855
2022-12-22,-0.011545919461989995
2022-12-23,-0.008107101107818267
2022-12-27,-0.0034479682333340084
2022-12-28,0.0032493553924564014
2022-12-29,0.0016684323064347667
2022-12-30,0.012027934608674924
2023-01-03,0.012294153702554421
2023-01-04,-0.005253683273545697
2023-01-05,-0.0016985702527341497
2023-01-06,-0.0008605664539316813
2023-01-09,0.006554104623357596
2023-01-10,-0.0011570415677498822
2023-01-11,0.001724313808472745
2023-01-12,-0.00225587884204148
2023-01-13,0.0032665012353631125
2023-01-17,-0.0012581899881741667
2023-01-18,0.000601204125655754
2023-01-19,0.0017497480463356324
2023-01-20,0.010910150094818416
2023-01-23,-0.014232515370604219
2023-01-24,0.012003394267770369
2023-01-25,0.004494954475587078
2023-01-26,-0.003832786340912913
2023-01-27,0.0035050342828693275
2023-01-30,0.001003066177088589
2023-01-31,-0.0045210069074474585
2023-02-01,0.0013718920667127035
2023-02-02,0.0016100947492716704
2023-02-03,0.016095787294468637
2023-02-06,0.007083365298108957
2023-02-07,0.01745563710301579
2023-02-08,-0.004264105303768328
2023-02-09,-0.012884059152062744
2023-02-10,-0.0064359177686508316
2023-02-13,0.0027965844042438575
2023-02-14,0.014411173981418326
2023-02-15,0.00402306469992042
2023-02-16,0.0021541803873481695
2023-02-17,-0.006047462536409501
2023-02-21,-0.0032053426763647714
2023-02-22,0.005930232889106086
2023-02-23,-0.01013584892397389
2023-02-24,-0.00133680253861774
2023-02-27,-0.0022135772763644227
2023-02-28,0.0025217201972059893
2023-03-01,-0.0022873670540580634
2023-03-02,0.010082184284056387
2023-03-03,-0.00044014911667017393
2023-03-06,-0.0040296310639603055
2023-03-07,0.006551899061604925
2023-03-08,-0.0071152171925384314
2023-03-09,-0.013552637119461818
2023-03-10,-0.006318626771825175
2023-03-13,0.006818489951215339
2023-03-14,-0.031233656109891296
2023-03-15,-0.00484466933840121
2023-03-16,-0.007320093552368409
2023-03-17,-0.005630879382776893
2023-03-20,0.0007409827693054152
2023-03-21,0.001511926201158446
2023-03-22,-0.0027369915431776086
2023-03-23,-0.015496629081663986
2023-03-24,0.007314095221821811
2023-03-27,0.007687032660026868
2023-03-28,-0.006398164911831745
2023-03-29,0.007469860315717536
2023-03-30,-0.006586606265563593
2023-03-31,-0.008660847583606109
2023-04-03,-0.0006817534535825235
2023-04-04,-0.010780545902878117
2023-04-05,-0.002944392005920618
2023-04-06,-0.0077272447513137546
2023-04-10,0.01619922619099795
2023-04-11,-0.0025963005188942125
2023-04-12,-0.010785091685563599
2023-04-13,-0.012402325343561607
2023-04-14,0.006532180227543286
2023-04-17,0.004713929522699157
2023-04-18,-0.00038962698220112383
2023-04-19,-0.012470781233581293
2023-04-20,-0.0022514854783607136
2023-04-21,-0.006244385604093981
2023-04-24,0.008462173918584436
2023-04-25,-0.003757063667324852
2023-04-26,-0.004807339997532416
2023-04-27,-0.010255788266091434
2023-04-28,0.01824797676347484
2023-05-01,0.00047269295821135394
2023-05-02,-0.013109134135068793
2023-05-03,-0.003511779329553874
2023-05-04,0.004456462910764144
2023-05-05,0.007994484888379606
2023-05-08,0.004295842943461334
2023-05-09,0.0007960896664091451
2023-05-10,-0.004934978992481987
2023-05-11,-0.0018477122607786732
2023-05-12,-0.0035944554738422166
2023-05-15,0.015395579577614355
2023-05-16,0.010294831979415718
2023-05-17,0.0004926897619104468
2023-05-18,-0.0005985489423144824
2023-05-19,0.0026831731438379854
2023-05-22,0.0014091856707337416
2023-05-23,0.0017620344360431363
2023-05-24,-0.027690061624796064
2023-05-25,5.463055333419846e-05
2023-05-26,0.025637999368365017
2023-05-30,0.004843015218845267
2023-05-31,0.022898693821614618
2023-06-01,-0.015324108427779013
2023-06-02,-0.006748784050378985
2023-06-05,-0.0059867409060928405
2023-06-06,-0.007577398546894925
2023-06-07,0.001590829288214449
2023-06-08,-0.03445354254093903
2023-06-09,0.008596549096709857
2023-06-12,-0.00526999895245156
2023-06-13,-0.008545807406133537
2023-06-14,0.012276780842614956
2023-06-15,-0.0013594858427341298
2023-06-16,-0.00710331948288502
2023-06-20,0.002460183045063724
2023-06-21,0.0024456338312481775
2023-06-22,0.012848291057182581
2023-06-23,0.0006572967467113445
2023-06-26,-0.01855634786580735
2023-06-27,-0.0032148363743891013
2023-06-28,0.0055658734901986905
2023-06-29,-0.0035339180519623403
2023-06-30,-0.009613543634074974
2023-07-03,0.005626317911980941
2023-07-05,0.0026793989582921717
2023-07-06,-0.005845698325668282
2023-07-07,0.0017296592041406197
2023-07-10,-0.0036085191042330247
2023-07-11,0.009997013580800386
2023-07-12,0.0020272661205890884
2023-07-13,0.008931946169387922
2023-07-14,-0.005358786762283756
2023-07-17,0.010716538457880478
2023-07-18,-0.003773623291922583
2023-07-19,-0.0035364427630833295
2023-07-20,0.008703599285664996
2023-07-21,0.006027346072151843
2023-07-24,-0.0008787621217560892
2023-07-25,0.0021075430910163302
2023-07-26,0.0022080639035948714
2023-07-27,0.0029251116157870795
2023-07-28,0.00506307210898861
2023-07-31,-0.00017208975924024118
2023-08-01,0.0014624526694163916
2023-08-02,-1.491765381798655e-05
2023-08-03,-0.007251479873071586
2023-08-04,-0.0020834689379920666
2023-08-07,-0.0019253159678930313
2023-08-08,-0.006606380350934865
2023-08-09,-0.006512199325758315
2023-08-10,-0.01915534503901837
2023-08-11,-0.005375151078478015
2023-08-14,-0.00395211656888856
2023-08-15,-0.003489318484927597
2023-08-16,-0.0014585940706775074
2023-08-17,0.004327614491059892
2023-08-18,0.0014102279669420301
2023-08-21,-0.003126112035729181
2023-08-22,-0.007117397681248737
2023-08-23,-0.002617199464902596
2023-08-24,0.006585966849260624
2023-08-25,-0.002663166689306123
2023-08-28,0.0004479091210791303
2023-08-29,-0.004815463782021227
2023-08-30,-0.0015637734613295577
2023-08-31,-0.00274807739810438
2023-09-01,-3.9426474184779534e-05
2023-09-05,-0.0008296805208284114
2023-09-06,-0.0012674469417670781
2023-09-07,0.00010821579925288721
2023-09-08,-0.003477658645371827
2023-09-11,0.0006054336119797668
2023-09-12,-0.003389222350996646
2023-09-13,-0.0020924581477001956
2023-09-14,-0.002760342681081971
2023-09-15,-0.0022234854869938683
2023-09-18,0.0031123923693618283
2023-09-19,0.0005621003411167256
2023-09-20,-0.000660962489288844
2023-09-21,0.004689001712718555
2023-09-22,0.004326490003264477
2023-09-25,-0.0020029322180656626
2023-09-26,-0.0008960101428263114
2023-09-27,0.002494320248337024
2023-09-28,-0.00206891871821487
2023-09-29,0.009889011027568123
2023-10-02,0.006794231559729549
2023-10-03,0.0070707831813535925
2023-10-04,0.011748574900611587
2023-10-05,0.0012832443868309074
2023-10-06,0.011721291975422944
2023-10-09,0.010957248161121145
2023-10-10,-0.014596182674536107
2023-10-11,0.006519759561960044
2023-10-12,0.001754522204173194
2023-10-13,-0.002440046538292493
2023-10-16,0.004127301603455718
2023-10-17,0.0068583356385846965
2023-10-18,-0.0010777863460362848
2023-10-19,0.003323156837642384
2023-10-20,-0.003429867591185517
2023-10-23,0.010494977014163367
2023-10-24,0.00587446419989792
2023-10-25,-0.00247838002478689
2023-10-26,-0.0064235082055730044
2023-10-27,0.012624851400754741
2023-10-30,-0.011324922304869011
2023-10-31,-0.0017982604200298502
2023-11-01,0.008756509547532947
2023-11-02,-0.0116214236566826
2023-11-03,0.005739935878310133
2023-11-06,0.0044401110520754655
2023-11-07,0.003770815400057142
2023-11-08,0.004947347803253805
2023-11-09,0.0028894346428723363
2023-11-10,0.003980594869182147
2023-11-13,-0.003713861705021069
2023-11-14,-0.0066378553883072846
2023-11-15,0.0005936317191988297
2023-11-16,-0.00818589610230127
2023-11-17,-0.0018593357250653272
2023-11-20,-0.001080340347808723
2023-11-21,-0.0006213488542777121
2023-11-22,-0.004206986623524121
2023-11-24,-0.002294108908420723
2023-11-27,-0.001870668709713711
2023-11-28,-0.0004952425896628422
2023-11-29,-0.0008061360129066468
2023-11-30,0.006219731045519074
2023-12-01,-0.006202291450937836
2023-12-04,0.004882308862433713
2023-12-05,0.0046575973114834635
2023-12-06,-0.0036704716830480806
2023-12-07,-0.0018810684143509653
2023-12-08,-0.0029659642102094516
2023-12-11,0.0042758473024542476
2023-12-12,0.003238548714781612
2023-12-13,0.007595269708561912
2023-12-14,0.0016261216696068072
2023-12-15,-0.010144075130786011
2023-12-18,-0.005326220745415415
2023-12-19,-1.7990894501353775e-05
2023-12-20,0.0022286788740594394
2023-12-21,0.006614839814135154
2023-12-22,0.006160144478253472
2023-12-26,0.0017423599045326376
2023-12-27,0.0015743421054443534
2023-12-28,0.0003589618035391443
2023-12-29,-0.00933267783699929
2024-01-02,-0.0031199557862299186
2024-01-03,-0.0006185974609374676
2024-01-04,-0.001530103814795684
2024-01-05,-0.0004103926821190085
2024-01-08,-0.0002448901577632382
2024-01-09,0.0035855727234419426
2024-01-10,-0.00444169663927868
2024-01-11,-0.0011177322559539438
2024-01-12,0.0021269750413938065
2024-01-16,0.01444752989931765
2024-01-17,0.011688805260400621
2024-01-18,-0.0082962160690931
2024-01-19,0.0023921953177029097
2024-01-22,-0.010183326178219296
2024-01-23,0.0016525611193492723
2024-01-24,0.004893415011328911
2024-01-25,-0.011355001168258286
2024-01-26,0.003424399848611125
2024-01-29,0.001092713227591381
2024-01-30,-0.018687582572878086
2024-01-31,0.011620446764694183
2024-02-01,0.002407510117981658
2024-02-02,-0.0005124260646692481
2024-02-05,-0.020859791148012684
2024-02-06,-0.011659535640494831
2024-02-07,0.006379131609489255
2024-02-08,0.003886411008998157
2024-02-09,0.002735187838281035
2024-02-12,-0.0033173927325479097
2024-02-13,0.012326875275629225
2024-02-14,0.006288616099832574
2024-02-15,0.002174925119268139
2024-02-16,0.0029813786784702793
2024-02-20,0.002775546501399198
2024-02-21,-0.008254118222618845
2024-02-22,-8.340321897906382e-05
2024-02-23,0.0008740684944001771
2024-02-26,-0.0012965067710911456
2024-02-27,0.006742924114285125
2024-02-28,-0.0013145226842460824
2024-02-29,0.005530416796906805
2024-03-01,-0.006629150912518956
2024-03-04,0.008571031578038225
2024-03-05,0.00811887082294393
2024-03-06,0.003768882927952416
2024-03-07,0.0008754145178596666
2024-03-08,0.006046043745399015
2024-03-11,0.0004730483027677793
2024-03-12,-0.011209540698825292
2024-03-13,-0.0027903490152531647
2024-03-14,-0.004072595555931545
2024-03-15,0.0027947938464552057
2024-03-18,0.0019577404535537895
2024-03-19,-0.004492022646309218
2024-03-20,-0.009089187143749363
2024-03-21,-0.00730513680323211
2024-03-22,0.0012172937248988618
2024-03-25,0.004381581819646112
2024-03-26,-0.0042799443884046036
2024-03-27,-0.0003310279297982266
2024-03-28,0.001301375251006146
2024-04-01,0.009404590426637504
2024-04-02,-0.0032590879023682243
2024-04-03,-0.00039907425344714323
2024-04-04,-0.010229761311495335
2024-04-05,0.0006809296400506435
2024-04-08,-0.004673669036670047
2024-04-09,0.002064002977383858
2024-04-10,-0.0013596621184232798
2024-04-11,-0.003188855966301909
2024-04-12,-0.00546041272322037
2024-04-15,0.014448965739463162
2024-04-16,0.003320546048050054
2024-04-17,-0.0018122768542835857
2024-04-18,-0.0029269055199208156
2024-04-19,0.0022998351833054885
2024-04-22,0.006852184873944121
2024-04-23,-0.011176464747610759
2024-04-24,-0.0016955963982471743
2024-04-25,-0.024629107228745693
2024-04-26,0.00010009966452868415
2024-04-29,-0.006733998182374924
2024-04-30,0.00023813066524786127
2024-05-01,0.0014780570650136556
2024-05-02,-0.005596208806087889
2024-05-03,-0.0007869688457323731
2024-05-06,-0.004456299192387475
2024-05-07,-0.0006605688736514686
2024-05-08,0.002304460723268507
2024-05-09,0.0021651061627717834
2024-05-10,-0.003951961608371085
2024-05-13,0.0024187403184008586
2024-05-14,0.0018621366374748428
2024-05-15,-0.005725142180601368
2024-05-16,0.007707839792031
2024-05-17,-0.0018650050125461526
2024-05-20,-0.010780346360199516
2024-05-21,0.00015177052833611118
2024-05-22,-0.00697515191555919
2024-05-23,0.0019916091084616165
2024-05-24,-0.0023519047066996998
2024-05-28,-0.003863919948766262
2024-05-29,0.005285231429437466
2024-05-30,0.0038922285904696135
2024-05-31,0.0015264450797626778
2024-06-03,-0.00555297164476432
2024-06-04,0.0027596055099037477
2024-06-05,-0.003954484813246679
2024-06-06,-0.0005461922866169212
2024-06-07,0.0003766926972244546
2024-06-10,0.00036232466641373645
2024-06-11,0.013304026565815067
2024-06-12,0.006391440913940905
2024-06-13,-0.003827779386716719
2024-06-14,-0.004631803523555522
2024-06-17,-0.004817572143034728
2024-06-18,0.002455702314398907
2024-06-20,-0.017029706469713097
2024-06-21,-0.014453816015990287
2024-06-24,0.005893596726146864
2024-06-25,0.011005430489250099
2024-06-26,-0.002841244235107204
2024-06-27,0.005398461476439013
2024-06-28,0.0016184910816264126
2024-07-01,0.009938018464060588
2024-07-02,-0.0041474582456302025
2024-07-03,0.00525179660902333
2024-07-05,0.009188885046535224
2024-07-08,0.004094140653702118
2024-07-09,0.004773306435015427
2024-07-10,0.0018838678241006029
2024-07-11,-0.0097389704994859
2024-07-12,0.006205521950698407
2024-07-15,-0.004458511740619196
2024-07-16,-0.006910862324544387
2024-07-17,0.002736188819088353
2024-07-18,0.0032154681932819295
2024-07-19,-0.0007942427811202999
2024-07-22,-0.00010350958506496678
2024-07-23,-0.0009403555801767588
2024-07-24,-0.010033664420761349
2024-07-25,-0.004178397229844847
2024-07-26,-0.0008536491329659815
2024-07-29,-0.0011199217629636572
2024-07-30,-4.9431960889092654e-05
2024-07-31,-0.00031259297400314137
2024-08-01,0.0005210328969790692
2024-08-02,0.003166585102579247
2024-08-05,-0.0028980096450362705
2024-08-06,-0.0003022975476761093
2024-08-07,0.00042987093491757256
2024-08-08,0.0007472751783959539
2024-08-09,0.00037310635243761853
2024-08-12,-0.002535173886239336
2024-08-13,-0.0033408102277710083
2024-08-14,0.006163763136666517
2024-08-15,-0.006837358193756139
2024-08-16,0.001765861785731268
2024-08-19,-0.006049135795696437
2024-08-20,-0.0019973973740502033
2024-08-21,-0.0020029533856868236
2024-08-22,0.007202970790444125
2024-08-23,0.003907880682284896
2024-08-26,0.0026997427433981115
2024-08-27,-0.005838844528582904
2024-08-28,0.007048345541616375
2024-08-29,0.000829729377090766
2024-08-30,0.002557517113611648
2024-09-03,0.007194498615533233
2024-09-04,0.00030280921983522855
2024-09-05,-0.0059969390984595805
2024-09-06,-0.0025257017216206205
2024-09-09,0.004639001515490389
2024-09-10,0.0006745749834960932
2024-09-11,0.005686257545933907
2024-09-12,-0.0008433948842921145
2024-09-13,-0.0005254383971376898
2024-09-16,0.0020522878296694367
2024-09-17,-0.0025321364486250767
2024-09-18,0.000549515886686799
2024-09-19,0.009151307652794625
2024-09-20,-0.005418142902963746
2024-09-23,-0.004118311778609837
2024-09-24,-0.0024604490131696693
2024-09-25,0.010045892866891795
2024-09-26,0.007980359046883316
2024-09-27,0.00033901320286564647
2024-09-30,-0.006554260628137001
2024-10-01,-0.00377522049490311
2024-10-02,-0.002684060964776379
2024-10-03,0.0024331117005947232
2024-10-04,-0.0021122958138820903
2024-10-07,0.008571403768215665
2024-10-08,-0.00903213179401859
2024-10-09,-0.00640632573158924
2024-10-10,0.00013632399538437441
2024-10-11,0.0038951705533591214
2024-10-14,0.01186227728914917
2024-10-15,-0.007744238906353703
2024-10-16,-6.674709403471384e-05
2024-10-17,0.0017599605795463593
2024-10-18,-0.003287156748313771
2024-10-21,-0.0037836969644551004
2024-10-22,0.002893554570773779
2024-10-23,0.0011177686136027013
2024-10-24,-0.00117967400907983
2024-10-25,0.003304546404768125
2024-10-28,-0.010132841267795952
2024-10-29,0.0035563202511962344
2024-10-30,-0.002399743937049278
2024-10-31,-0.005906053686035341
2024-11-01,-0.0039304822881496655
2024-11-04,0.021260061022150226
2024-11-05,-0.0008999569341694991
2024-11-06,0.006766387577699814
2024-11-07,-0.0018309081294324877
2024-11-08,0.0044135228697139775
2024-11-11,9.109395811854184e-05
2024-11-12,0.005404808622329958
2024-11-13,0.0020704058000134717
2024-11-14,0.009689032886685994
2024-11-15,0.00904975162728472
2024-11-18,-0.009843020914646426
2024-11-19,0.0029553592397876093
2024-11-20,-0.0020458370049994796
2024-11-21,0.0007348228614868172
2024-11-22,0.0064316144232213
2024-11-25,-0.010855885381479847
2024-11-26,0.011959296784794465
2024-11-27,0.0021061085087791054
2024-11-29,0.0010304553924305997
2024-12-02,-0.006998166180313727
2024-12-03,0.0007674077432836004
2024-12-04,0.0010084643462184887
2024-12-05,-0.006528715236706277
2024-12-06,-0.000338986558894547
2024-12-09,0.01558016037504167
2024-12-10,0.0024406396725081313
2024-12-11,-0.00635896007144275
2024-12-12,-0.0020013167360129194
2024-12-13,-3.0001431251573107e-05
2024-12-16,0.0014092790089934896
2024-12-17,0.01114081685198628
2024-12-18,0.0016667303881529334
2024-12-19,0.004930288515595036
2024-12-20,0.0023778890181383695
2024-12-23,-0.011902589117083218
2024-12-24,0.006221857698337689
2024-12-26,-0.0002320799758532268
2024-12-27,-0.006912081756892721
2024-12-30,0.0012734025358264384
2024-12-31,-0.0008534618206732519
2025-01-02,-6.350637206891468e-05
2025-01-03,-0.0066421011208570285
2025-01-06,0.0014049830053473066
2025-01-07,0.005714079039813633
2025-01-08,0.003171553439911643
2025-01-10,9.694143282263923e-05
2025-01-13,-0.004806386434352013
2025-01-14,0.0019629122376304663
2025-01-15,0.005230250955009393
2025-01-16,-0.003541143084207514
2025-01-17,0.002522638718754912
2025-01-21,-0.00038270515423084517
2025-01-22,-0.002465927287087176
2025-01-23,-0.0009564348944443864
2025-01-24,0.0038700457437312588
2025-01-27,0.008136192907738789
2025-01-28,0.004062765232817168
2025-01-29,-0.016861854551922406
2025-01-30,-0.004391312138625049
2025-01-31,8.90566109502584e-06
2025-02-03,-0.0014500142105229048
2025-02-04,0.0006956773161047448
2025-02-05,-0.007313647652908155
2025-02-06,0.002703519796861658
2025-02-07,-0.0002879609427662022
2025-02-10,-0.012993668973598887
2025-02-11,0.0024276044567019856
2025-02-12,-0.0021962208756100563
2025-02-13,-0.0018623051822814092
2025-02-14,-0.00313681596121248
2025-02-18,-0.003438172232151067
2025-02-19,-0.003396009198678932
2025-02-20,-0.006758925466278469
2025-02-21,0.006462473805000243
2025-02-24,0.006847294377517811
2025-02-25,-0.007541012784504216
2025-02-26,0.00010016056153653085
2025-02-27,0.017679177349300915
2025-02-28,-0.0019340257729567793
2025-03-03,-0.003604922008653353
2025-03-04,-0.00829176755593014
2025-03-05,-0.0011513627773210124
2025-03-06,-0.0033896309824236015
2025-03-07,-0.014308943839148157
2025-03-10,-0.004135211058109184
2025-03-11,-0.0006424825613401273
2025-03-12,-0.005927071403062152
2025-03-13,-5.3077993689475966e-05
2025-03-14,0.003672197974247551
2025-03-17,0.008420821987277382
2025-03-18,0.002354751660436859
2025-03-19,0.0008309718529779446
2025-03-20,0.005432278338074766
2025-03-21,0.003523248422935834
2025-03-24,-0.0002143223609119113
2025-03-25,-2.68807211026254e-05
2025-03-26,0.004162523773532156
2025-03-27,-0.00434509876491439
2025-03-28,-0.012841839541181265
2025-03-31,0.004590622342965767
2025-04-01,-0.004369050228672165
2025-04-02,-0.00262786152779339
2025-04-03,-0.008409473240871764
2025-04-04,0.03626592870303181
2025-04-07,-0.010098352014110924
2025-04-08,-0.0009775787628579272
2025-04-09,-0.00836528176367538
2025-04-10,-0.008223426500300465
2025-04-11,-0.016015229904883754
2025-04-14,0.0023214127398314744
2025-04-15,0.0014495787231048698
2025-04-16,0.0043106992305703366
2025-04-17,-0.007549050015492755
2025-04-21,0.004085687279958074
2025-04-22,0.014290868301614296
2025-04-23,-0.004232517886695581
2025-04-24,0.008407501894559088
2025-04-25,0.01244301035731542
2025-04-28,-0.009359138351656556
2025-04-29,-0.002724141551618047
2025-04-30,-0.0018194301001870701
2025-05-01,-0.008294892432743235
2025-05-02,-0.005557667074946957
2025-05-05,0.0010063620797528675
2025-05-06,-0.0021577761543018223
2025-05-07,0.006181778135964897
2025-05-08,-0.009232611058218756
2025-05-09,0.004496605988188667
2025-05-12,-0.0027345040145928044
2025-05-13,0.00209514379489016
2025-05-14,0.0015239277963128108
2025-05-15,-0.0025570223419856264
2025-05-16,0.0003828469767046111
2025-05-19,0.006639908735381126
2025-05-20,-0.002713343096638873
2025-05-21,0.00429901942284201
2025-05-22,0.003205722516648936
2025-05-23,-0.0008395868551978348
2025-05-27,-0.003910011226639901
2025-05-28,0.012975236530831411
2025-05-29,-0.0028190655958915964
2025-05-30,-0.0009856823476524217
2025-06-02,-0.002896300302071995
2025-06-03,-0.005125549416242781
2025-06-04,-0.0028069527146812427
2025-06-05,-0.005261807890535766
2025-06-06,0.005506054734182214
2025-06-09,0.014249838529169258
2025-06-10,0.00739497284579745
2025-06-11,-0.004024928267743032
2025-06-12,-0.0060402783202192206
2025-06-13,0.0060027663052453295
2025-06-16,0.000957644438275777
2025-06-17,0.0025353094839838954
2025-06-18,-0.0032619362698315113
2025-06-20,-0.007662384893763731
2025-06-23,0.005707127968717228
2025-06-24,0.00018796540588206175
2025-06-25,0.008046537080612957
2025-06-26,-0.0042306409669899845
2025-06-27,0.0035571129832161178
2025-06-30,-0.008121840200532008
2025-07-01,-0.0038232121846095216
2025-07-02,0.003889722555773589
2025-07-03,0.0006211864806072056
2025-07-07,9.030871805216035e-05
2025-07-08,0.0004569410720788558
2025-07-09,0.0018438977347376454
2025-07-10,-0.0007580539538483031
2025-07-11,0.004452871215379669
2025-07-14,0.000588418198354112
2025-07-15,-0.0004935914192838979
2025-07-16,0.0009033032623803781
2025-07-17,0.00016896113093855324
2025-07-18,9.671330875733435e-05
2025-07-21,-0.0009457466534799225
2025-07-22,0.0005700295788413854
2025-07-23,-0.003387796353880426
2025-07-24,-0.0007673830307504405
2025-07-25,4.793541018041378e-05
2025-07-28,0.0008173703429760479
2025-07-29,-0.0014302786265472487
2025-07-30,0.0029819118359775076
2025-07-31,-0.0012319156138277778
2025-08-01,-0.0018547933187686434
2025-08-04,-0.005118993074476016
2025-08-05,0.0023644239289185402
2025-08-06,0.001897252595495449
2025-08-07,0.0023584969803830077
2025-08-08,0.007237040235416846
2025-08-11,-0.0004852541031087742
2025-08-12,0.0017095442167601
2025-08-13,-0.0019251803090329133
2025-08-14,-0.00036076754216883165
2025-08-15,0.0023762475020592424
2025-08-18,0.006659134576373884
2025-08-19,0.002123149097128156
2025-08-20,-0.0006882839559713417
2025-08-21,7.213668953529274e-05
2025-08-22,0.0006780228123907968
2025-08-25,-0.0040522269714481675
2025-08-26,0.0052846809673577
2025-08-27,-0.00023156428486987925
2025-08-28,-0.00246322263054073
2025-08-29,0.001981414381196838
2025-09-02,-0.000982423229954929
2025-09-03,-0.00481111274684706
2025-09-04,-0.0014800830481699198
2025-09-05,-0.005239781594062979
2025-09-08,0.007390567074797884
2025-09-09,0.0016892269831423295
2025-09-10,-0.011750160678998542
2025-09-11,-0.0013563343238702041
2025-09-12,-0.001641086240722547
2025-09-15,0.002192543106870908
2025-09-16,-0.004737346612805524
2025-09-17,-0.00582073711220246
2025-09-18,-0.008614666814868591
2025-09-19,-0.0008637991390300189
2025-09-22,0.0027969971713130057
2025-09-23,-0.003923567227139557
2025-09-24,0.0007328458121261518
2025-09-25,0.0008627792643041927
2025-09-26,0.00012563408853740328
2025-09-29,0.0008201706964147189
2025-09-30,-0.0031204768359863405
2025-10-01,0.0013769592842163717
2025-10-02,-0.0011571977177367932
2025-10-03,0.05557821089113689
2025-10-06,-0.003077172767619815
2025-10-07,-0.0003028335023270975
2025-10-08,-0.018147683477820534
2025-10-09,0.001767571875728738
2025-10-10,0.006453942633042442
2025-10-13,-0.003062248288772302
2025-10-14,-0.005229198440125596
2025-10-15,-0.01619142669962933
2025-10-16,-0.0013419078380408197
2025-10-17,-0.002699067600396245
2025-10-20,0.0006540642424030851
2025-10-21,-0.000434339744807287
2025-10-22,0.0011583209993019496
2025-10-23,-0.010802111907711185
2025-10-24,-0.006333371839441702
2025-10-27,0.0076723018591183635
2025-10-28,0.003567110977985987
2025-10-29,0.006416841785062545
2025-10-30,0.00797563376529974
2025-10-31,-0.008517229501371048
2025-11-03,-1.0589424406844791e-05
2025-11-04,0.0018079364036100607
2025-11-05,-0.0077501311410861674
2025-11-06,0.00726954519546914
2025-11-07,-0.009551217335162693
2025-11-10,0.0039482379849953
2025-11-11,0.0025812285075942896
2025-11-12,-0.004227128108049184
2025-11-13,-0.0001948314969700854
2025-11-14,-0.014742125358531455
2025-11-17,-0.0077839381187315825
2025-11-18,0.00611143727488625
2025-11-19,0.00441647912324725
2025-11-20,-0.0009245711139767733
2025-11-21,-0.01104399081199559
2025-11-24,-0.011816149128486284
2025-11-25,0.0019538839819535506
2025-11-26,0.0034544946952788738
2025-11-28,0.002338174679574537
2025-12-01,0.0016072833985724322
2025-12-02,0.008347628982813686
2025-12-03,0.005290943550323327
2025-12-04,0.002145420959461647
2025-12-05,0.0012167289561146445
2025-12-08,0.006419871049103119
2025-12-09,-0.008209823993719757
2025-12-10,-0.005574181802318775
2025-12-11,0.008652046722382881
2025-12-12,0.0015109343261797976
2025-12-15,-0.002458105716535202
2025-12-16,-0.003074116361365929
2025-12-17,-0.005592512442163237
2025-12-18,-0.010300863399764935
2025-12-19,0.006544895236040239
2025-12-22,0.0036177252357850014
2025-12-23,-0.003552924856341493
2025-12-24,0.0001968969117054369
2025-12-26,0.0010053178082953126
2025-12-29,-0.008760518064994697
2025-12-30,-0.003920796894211142
2025-12-31,0.0004987140247477084
2026-01-02,0.00230683671545667
2026-01-05,-0.010049531359176926
2026-01-06,0.0037154010021858874
2026-01-07,0.009164241164232482
2026-01-08,-0.007397527314470141
2026-01-09,-0.0027416152934784553
2026-01-12,-0.0042955381453487936
2026-01-13,0.008118178951846598
2026-01-14,0.0008904233111100908
2026-01-15,-0.009242594233466907
2026-01-16,-0.005159628146397496
2026-01-20,-0.0011834424348862863
2026-01-21,0.00862448239644146
2026-01-22,-0.01653695499403789
2026-01-23,-0.0018813766227197411
2026-01-26,0.012092504417096476
2026-01-27,0.005003065765103762
2026-01-28,0.007019488459775127
2026-01-29,-0.0036126354021070056
2026-01-30,-0.0019332641212282185
2026-02-02,0.012419998354950751
2026-02-03,0.00017873037243601667
2026-02-04,-0.0006309482614554457
2026-02-05,0.0025303106354243325
2026-02-06,-0.005870141116675665
2026-02-09,-0.0093346592545955
2026-02-10,-0.004051765038309891
2026-02-11,0.003090267552041182
2026-02-12,-0.008108023321450735
2026-02-13,0.01500828088278698
2026-02-17,-0.004850812792846301
2026-02-18,0.0023845045871081095
2026-02-19,-0.010055641208591204
2026-02-20,-0.0048422464929571765
2026-02-23,0.012779707877314516
2026-02-24,-0.0041601331586875855
2026-02-25,-0.0019539676284198587
2026-02-26,0.0023520856352566054
2026-02-27,0.004398938771958552
2026-03-02,0.0031910340914407245
2026-03-03,-0.005394575427952843
2026-03-04,-0.0009464796236295521
2026-03-05,0.0035832283827617606
2026-03-06,0.0015712340628938042
2026-03-09,-0.009279981459957447
2026-03-10,-0.0007408589915578948
2026-03-11,-0.003297920171193404
2026-03-12,0.0026582983099463736
2026-03-13,0.001074708265917525
2026-03-16,-0.0075911990530045876
2026-03-17,-0.0032850685739692744
2026-03-18,0.004120790307265234
2026-03-19,-0.0012433937118417327
2026-03-20,-0.00010936592956529397
2026-03-23,0.0033775294231523168
2026-03-24,0.005222956748929553
2026-03-25,-0.00368666931841148
2026-03-26,0.005381148316392629
2026-03-27,-0.002228288234987379
2026-03-30,-0.0028974082546136875
2026-03-31,-0.00551170687224815
2026-04-01,0.003532462857114394
2026-04-02,-0.0020919297857073024
2026-04-06,-0.003750625861221441
2026-04-07,-0.005161226477758517
2026-04-08,-0.0029534588618129725
2026-04-09,0.0037741236974975323
2026-04-10,-0.006974667026471307
2026-04-13,0.007690665136364152
2026-04-14,-0.0016278587485966825
2026-04-15,0.0030054596745052987
2026-04-16,-0.0024967134070292656
2026-04-17,0.0004347420299708416
2026-04-20,0.002815139964589467
2026-04-21,0.0006183135638291317
2026-04-22,-0.01225176745332473
2026-04-23,-0.004845205923546349
2026-04-24,-0.0009189352828276537
2026-04-27,0.0024928499905564473
2026-04-28,-0.0032145961878027106
2026-04-29,0.0029862227862964053
2026-04-30,-0.00017388219087525772
2026-05-01,0.003768112528987425
2026-05-04,0.0026349892768339272
2026-05-05,0.0005524863275178644
2026-05-06,-0.0017781168390268417
2026-05-07,0.0030689316000558015
2026-05-08,0.0073557809800449655
2026-05-11,0.003294761952778027
2026-05-12,-0.0025195732567411047
2026-05-13,-0.03411498505259421
2026-05-14,-0.003936844474679114
2026-05-15,0.0007463719567627976
2026-05-18,0.010095294735056133
2026-05-19,0.003632910904669467
2026-05-20,-0.008989126530020368
2026-05-21,-0.008012066780892486
2026-05-22,-0.014690983395652496
2026-05-26,0.0011857459580992408
2026-05-27,-0.0015314939162087327
2026-05-28,-0.0117247266268662
2026-05-29,-0.006379300614147561
2026-06-01,0.011036980167958971
2026-06-02,0.01668118776038363
2026-06-03,-0.014160240027051877
2026-06-04,-0.003492653293061593
2026-06-05,0.004470121804826873
2026-06-08,0.0012736526058342635
2026-06-09,-0.00897906689193989
2026-06-10,0.003812658225323611
2026-06-11,0.003747523571547265
2026-06-12,-0.002203352786635575
2026-06-15,0.005731243100808917
2026-06-16,-0.010903748045687191
2026-06-17,-0.003044177755640437
2026-06-18,0.0071866424664575835
2026-06-22,-0.006522323749797794
2026-06-23,-0.0038115742342258747
2026-06-24,-0.004896836259571242
2026-06-25,-0.0065052690009720325
2026-06-26,0.012123056654488332
2026-06-29,0.0011214129107628519
2026-06-30,0.0026428084229685547
2026-07-01,0.004857948333513056
2026-07-02,0.0008930570740936326
2026-07-06,-0.002929130043475939
2026-07-07,0.0020494838668734324
2026-07-08,0.0004811634851477481
2026-07-09,-0.0010522771977074532
2026-07-10,-0.004203273231733381
2026-07-13,-0.00013777567626951625
2026-07-14,-0.0006658238149238869
2026-07-15,-0.006451430501244507
2026-07-16,0.000591107224826025
2026-07-17,-8.609609593714393e-05
2026-07-20,0.005463043141301167
2026-07-21,-0.002227990690053129
2026-07-22,0.005134070622560552
2026-07-23,-0.00035198545554158115
2026-07-24,-0.00030190176204578626
2026-07-27,0.00185319225928353
2026-07-28,-0.0006465774491312821
2026-07-29,0.0011479673903661875
2026-07-30,-0.0005037987630330453
2026-07-31,0.002909201909482749
2026-08-03,-0.004228236892393946
2026-08-04,0.013576101102616821
2026-08-05,-0.011779974287493047
2026-08-06,-0.0015100055396521216
2026-08-07,-0.005042825537005252
2026-08-10,-0.001634973927334309
2026-08-11,0.0014061007217960166
2026-08-12,0.002097686306359311
2026-08-13,-0.0003605454984796467
2026-08-14,-0.003960588802064948
2026-08-17,0.0017396353786741326
2026-08-18,4.682908208931434e-05
2026-08-19,0.0010554941681899328
2026-08-20,-0.0009848754327522406
2026-08-21,-0.007397462964848024
2026-08-24,0.010293581094378059
2026-08-25,-0.005915454195234535
2026-08-26,-0.0015868407789295545
2026-08-27,0.0025233216747680256
2026-08-28,0.0038045565902238773
2026-08-31,-0.004507581540627563
2026-09-01,0.003761234100190396
2026-09-02,-0.009024332425797057
2026-09-03,-0.0018130503187813725
2026-09-04,0.004717433690130523
2026-09-08,-0.0028952823756883254
2026-09-09,0.007892130908497984
2026-09-10,0.006064316401804559
2026-09-11,0.00132410867032617
2026-09-14,0.0009254909120769376
2026-09-15,-0.004221380565925003
2026-09-16,0.010655944116254205
2026-09-17,-0.003806387729995717
2026-09-18,-0.0011430761460005372
2026-09-21,0.0008940857927576109
2026-09-22,-0.008863380845461979
2026-09-23,0.003771506958658192
2026-09-24,-0.00019412687153178896
2026-09-25,-0.0012599718438963368
2026-09-28,0.0032030789989769006
2026-09-29,0.002842252037659729
2026-09-30,-0.008912007358638025
