Date,net
2024-10-01,0.0
2024-10-02,0.0
2024-10-03,0.0
2024-10-04,0.0
2024-10-07,0.0
2024-10-08,0.0
2024-10-09,0.0
2024-10-10,0.0
2024-10-11,-0.0005504159428171599
2024-10-14,0.0009227692105021953
2024-10-15,-0.0010864755987177045
2024-10-16,0.002002488858585009
2024-10-17,0.002655245824923269
2024-10-18,0.000924011893724774
2024-10-21,0.0012018070937015336
2024-10-22,-0.0007213777231334753
2024-10-23,-0.0015969264708491804
2024-10-24,-3.819365653939951e-05
2024-10-25,0.0027404668230541717
2024-10-28,-0.0029722514286317785
2024-10-29,0.0020331447902884577
2024-10-30,0.002654251521869368
2024-10-31,-0.0018426532002647072
2024-11-01,0.0027830172306579103
2024-11-04,0.00071424515823434
2024-11-05,-0.006866001498964186
2024-11-06,0.0011054130251626922
2024-11-07,-0.014911809706365855
2024-11-08,-0.005793938052365903
2024-11-11,-0.004412626254649084
2024-11-12,-0.0011315156371509742
2024-11-13,0.0003340338659593506
2024-11-14,-0.0005192561252950216
2024-11-15,-0.0038310293486231058
2024-11-18,-0.002655460333882791
2024-11-19,-0.006168821433247343
2024-11-20,-0.0007646498079913418
2024-11-21,0.00678965953859622
2024-11-22,-0.001471454159527189
2024-11-25,0.0034881965410116563
2024-11-26,-0.0021841478746281863
2024-11-27,-0.0019361007406320109
2024-11-29,0.002836731341319145
2024-12-02,-0.001842124514637725
2024-12-03,-0.013806363632731994
2024-12-04,0.0005957604280341893
2024-12-05,0.007391712358539083
2024-12-06,-0.003519383752921977
2024-12-09,0.00023495157925593554
2024-12-10,0.002758067680509258
2024-12-11,0.00837276970832113
2024-12-12,-0.0010321153266188083
2024-12-13,0.000527011430688228
2024-12-16,-0.002675130582025506
2024-12-17,0.0009094745667700473
2024-12-18,-0.007788402190011437
2024-12-19,0.005011958526120858
2024-12-20,-0.008897054851312385
2024-12-23,0.006593578524026516
2024-12-24,0.003638538375431098
2024-12-26,-0.0006017787656993411
2024-12-27,-0.002350315533690422
2024-12-30,0.001884592608794168
2024-12-31,-0.0004418930478118269
2025-01-02,-0.003927836135614201
2025-01-03,-0.0003910491697237951
2025-01-06,-0.005025342594473932
2025-01-07,0.003944889178037276
2025-01-08,-0.0018089322466269958
2025-01-10,0.00527780457292013
2025-01-13,0.000993725181333189
2025-01-14,0.0014015460072182712
2025-01-15,-0.000496444514762588
2025-01-16,0.0022095560064412352
2025-01-17,0.0020228075901003945
2025-01-21,0.00017796202261202243
2025-01-22,-0.001104285155582639
2025-01-23,0.003465895820723218
2025-01-24,-0.0014764608330850818
2025-01-27,0.00011758675134375102
2025-01-28,-0.00029694006681931943
2025-01-29,-0.029244192325516203
2025-01-30,-0.0026835273112452633
2025-01-31,0.003482659819309741
2025-02-03,0.019818711194878904
2025-02-04,-0.0058723072392041446
2025-02-05,-0.004847851145354654
2025-02-06,0.014743771473823506
2025-02-07,0.011373987199038312
2025-02-10,5.326915591494651e-05
2025-02-11,-0.0036421909804311816
2025-02-12,0.02662157169079337
2025-02-13,0.03050358915266435
2025-02-14,0.012165053774147281
2025-02-18,-0.000877662577263574
2025-02-19,-0.013235847727694382
2025-02-20,-0.007101198490776304
2025-02-21,-0.0077419116257962115
2025-02-24,-4.394984160450242e-05
2025-02-25,-0.0037310716547722103
2025-02-26,0.006565733208388633
2025-02-27,-0.003701541343895048
2025-02-28,-0.0019063192028857699
2025-03-03,0.005043157451131978
2025-03-04,0.0021810898957554574
2025-03-05,-0.0007676604806855535
2025-03-06,-0.0016597585962172831
2025-03-07,-0.0024957656274501535
2025-03-10,0.006058760977710547
2025-03-11,-0.007409772048913417
2025-03-12,-2.515845053050851e-05
2025-03-13,0.0013548917576366773
2025-03-14,-0.0033516182816078705
2025-03-17,-0.005328769238500273
2025-03-18,-0.0010540269399570048
2025-03-19,-0.001732003101842793
2025-03-20,-0.0009812992467098504
2025-03-21,-0.002020360701475722
2025-03-24,-0.0034633145110936963
2025-03-25,0.0002513179683780601
2025-03-26,0.0013010369208793014
2025-03-27,-0.004443814179969571
2025-03-28,0.0047738752590576325
2025-03-31,-0.002920027214889639
2025-04-01,0.002361994969283826
2025-04-02,0.00011422402609371194
2025-04-03,0.011040853357672279
2025-04-04,0.004183919713148304
2025-04-07,-0.004681124622617466
2025-04-08,0.005165837498058242
2025-04-09,-0.006793241015094157
2025-04-10,-0.00031743256806491616
2025-04-11,-0.0039377612976862
2025-04-14,0.00018068848801665517
2025-04-15,-0.003598939535839928
2025-04-16,-0.00012820359720080017
2025-04-17,-0.0004384405826046098
2025-04-21,0.0008551230645591448
2025-04-22,0.0010780518653553276
2025-04-23,-0.0028890183721976335
2025-04-24,-0.005978172514122832
2025-04-25,-0.0006994059826061671
2025-04-28,-0.004024438181648324
2025-04-29,0.0003539913550720863
2025-04-30,-0.000450698802413757
2025-05-01,0.005440994626292183
2025-05-02,0.001758208149682142
2025-05-05,-0.0022191836672548738
2025-05-06,-0.017048084967144665
2025-05-07,-0.004472862784969249
2025-05-08,-0.00963913034978969
2025-05-09,-0.003910934930987843
2025-05-12,0.001323771958069418
2025-05-13,0.0012084349572906682
2025-05-14,-0.010379975250487963
2025-05-15,-0.009787310569291425
2025-05-16,0.0011456458413615928
2025-05-19,-0.0032143630152925307
2025-05-20,-0.007887945778779623
2025-05-21,-0.004225901526490613
2025-05-22,0.006806936581778814
2025-05-23,0.003365852532697156
2025-05-27,0.007046240225531808
2025-05-28,-0.0043649900453232296
2025-05-29,-0.002282147158282678
2025-05-30,0.010642950513535508
2025-06-02,0.016097349522014137
2025-06-03,-0.0015823365463261063
2025-06-04,-0.0017019277750085552
2025-06-05,0.017376042163621142
2025-06-06,0.0037450880460725617
2025-06-09,-0.0017970589921352123
2025-06-10,0.006021376015685915
2025-06-11,-0.008867387484536337
2025-06-12,0.006092220080089894
2025-06-13,0.006681692952469218
2025-06-16,-0.01022630233227046
2025-06-17,-0.000802914387330551
2025-06-18,-0.013218199658516065
2025-06-20,-0.00014271863974850223
2025-06-23,-0.00013420885366254406
2025-06-24,-0.018321168131312033
2025-06-25,-0.009036048323881959
2025-06-26,-0.0015450423391845836
2025-06-27,-0.0064966074635176875
2025-06-30,-0.0008709086069209266
2025-07-01,0.00232406898272958
2025-07-02,-0.0046472806644107046
2025-07-03,-0.003901606268589927
2025-07-07,0.0012267260255326953
2025-07-08,0.0034671783965033332
2025-07-09,-0.0010368905124386535
2025-07-10,-0.006105547002310429
2025-07-11,-0.006401251473225691
2025-07-14,0.003577472315902037
2025-07-15,-0.0005226610382162006
2025-07-16,0.00018703555899053396
2025-07-17,0.0038169042623232463
2025-07-18,-0.00760848207986159
2025-07-21,0.009934776161451301
2025-07-22,-0.005263782107106537
2025-07-23,0.0008051724538060461
2025-07-24,0.003829660952493272
2025-07-25,0.0009875302999333702
2025-07-28,0.003296453389526678
2025-07-29,-0.0005793289474002229
2025-07-30,0.014103779408977338
2025-07-31,-0.004428300652909801
2025-08-01,-0.004277410538743591
2025-08-04,-0.005721352518821526
2025-08-05,0.0012907900510243102
2025-08-06,-0.0008531166255432821
2025-08-07,0.0027976861412152406
2025-08-08,0.0008832264630989754
2025-08-11,-0.0027090673594669453
2025-08-12,-0.006590263016479227
2025-08-13,0.0013070363930902575
2025-08-14,0.0002945832413859665
2025-08-15,0.010385826761946557
2025-08-18,0.005190564635504097
2025-08-19,-0.008681841037270302
2025-08-20,-0.0011030334147550593
2025-08-21,-0.00028886438171133735
2025-08-22,-3.62642796779849e-05
2025-08-25,-0.0004415669471011647
2025-08-26,0.000630151732922192
2025-08-27,-0.003429448417475143
2025-08-28,-0.000964381195687154
2025-08-29,0.0010563182845508335
2025-09-02,0.0013407526845450257
2025-09-03,-0.0005294936894006222
2025-09-04,-0.0006868544350982634
2025-09-05,0.013146846525680362
2025-09-08,0.012703271846325215
2025-09-09,-0.0029611179112951714
2025-09-10,-0.0047971083239111995
2025-09-11,-0.007270240118259271
2025-09-12,-0.0005864535061373915
2025-09-15,0.006019530180076043
2025-09-16,0.004117854743194953
2025-09-17,-0.004382528202949265
2025-09-18,0.0005414208300067719
2025-09-19,0.0006797532757905396
2025-09-22,0.00247416038312786
2025-09-23,-0.002043973529560135
2025-09-24,-0.011698116820438453
2025-09-25,-0.0007070830263358835
2025-09-26,0.001590270836825311
2025-09-29,0.00045099732027829284
2025-09-30,0.001773551703478678
2025-10-01,-0.0013044483165517028
2025-10-02,-0.000191035805802327
2025-10-03,-0.008778352879946782
2025-10-06,-0.002651098654588477
2025-10-07,0.002778575578037478
2025-10-08,-0.003176180113070702
2025-10-09,0.0007583944823152538
2025-10-10,0.0033591544876640073
2025-10-13,0.00018539019681521434
2025-10-14,-0.005401081669678295
2025-10-15,-0.00024338706355962072
2025-10-16,0.0023454137669694747
2025-10-17,0.001566910151256119
2025-10-20,-0.004044261280380954
2025-10-21,0.0051089142163903405
2025-10-22,0.0001124582412578542
2025-10-23,0.005156384940865779
2025-10-24,-0.0003570083169989224
2025-10-27,-0.0009355735733550164
2025-10-28,-0.007490083100754501
2025-10-29,-0.0009345765991754498
2025-10-30,0.0035677216178144297
2025-10-31,0.0024854180370235137
2025-11-03,0.00193946819807182
2025-11-04,-0.011363500066960349
2025-11-05,0.021106174761702404
2025-11-06,-0.00323861245724484
2025-11-07,0.009110060646638989
2025-11-10,-0.0028304303940317687
2025-11-11,-0.004122016726403234
2025-11-12,-0.008224024875433812
2025-11-13,-0.003452474127505905
2025-11-14,0.005455730311015891
2025-11-17,-0.015237770246654249
2025-11-18,0.0016774499593069597
2025-11-19,0.010784088212729291
2025-11-20,0.011449504988771314
2025-11-21,0.0025059916354227218
2025-11-24,-0.007796492029072696
2025-11-25,0.010153557534426604
2025-11-26,-0.003959377543844872
2025-11-28,0.003330756857683364
2025-12-01,0.009915809736928734
2025-12-02,0.00751073562621956
2025-12-03,0.011611224072088346
2025-12-04,-0.0010605405970035807
2025-12-05,-0.006784965187645766
2025-12-08,-0.0016406396550397318
2025-12-09,0.0017198587720695414
2025-12-10,0.0031167354680854517
2025-12-11,0.0028631848789270327
2025-12-12,-0.0033679293870477484
2025-12-15,0.0086621682785741
2025-12-16,-0.0018834729187669754
2025-12-17,0.003368158893976136
2025-12-18,-0.005809823711750549
2025-12-19,0.0002663000422538446
2025-12-22,-0.0004486332571887921
2025-12-23,0.0010118650564904122
2025-12-24,0.003449655791237145
2025-12-26,-0.004178234228377139
2025-12-29,0.0046261146548376856
2025-12-30,0.001885229931869831
2025-12-31,0.006042920778908674
2026-01-02,0.005575288038197937
2026-01-05,2.101199457664014e-05
2026-01-06,0.0007680859902724988
2026-01-07,-0.0017210637830563024
2026-01-08,-0.002535600449577699
2026-01-09,-0.0025166134290570165
2026-01-12,0.0033547696460491465
2026-01-13,0.009922149743734884
2026-01-14,-0.005892609646876618
2026-01-15,-0.008241966951039134
2026-01-16,-0.0015808805252264012
2026-01-20,0.0001758152809775922
2026-01-21,-0.0007616160050727611
2026-01-22,-0.0005795999607649744
2026-01-23,0.000573371635188335
2026-01-26,-0.002070549760097096
2026-01-27,-0.00719131861199541
2026-01-28,-0.0022000749266499007
2026-01-29,0.003890934054968552
2026-01-30,-0.01639178303858236
2026-02-02,-0.009582794856827512
2026-02-03,-0.010200659099051516
2026-02-04,-0.0071630878164756885
2026-02-05,0.0027145657498473547
2026-02-06,0.01799502321461975
2026-02-09,-0.008207663865098096
2026-02-10,-0.00449170773456582
2026-02-11,-0.00409566518894986
2026-02-12,0.012439939244066835
2026-02-13,-0.011589162305039638
2026-02-17,0.00014127449375434903
2026-02-18,0.0004718816819987555
2026-02-19,0.0032739240596647884
2026-02-20,-0.0025576172605371685
2026-02-23,0.017160351845513292
2026-02-24,-0.002649115056397336
2026-02-25,-0.0016665188787714385
2026-02-26,-0.0005095059346027574
2026-02-27,0.005997574563714367
2026-03-02,-0.00394042734121629
2026-03-03,-0.009133338019623276
2026-03-04,0.0067226027799695215
2026-03-05,-0.0011383606688148591
2026-03-06,0.010528214225485921
2026-03-09,-0.004635373769165198
2026-03-10,-0.0025067823786407563
2026-03-11,-0.000811133286917615
2026-03-12,-0.014578542644246838
2026-03-13,-0.002512591909252131
2026-03-16,-0.01048312436637305
2026-03-17,-0.004532125993878122
2026-03-18,-0.005454984454160787
2026-03-19,0.0023380049258245965
2026-03-20,0.0037971775358793384
2026-03-23,0.0019081301980369422
2026-03-24,-0.004693970784277061
2026-03-25,-0.002438230500437629
2026-03-26,-0.0005610227122010352
2026-03-27,-0.0024964833955868223
2026-03-30,0.00456878116725997
2026-03-31,-0.0030256837313268666
2026-04-01,0.002417038048507477
2026-04-02,-0.004351059410324007
2026-04-06,0.014877753872990136
2026-04-07,-0.022758276925023493
2026-04-08,0.006079485340683513
2026-04-09,0.006032293286413766
2026-04-10,-0.004729116110265328
2026-04-13,-0.004058892383701888
2026-04-14,-0.007028352599350224
2026-04-15,-0.004020224370749847
2026-04-16,-0.0022202437957155497
2026-04-17,0.00027680913732086923
2026-04-20,0.0015938293050097195
2026-04-21,0.0032234784166906886
2026-04-22,-0.0037970704234953313
2026-04-23,0.0004054189087899356
2026-04-24,0.005789385187917194
2026-04-27,0.002217657584825717
2026-04-28,-0.01640331819803779
2026-04-29,-0.008624824245429869
2026-04-30,0.0037400903477457135
2026-05-01,0.0013244060649384446
2026-05-04,0.0038118371679079508
2026-05-05,-0.0009650192577466981
2026-05-06,-0.01045023650648633
2026-05-07,0.008235230950691085
2026-05-08,0.0038890109199489434
2026-05-11,-0.006335288532794626
2026-05-12,-0.008789769057710225
2026-05-13,0.005142797787367255
2026-05-14,0.0021565474807623526
2026-05-15,0.002627176230147554
2026-05-18,0.006506712397171936
2026-05-19,-0.005682654317992598
2026-05-20,-0.002247661511779642
2026-05-21,0.0005840870740455024
2026-05-22,-0.0018184219944259341
2026-05-26,-0.0014433987783725897
2026-05-27,0.002527825620611623
2026-05-28,-0.011867595839151908
2026-05-29,0.0013856063012650467
2026-06-01,-0.005077951804669604
2026-06-02,0.0063790865582521086
2026-06-03,-0.002246241489560876
2026-06-04,0.0002721992394124419
2026-06-05,-0.0020354347158115316
2026-06-08,-0.0013877947472052735
2026-06-09,0.0024171341994479525
2026-06-10,0.000768496225934715
2026-06-11,-0.006133220380434042
2026-06-12,-0.0015038536370112435
2026-06-15,-0.00514779277652877
2026-06-16,-0.009110699533117717
2026-06-17,-0.015274760327303304
2026-06-18,1.7399034866619709e-06
2026-06-22,-0.0007295582792090121
2026-06-23,0.005142222799947942
2026-06-24,-0.002952988620295344
2026-06-25,0.002394598761037345
2026-06-26,0.003757177100334249
2026-06-29,0.0011253886129379373
2026-06-30,5.859848169413994e-05
2026-07-01,0.001482169870467082
2026-07-02,0.0011876233519901157
2026-07-06,-6.0782804205928544e-05
2026-07-07,-0.006584375944902948
2026-07-08,-0.0020231138438262138
2026-07-09,0.0060369655381454935
2026-07-10,-0.014010938855734208
2026-07-13,1.4247975838606047e-05
2026-07-14,0.0017082674036205195
2026-07-15,-0.0009150068452766859
2026-07-16,-0.011614095663624332
2026-07-17,-0.0012514558234916348
2026-07-20,-9.687657065516582e-05
2026-07-21,0.0021443831942425484
2026-07-22,-0.00035439421523020254
2026-07-23,-0.0018228434935590356
2026-07-24,-0.006438555156781669
2026-07-27,-0.0031013861939339664
2026-07-28,-0.0009275344970321735
2026-07-29,-0.00010502248118905986
2026-07-30,-0.010034292796716936
2026-07-31,-0.0011724657110772521
2026-08-03,0.0038037343641297953
2026-08-04,-9.185972450132454e-05
2026-08-05,0.0
2026-08-06,0.0
2026-08-07,0.0
2026-08-10,0.0
2026-08-11,0.0
2026-08-12,0.0
2026-08-13,0.0
2026-08-14,0.0
2026-08-17,0.0
2026-08-18,0.001201507139148277
2026-08-19,0.0063054798735223795
2026-08-20,-0.0010777375400368141
2026-08-21,-0.004899697228132163
2026-08-24,-0.002879582567112222
2026-08-25,-0.011177103075110717
2026-08-26,0.01899447276183129
2026-08-27,0.010865431652640221
2026-08-28,0.005908992129159817
2026-08-31,0.004368225350743812
2026-09-01,-0.008513572670380725
2026-09-02,-0.008676006771131003
2026-09-03,-0.004635410982629761
2026-09-04,6.905829108158936e-05
2026-09-08,0.0036841734424313856
2026-09-09,0.0016476676387014583
2026-09-10,0.004321079284490267
2026-09-11,-9.964851704714431e-05
2026-09-14,0.010235881164204118
2026-09-15,-0.0015030626045760744
2026-09-16,-0.0004184540284754394
2026-09-17,-0.004251090776266001
2026-09-18,0.0010855944359603647
2026-09-21,0.006737288763567812
2026-09-22,-0.00840201951600185
2026-09-23,-0.005072979855348483
2026-09-24,0.005280128355920049
2026-09-25,0.0035538498379124226
2026-09-28,0.0023876286252972165
2026-09-29,-0.0022643886602520787
2026-09-30,0.005143927357838908
