ceo_id,n,pnl,hit
arora,12,-0.010555619266620906,0.25
bancel,18,-0.05179840534472792,0.5
bastian,30,0.00592806069419324,0.5
chesky,26,-0.005126133652403556,0.5384615384615384
dell,18,-0.014798704055199584,0.5
ek,7,-0.04160968704166153,0.42857142857142855
fink,45,-0.04094226596503756,0.4888888888888889
green,6,-0.02262273297252666,0.3333333333333333
kurtz,12,0.10448257133946609,0.4166666666666667
lawson,15,-0.02085210737606714,0.4
mcdermott,8,0.024853704005726302,0.875
narayen,15,-0.05173292214705128,0.5333333333333333
niccol_cmg,4,-0.07508234616052394,0.25
prince,11,0.023594711420916015,0.36363636363636365
robbins,26,0.125123286567689,0.5769230769230769
schulman,14,0.09707504921043715,0.5
spiegel,18,0.04522867865957683,0.6111111111111112
tenev,8,0.022681541250649605,0.625
xu,5,0.015741329497867006,1.0
