event,target_month,release_date,crowd_median,crowd_mean,crowd_median_label_scale,nowcast,nowcast_vintage,actual,d,err_nowcast,zn_ret_0800_1000_bp,position,trade_gross_bp,trade_net_bp,n_strikes_traded,n_monotone_fixes,p_lowest,p_highest,last_trade_newest_h,last_trade_oldest_h,zn_0809_volume_ratio,ladder,strikes,used
CPICORE-22JUN,2022-06,2022-07-13,0.5351,0.5340,0.4851,0.4878,2022-07-12,0.7000,0.0473,0.2122,-50.0263,-1.0000,50.0263,46.9407,9,0,0.9515,0.0200,8.2000,165.8856,2.6304,ok,0.1:0.95 0.2:0.94 0.3:0.91 0.4:0.78 0.5:0.45 0.6:0.20 0.7:0.05 0.8:0.03 0.9:0.02,True
CPICORE-22JUL,2022-07,2022-08-10,0.5984,0.5861,0.5484,0.4800,2022-08-09,0.3000,0.1185,-0.1800,67.9916,-1.0000,-67.9916,-71.0772,8,0,0.9900,0.0400,8.2890,17.4185,2.8049,ok,0.1:0.99 0.2:0.97 0.3:0.94 0.4:0.81 0.5:0.64 0.6:0.35 0.7:0.12 0.8:0.04,True
CPICORE-22AUG,2022-08,2022-09-13,0.3192,0.3300,0.2692,0.4799,2022-09-12,0.6000,-0.1607,0.1201,-98.2900,1.0000,-98.2900,-101.3756,9,0,0.9500,0.0100,8.4113,135.6176,3.2687,ok,0:0.95 0.1:0.86 0.2:0.68 0.3:0.42 0.4:0.22 0.5:0.12 0.6:0.03 0.7:0.01 0.8:0.01,True
CPICORE-22SEP,2022-09,2022-10-13,0.4808,0.4900,0.4308,0.5119,2022-10-12,0.6000,-0.0311,0.0881,-89.5481,1.0000,-89.5481,-92.6336,9,0,0.9800,0.0200,8.2466,44.7911,3.3614,ok,0:0.98 0.1:0.96 0.2:0.92 0.3:0.78 0.4:0.58 0.5:0.32 0.6:0.22 0.7:0.12 0.8:0.02,True
CPICORE-22OCT,2022-10,2022-11-10,0.4611,0.4690,0.4111,0.5386,2022-11-09,0.3000,-0.0775,-0.2386,148.3260,1.0000,148.3260,145.2404,9,0,0.9900,0.0400,7.9679,640.6611,4.2054,ok,0:0.99 0.1:0.99 0.2:0.95 0.3:0.85 0.4:0.54 0.5:0.18 0.6:0.09 0.7:0.06 0.8:0.04,True
CPICORE-22NOV,2022-11,2022-12-13,0.3357,0.3490,0.2857,0.5110,2022-12-12,0.2000,-0.1753,-0.3110,108.2340,1.0000,108.2340,105.1484,9,3,0.9800,0.0100,7.9985,790.2783,3.9141,ok,0:0.98 0.1:0.93 0.2:0.74 0.3:0.46 0.4:0.20 0.5:0.04 0.6:0.02 0.7:0.11 0.8:0.01,True
CPICORE-22DEC,2022-12,2023-01-12,0.2199,0.2363,0.1699,0.4840,2023-01-11,0.3000,-0.2641,-0.1840,-5.4526,1.0000,-5.4526,-8.5381,8,2,0.9200,0.0150,8.6775,138.0587,4.6547,ok,0:0.92 0.1:0.75 0.2:0.39 0.3:0.18 0.4:0.06 0.5:0.03 0.6:0.01 0.7:0.02,True
CPICORE-23JAN,2023-01,2023-02-14,0.3840,0.3916,0.3340,0.4634,2023-02-13,0.4000,-0.0794,-0.0634,-46.9938,1.0000,-46.9938,-50.0794,8,0,0.9900,0.0263,10.1480,83.4441,3.2863,ok,0:0.99 0.1:0.98 0.2:0.91 0.3:0.66 0.4:0.19 0.5:0.10 0.6:0.06 0.7:0.03,True
CPICORE-23FEB,2023-02,2023-03-14,0.3974,0.5593,0.3474,0.4510,2023-03-13,0.5000,-0.0536,0.0490,-26.1025,1.0000,-26.1025,-29.1881,11,6,0.9900,0.0100,8.4034,1894.8948,2.2035,ok,-0.2:0.99 0:0.93 0.1:0.97 0.2:0.95 0.3:0.68 0.4:0.30 0.5:0.09 0.7:0.03 1:0.45 1.1:0.45 1.2:0.01,True
CPICORE-23MAR,2023-03,2023-04-12,0.4383,0.5996,0.3883,0.4493,2023-04-11,0.4000,-0.0110,-0.0493,40.6394,1.0000,40.6394,37.5538,11,10,0.8776,0.2850,8.4407,2590.8849,2.1894,ok,-0.2:0.55 0:0.99 0.1:0.97 0.2:0.94 0.3:0.94 0.4:0.45 0.5:0.06 0.6:0.01 1:0.45 1.1:0.45 1.2:0.45,True
CPICORE-23APR,2023-04,2023-05-10,0.3934,0.2294,0.3434,0.4554,2023-05-09,0.4000,-0.0619,-0.0554,40.6725,1.0000,40.6725,37.5869,14,12,0.6997,0.0186,8.3417,3262.8728,1.8477,ok,-0.3:0.01 -0.2:0.55 0:0.98 0.1:0.98 0.2:0.94 0.3:0.74 0.4:0.24 0.5:0.02 0.6:0.01 0.7:0.05 0.8:0.02 0.9:0.01 1:0.01 1.1:0.03,True
CPICORE-23MAY,2023-05,2023-06-13,0.3912,0.4372,0.3412,0.4501,2023-06-12,0.4000,-0.0589,-0.0501,-27.5141,1.0000,-27.5141,-30.5997,12,11,0.7737,0.2575,8.2362,4078.8650,2.3081,ok,-0.3:0.55 -0.2:0.55 0:0.87 0.1:0.96 0.2:0.94 0.3:0.67 0.4:0.11 0.5:0.03 0.6:0.05 0.9:0.45 1:0.45 1.1:0.45,True
CPICORE-23JUN,2023-06,2023-07-12,0.1976,0.2080,0.1476,0.4336,2023-07-11,0.2000,-0.2360,-0.2336,39.2157,1.0000,39.2157,36.1301,11,5,0.9750,0.0167,8.0035,2995.2239,3.0602,ok,-0.3:0.97 -0.1:0.98 0:0.95 0.1:0.70 0.2:0.28 0.3:0.08 0.4:0.02 0.5:0.02 0.9:0.01 1:0.01 1.1:0.03,True
CPICORE-23JUL,2023-07,2023-08-10,0.1554,0.1700,0.1054,0.3964,2023-08-09,0.2000,-0.2410,-0.1964,7.0097,1.0000,7.0097,3.9241,12,6,0.9733,0.0100,8.4208,3691.2487,2.2479,ok,-0.3:0.97 -0.2:0.97 -0.1:0.98 0:0.91 0.1:0.52 0.2:0.09 0.3:0.02 0.5:0.02 0.6:0.09 0.9:0.01 1:0.01 1.1:0.01,True
CPICORE-23AUG,2023-08,2023-09-13,0.2437,0.4044,0.1937,0.3839,2023-09-12,0.3000,-0.1402,-0.0839,19.9572,1.0000,19.9572,16.8716,7,3,0.9800,0.3567,8.1266,791.9100,3.6171,ok,-0.3:0.98 0:0.95 0.1:0.93 0.2:0.47 0.3:0.08 0.4:0.04 0.7:0.95,True
CPICORE-23SEP,2023-09,2023-10-12,0.2859,0.2938,0.2359,0.3587,2023-10-11,0.3000,-0.0728,-0.0587,-54.8974,1.0000,-54.8974,-57.9830,12,9,0.9900,0.0580,8.6513,575.8239,2.5712,ok,-0.3:0.99 -0.2:0.85 -0.1:0.95 0:0.97 0.1:0.94 0.2:0.64 0.3:0.25 0.4:0.05 0.5:0.01 0.7:0.09 0.8:0.07 0.9:0.07,True
CPICORE-23OCT,2023-10,2023-11-14,0.3018,0.2963,0.2518,0.3379,2023-11-13,0.2000,-0.0360,-0.1379,110.4651,1.0000,110.4651,107.3795,6,0,0.9900,0.0100,8.3360,1053.9430,3.6806,ok,-0.2:0.99 0.1:0.97 0.2:0.83 0.3:0.19 0.4:0.01 0.5:0.01,True
CPICORE-23NOV,2023-11,2023-12-12,0.2976,0.2575,0.2476,0.3290,2023-12-11,0.3000,-0.0314,-0.0290,-25.4237,1.0000,-25.4237,-28.5093,8,2,0.9900,0.0100,8.1664,671.1821,2.3065,ok,-0.3:0.99 -0.2:0.99 0:0.70 0.1:0.96 0.2:0.74 0.3:0.24 0.4:0.04 0.5:0.01,True
CPICORE-23DEC,2023-12,2024-01-11,0.2648,0.2590,0.2148,0.3269,2024-01-10,0.3000,-0.0621,-0.0269,-19.5068,1.0000,-19.5068,-22.5923,3,0,0.9700,0.0400,9.7694,12.8046,3.4000,ok,0.1:0.97 0.2:0.58 0.3:0.04,True
CPICORE-24JAN,2024-01,2024-02-13,0.2800,0.2796,0.2300,0.3202,2024-02-12,0.4000,-0.0402,0.0798,-73.3531,1.0000,-73.3531,-76.4387,4,0,0.9329,0.0400,13.4833,88.2128,3.8162,ok,0.1:0.93 0.2:0.63 0.3:0.19 0.4:0.04,True
CPICORE-24FEB,2024-02,2024-03-12,0.3138,0.3171,0.2638,0.3173,2024-03-11,0.4000,-0.0036,0.0827,-34.9895,1.0000,-34.9895,-38.0751,5,0,0.9632,0.0675,9.6713,12.8527,2.5199,ok,0:0.96 0.1:0.95 0.2:0.94 0.3:0.25 0.4:0.07,True
CPICORE-24MAR,2024-03,2024-04-10,0.2856,0.2904,0.2356,0.3082,2024-04-09,0.4000,-0.0227,0.0918,-108.1697,1.0000,-108.1697,-111.2552,6,2,0.9600,0.0300,7.9572,479.2091,4.3882,ok,0:0.95 0.1:0.97 0.2:0.70 0.3:0.13 0.4:0.07 0.6:0.03,True
CPICORE-24APR,2024-04,2024-05-15,0.3092,0.3160,0.2592,0.3111,2024-05-14,0.3000,-0.0019,-0.0111,18.5874,1.0000,18.5874,15.5018,6,0,0.9700,0.0200,8.0891,835.2588,3.1115,ok,0.1:0.97 0.2:0.79 0.3:0.30 0.4:0.04 0.5:0.04 0.6:0.02,True
CPICORE-24MAY,2024-05,2024-06-12,0.2733,0.2790,0.2233,0.2964,2024-06-11,0.2000,-0.0232,-0.0964,85.5432,1.0000,85.5432,82.4576,4,0,0.9700,0.0500,8.2236,202.6547,3.0447,ok,0.1:0.97 0.2:0.60 0.3:0.17 0.4:0.05,True
CPICORE-24JUN,2024-06,2024-07-11,0.1859,0.1951,0.1359,0.2799,2024-07-10,0.1000,-0.0941,-0.1799,73.5606,1.0000,73.5606,70.4750,7,0,0.9700,0.0100,9.6629,177.1093,3.6262,ok,0:0.97 0.1:0.65 0.2:0.23 0.3:0.07 0.4:0.01 0.5:0.01 0.6:0.01,True
CPICORE-24JUL,2024-07,2024-08-14,0.1841,0.1930,0.1341,0.2691,2024-08-13,0.2000,-0.0850,-0.0691,2.7469,1.0000,2.7469,-0.3387,6,0,0.9298,0.0100,9.5839,282.5405,1.7375,ok,0:0.93 0.1:0.65 0.2:0.21 0.4:0.01 0.5:0.01 0.6:0.01,True
CPICORE-24AUG,2024-08,2024-09-11,0.2108,0.2300,0.1608,0.2639,2024-09-10,0.3000,-0.0532,0.0361,-18.9189,1.0000,-18.9189,-22.0045,6,0,0.9900,0.0100,13.4925,420.3029,3.1646,ok,0:0.99 0.1:0.81 0.2:0.30 0.4:0.02 0.5:0.01 0.6:0.01,True
CPICORE-24SEP,2024-09,2024-10-10,0.2700,0.2595,0.2200,0.2682,2024-10-09,0.3000,0.0018,0.0318,13.9528,-1.0000,-13.9528,-17.0384,6,0,0.9100,0.0100,10.4419,695.2247,2.9544,ok,0:0.91 0.1:0.86 0.2:0.59 0.3:0.14 0.5:0.01 0.6:0.01,True
CPICORE-24OCT,2024-10,2024-11-13,0.2827,0.2840,0.2327,0.2676,2024-11-12,0.3000,0.0151,0.0324,21.4102,-1.0000,-21.4102,-24.4958,7,0,0.9900,0.0100,7.3293,642.2402,2.4929,ok,0:0.99 0.1:0.97 0.2:0.68 0.3:0.13 0.4:0.05 0.5:0.01 0.6:0.01,True
KXCPICORE-24NOV,2024-11,2024-12-11,0.2951,0.2940,0.2451,0.2710,2024-12-10,0.3000,0.0241,0.0290,25.3807,-1.0000,-25.3807,-28.4663,7,0,0.9900,0.0100,6.8913,616.9879,2.2503,ok,0:0.99 0.1:0.93 0.2:0.73 0.3:0.22 0.4:0.05 0.5:0.01 0.6:0.01,True
KXCPICORE-24DEC,2024-12,2025-01-15,0.2850,0.2800,0.2350,0.2710,2025-01-14,0.2000,0.0141,-0.0710,72.6533,-1.0000,-72.6533,-75.7389,4,0,0.9900,0.1100,5.7467,183.5035,4.2947,ok,0:0.99 0.1:0.99 0.2:0.71 0.3:0.11,True
KXCPICORE-25JAN,2025-01,2025-02-12,0.3140,0.3160,0.2640,0.2668,2025-02-11,0.4000,0.0472,0.1332,-64.5717,-1.0000,64.5717,61.4861,4,0,0.9900,0.0300,5.2562,15.0301,2.9108,ok,0.1:0.99 0.2:0.82 0.3:0.32 0.4:0.03,True
KXCPICORE-25FEB,2025-02,2025-03-12,0.3118,0.3080,0.2618,0.2703,2025-03-11,0.2000,0.0415,-0.0703,-2.8233,-1.0000,2.8233,-0.2623,6,2,0.9550,0.0100,5.3285,32.1953,2.7343,ok,0:0.95 0.1:0.96 0.2:0.84 0.3:0.29 0.4:0.03 0.5:0.01,True
KXCPICORE-25MAR,2025-03,2025-04-10,0.2543,0.2510,0.2043,0.2583,2025-04-09,0.1000,-0.0041,-0.1583,4.2176,1.0000,4.2176,1.1320,4,2,0.9700,0.0500,5.2988,15.4398,1.8429,ok,0:0.95 0.1:0.99 0.2:0.52 0.3:0.05,True
KXCPICORE-25APR,2025-04,2025-05-13,0.2840,0.3140,0.2340,0.2312,2025-05-12,0.2000,0.0528,-0.0312,-9.9192,-1.0000,9.9192,6.8336,6,3,0.8800,0.0800,6.1994,524.3719,1.9845,ok,0.1:0.88 0.2:0.67 0.3:0.16 0.4:0.05 0.5:0.30 0.6:0.08,True
KXCPICORE-25MAY,2025-05,2025-06-11,0.2853,0.2856,0.2353,0.2289,2025-06-10,0.1000,0.0564,-0.1289,38.3359,-1.0000,-38.3359,-41.4215,6,0,0.9700,0.0100,7.4543,164.6040,4.0863,ok,0:0.97 0.1:0.96 0.2:0.62 0.3:0.28 0.4:0.02 0.5:0.01,True
KXCPICORE-25JUN,2025-06,2025-07-15,0.2074,0.2068,0.1574,0.2278,2025-07-14,0.2000,-0.0203,-0.0278,-8.4686,1.0000,-8.4686,-11.5542,5,2,0.8680,0.0650,5.4409,21.5217,2.5118,ok,0:0.87 0.1:0.77 0.2:0.30 0.3:0.05 0.4:0.08,True
KXCPICORE-25JUL,2025-07,2025-08-12,0.3160,0.3159,0.2660,0.2392,2025-08-11,0.3000,0.0768,0.0608,-6.9911,-1.0000,6.9911,3.9055,5,2,0.9700,0.0489,0.0580,7.7228,3.0290,ok,0:0.95 0.1:0.99 0.2:0.85 0.3:0.32 0.4:0.05,True
KXCPICORE-25AUG,2025-08,2025-09-11,0.3053,0.3080,0.2553,0.2506,2025-09-10,0.3000,0.0547,0.0494,27.5558,-1.0000,-27.5558,-30.6414,4,0,0.9800,0.0500,0.5805,81.6655,4.0404,ok,0.1:0.98 0.2:0.76 0.3:0.29 0.4:0.05,True
KXCPICORE-25SEP,2025-09,2025-10-24,0.2946,0.2809,0.2446,0.2558,2025-10-23,0.2000,0.0388,-0.0558,1.3785,-1.0000,-1.3785,-4.4641,6,0,0.9700,0.0100,215.8035,226.3817,3.4499,ok,-0.1:0.97 0:0.97 0.1:0.91 0.2:0.71 0.3:0.24 0.4:0.01,True
KXCPICORE-25NOV,2025-11,2025-12-18,0.2268,0.2410,0.1768,0.2473,2025-12-17,0.2000,-0.0205,-0.0473,6.9339,1.0000,6.9339,3.8483,4,0,0.9900,0.1200,0.5570,545.3541,3.0244,ok,0:0.99 0.1:0.93 0.2:0.37 0.3:0.12,True
KXCPICORE-25DECT,2025-12,2026-01-13,0.3289,0.3310,0.2789,0.2158,2026-01-12,0.2000,0.1132,-0.0158,15.3310,-1.0000,-15.3310,-18.4166,6,2,0.9850,0.0300,0.0052,16.3300,3.6312,ok,0:0.98 0.1:0.99 0.2:0.80 0.3:0.42 0.4:0.09 0.5:0.03,True
KXCPICORE-26JAN,2026-01,2026-02-13,0.3108,0.3111,0.2608,0.2182,2026-02-12,0.3000,0.0926,0.0818,27.6932,-1.0000,-27.6932,-30.7787,6,2,0.9607,0.0200,0.0662,8.4347,3.1703,ok,0:0.95 0.1:0.97 0.2:0.81 0.3:0.30 0.4:0.06 0.5:0.02,True
KXCPICORE-26FEB,2026-02,2026-03-11,0.2333,0.2490,0.1833,0.2070,2026-03-10,0.2000,0.0263,-0.0070,-5.5710,-1.0000,5.5710,2.4854,6,0,0.9703,0.0400,0.0302,72.8431,1.4148,ok,0:0.97 0.1:0.95 0.2:0.41 0.3:0.06 0.4:0.06 0.5:0.04,True
KXCPICORE-26MAR,2026-03,2026-04-10,0.2549,0.2721,0.2049,0.2038,2026-04-09,0.2000,0.0511,-0.0038,-12.6369,-1.0000,12.6369,9.5513,8,3,0.9900,0.0467,0.0674,80.4702,1.1881,ok,0:0.99 0.1:0.91 0.2:0.52 0.3:0.11 0.4:0.05 0.5:0.02 0.6:0.07 0.7:0.05,True
KXCPICORE-26APR,2026-04,2026-05-12,0.3606,0.3860,0.3106,0.2144,2026-05-11,0.4000,0.1463,0.1856,-14.1764,-1.0000,14.1764,11.0908,16,11,0.9900,0.0167,0.0247,126.2292,1.8167,ok,0:0.99 0.1:0.98 0.2:0.94 0.3:0.55 0.4:0.08 0.5:0.02 0.6:0.01 0.7:0.03 0.8:0.03 0.9:0.03 1:0.05 1.1:0.05 1.2:0.05 1.3:0.01 1.4:0.01 1.5:0.03,True
KXCPICORE-26MAY,2026-05,2026-06-10,0.2341,0.2570,0.1841,0.2259,2026-06-09,0.2000,0.0082,-0.0259,12.8884,-1.0000,-12.8884,-15.9740,11,7,0.9800,0.0357,0.0248,670.3946,2.2492,ok,0:0.98 0.1:0.87 0.2:0.43 0.3:0.04 0.4:0.02 0.5:0.02 0.6:0.04 0.7:0.03 0.8:0.05 0.9:0.05 1:0.04,True
KXCPICORE-26JUN,2026-06,2026-07-14,0.2202,0.2350,0.1702,0.2323,2026-07-13,0.0000,-0.0121,-0.2323,30.1767,1.0000,30.1767,27.0912,11,7,0.9900,0.0143,0.0279,1317.7885,4.5655,ok,0:0.99 0.1:0.90 0.2:0.33 0.3:0.03 0.4:0.01 0.5:0.01 0.6:0.01 0.7:0.01 0.8:0.01 0.9:0.01 1:0.04,True
KXCPICORE-26JUL,2026-07,2026-08-12,0.1896,0.2080,0.1396,0.2114,2026-08-11,0.2000,-0.0218,-0.0114,1.4380,1.0000,1.4380,-1.6476,11,7,0.9400,0.0260,0.1097,1663.5359,2.8263,ok,0:0.94 0.1:0.69 0.2:0.21 0.3:0.04 0.4:0.02 0.5:0.05 0.6:0.02 0.7:0.01 0.8:0.01 0.9:0.01 1:0.08,True
KXCPICORE-26AUG,2026-08,2026-09-11,0.2086,0.2340,0.1586,0.2033,2026-09-10,0.3000,0.0053,0.0967,16.1646,-1.0000,-16.1646,-19.2502,11,7,0.9900,0.0200,0.1009,2187.3340,3.1251,ok,0:0.99 0.1:0.84 0.2:0.26 0.3:0.02 0.4:0.04 0.5:0.02 0.6:0.04 0.7:0.03 0.8:0.04 0.9:0.04 1:0.02,True
